id,name,cluster,x,y
UZ-1,UZ-1.jpg,4,2.780235767364502,2.696692943572998
UZ-2,UZ-2.jpg,4,4.447065830230713,3.405590057373047
UZ-3,UZ-3.jpg,7,7.255148410797119,-0.9911547899246216
UZ-4,UZ-4.jpg,11,-1.5980678796768188,-3.903719186782837
UZ-5,UZ-5.jpg,8,-1.3922526836395264,-0.3009257912635803
UZ-6,UZ-6.jpg,7,7.843383312225342,-0.7984027862548828
UZ-7,UZ-7.jpg,8,-0.9463208317756653,0.5793675184249878
UZ-8,UZ-8.jpg,11,-3.7457919120788574,-5.2659125328063965
UZ-9,UZ-9.jpg,9,1.8649210929870605,-1.802554965019226
UZ-10,UZ-10.jpg,9,0.2761390209197998,-2.6822946071624756
UZ-11,UZ-11.jpg,1,9.240623474121094,4.830261707305908
UZ-12,UZ-12.jpg,8,-0.6925594806671143,5.396604061126709
UZ-13,UZ-13.jpg,9,-1.197068214416504,-2.6655473709106445
UZ-14,UZ-14.jpg,3,1.1519606113433838,1.8437038660049438
UZ-15,UZ-15.jpg,7,7.491904258728027,-1.2924387454986572
UZ-16,UZ-16.jpg,7,4.193880558013916,0.5361972451210022
UZ-17,UZ-17.jpg,4,4.0293660163879395,3.3793179988861084
UZ-18,UZ-18.jpg,6,-5.126809120178223,3.065242290496826
UZ-19,UZ-19.jpg,9,-0.7178074717521667,-3.1451661586761475
UZ-20,UZ-20.jpg,1,8.938009262084961,2.428884983062744
UZ-21,UZ-21.jpg,4,6.448989391326904,2.304081439971924
UZ-22,UZ-22.jpg,8,-0.3096486032009125,5.2001729011535645
UZ-23,UZ-23.jpg,9,1.2294358015060425,0.02836536429822445
UZ-24,UZ-24.jpg,8,-0.6125094294548035,1.5085456371307373
UZ-25,UZ-25.jpg,9,-0.42809268832206726,-2.2215096950531006
UZ-26,UZ-26.jpg,0,1.6316308975219727,-3.0652410984039307
UZ-27,UZ-27.jpg,2,-2.971734046936035,-2.433842182159424
UZ-28,UZ-28.jpg,8,-2.9406421184539795,0.6189637780189514
UZ-29,UZ-29.jpg,0,2.4087986946105957,-1.33706533908844
UZ-30,UZ-30.jpg,7,5.728422164916992,-0.4775927662849426
UZ-31,UZ-31.jpg,9,-0.09721749275922775,-1.391584038734436
UZ-32,UZ-32.jpg,8,-4.4031453132629395,4.373971939086914
UZ-33,UZ-33.jpg,9,0.9098145961761475,1.6309616565704346
UZ-34,UZ-34.jpg,4,3.7591488361358643,2.49967885017395
UZ-35,UZ-35.jpg,1,7.116220474243164,1.2044909000396729
UZ-36,UZ-36.jpg,4,4.976334571838379,2.7078676223754883
UZ-37,UZ-37.jpg,7,6.325565814971924,-1.4721542596817017
UZ-38,UZ-38.jpg,9,1.3896698951721191,0.16952265799045563
UZ-39,UZ-39.jpg,9,1.7810287475585938,-2.9475631713867188
UZ-40,UZ-40.jpg,10,-1.9243273735046387,8.37574291229248
UZ-41,UZ-41.jpg,0,2.13293719291687,-4.416345596313477
UZ-42,UZ-42.jpg,11,-0.10420091450214386,-6.819522380828857
UZ-43,UZ-43.jpg,7,8.581161499023438,1.001913070678711
UZ-44,UZ-44.jpg,4,5.711380481719971,3.827319383621216
UZ-45,UZ-45.jpg,9,0.973500669002533,0.28762349486351013
UZ-46,UZ-46.jpg,0,1.5840787887573242,-7.145324230194092
UZ-47,UZ-47.jpg,4,0.17465385794639587,2.7308590412139893
UZ-48,UZ-48.jpg,4,2.1378116607666016,3.1751229763031006
UZ-49,UZ-49.jpg,8,-4.217463970184326,1.5405895709991455
UZ-50,UZ-50.jpg,7,8.331744194030762,1.1254724264144897
VA-1,VA-1.jpg,2,-5.4061198234558105,-2.8677148818969727
VA-2,VA-2.jpg,2,-5.240167140960693,2.7309460639953613
VA-3,VA-3.jpg,8,-3.316178798675537,2.275193929672241
VA-4,VA-4.jpg,9,1.2550445795059204,-2.1805667877197266
VA-5,VA-5.jpg,0,2.0069878101348877,-3.5629725456237793
VA-6,VA-6.jpg,8,-0.4073264002799988,4.218715190887451
VA-7,VA-7.jpg,5,-1.9356815814971924,-2.1575443744659424
VA-8,VA-8.jpg,9,1.137747049331665,-0.112639419734478
VA-9,VA-9.jpg,8,-0.7838268876075745,1.9022573232650757
VA-10,VA-10.jpg,7,4.263763904571533,-0.49323004484176636
VA-11,VA-11.jpg,0,3.957813024520874,-4.239692687988281
VA-12,VA-12.jpg,2,-3.360959768295288,-1.3587524890899658
VA-13,VA-13.jpg,1,10.305793762207031,1.42922043800354
VA-14,VA-14.jpg,4,3.119310140609741,1.603640079498291
VA-15,VA-15.jpg,11,-2.2089738845825195,-3.1967337131500244
VA-16,VA-16.jpg,11,-4.004920959472656,-4.691845417022705
VA-17,VA-17.jpg,4,4.432565212249756,1.3474003076553345
VA-18,VA-18.jpg,5,-0.3571120500564575,-2.340914011001587
VA-19,VA-19.jpg,9,1.5643184185028076,-1.193137288093567
VA-20,VA-20.jpg,9,0.5555712580680847,-2.9163105487823486
VA-21,VA-21.jpg,3,-3.194580554962158,-2.0307090282440186
VA-22,VA-22.jpg,9,2.0872302055358887,0.2699461281299591
VA-23,VA-23.jpg,6,-6.337525844573975,1.177472710609436
VA-24,VA-24.jpg,5,-3.445981502532959,-0.32059985399246216
VA-25,VA-25.jpg,9,-1.7320886850357056,-1.320274829864502
VA-26,VA-26.jpg,9,-1.3629132509231567,1.2796223163604736
VA-27,VA-27.jpg,0,6.359467029571533,-3.0120720863342285
VA-28,VA-28.jpg,0,1.5024267435073853,-3.7067527770996094
VA-29,VA-29.jpg,7,6.756680011749268,1.5219329595565796
VA-30,VA-30.jpg,2,-1.6083253622055054,0.3389652967453003
VA-31,VA-31.jpg,9,1.4412442445755005,0.747638463973999
VA-32,VA-32.jpg,11,-1.9243288040161133,-3.722933530807495
VA-33,VA-33.jpg,5,2.409954309463501,-1.6458746194839478
VA-34,VA-34.jpg,9,-1.1624675989151,-2.7673466205596924
VA-35,VA-35.jpg,9,0.9854492545127869,-2.5253777503967285
VA-36,VA-36.jpg,4,2.9870119094848633,1.284125566482544
VA-37,VA-37.jpg,9,-1.0660244226455688,-1.7231000661849976
VA-38,VA-38.jpg,1,6.738823890686035,3.0541696548461914
VA-39,VA-39.jpg,9,-0.7444270849227905,-0.5282106995582581
VA-40,VA-40.jpg,9,-2.325613498687744,-1.190521240234375
VA-41,VA-41.jpg,3,-4.17923641204834,0.5656626224517822
VA-42,VA-42.jpg,9,0.2855533957481384,-0.432559996843338
VA-43,VA-43.jpg,9,1.1663209199905396,-0.5667704939842224
VA-44,VA-44.jpg,5,-2.0825612545013428,-1.3902283906936646
VA-45,VA-45.jpg,11,-2.702150821685791,-5.950396537780762
VA-46,VA-46.jpg,9,-0.019333690404891968,-0.588217556476593
VA-47,VA-47.jpg,10,3.322316884994507,11.30996322631836
VA-48,VA-48.jpg,5,1.0334110260009766,0.4616067111492157
VA-49,VA-49.jpg,9,1.114123821258545,-1.793295979499817
VA-50,VA-50.jpg,6,-6.100301265716553,2.1111392974853516
VE-1,VE-1.jpg,2,-8.285758018493652,-0.1423255056142807
VE-2,VE-2.jpg,9,-1.3742066621780396,0.49707022309303284
VE-3,VE-3.jpg,4,4.7856221199035645,3.513871908187866
VE-4,VE-4.jpg,8,-2.94102144241333,0.8753539323806763
VE-5,VE-5.jpg,9,2.046869993209839,-1.4751834869384766
VE-6,VE-6.jpg,3,-1.143002986907959,-0.139883890748024
VE-7,VE-7.jpg,4,4.154163360595703,2.1731412410736084
VE-8,VE-8.jpg,9,-0.8043774962425232,1.077235460281372
VE-9,VE-9.jpg,2,-1.9929462671279907,-2.1861112117767334
VE-10,VE-10.jpg,0,1.1169672012329102,-3.561610460281372
VE-11,VE-11.jpg,11,-0.44143763184547424,-5.485285758972168
VE-12,VE-12.jpg,4,4.360666275024414,1.0174553394317627
VE-13,VE-13.jpg,7,3.9459481239318848,-0.32349053025245667
VE-14,VE-14.jpg,8,-1.2213789224624634,2.6674883365631104
VE-15,VE-15.jpg,0,2.365806818008423,-3.414553642272949
VE-16,VE-16.jpg,5,4.6138153076171875,-2.794433116912842
VE-17,VE-17.jpg,8,-1.8629175424575806,6.8481268882751465
VE-18,VE-18.jpg,4,3.89871883392334,0.09788690507411957
VE-19,VE-19.jpg,4,2.5462779998779297,0.2703745365142822
VE-20,VE-20.jpg,0,3.2700347900390625,-4.360118865966797
VE-21,VE-21.jpg,6,-8.741530418395996,5.225773334503174
VE-22,VE-22.jpg,6,-7.304330825805664,3.0325119495391846
VE-23,VE-23.jpg,9,0.44794800877571106,-1.7590209245681763
VE-24,VE-24.jpg,2,-3.268536329269409,-2.399430990219116
VE-25,VE-25.jpg,8,-4.6308369636535645,5.178342342376709
VE-26,VE-26.jpg,8,-2.383119583129883,3.583451509475708
VE-27,VE-27.jpg,5,3.1024487018585205,-0.685106098651886
VE-28,VE-28.jpg,4,2.91416072845459,1.1919797658920288
VE-29,VE-29.jpg,8,-4.305634021759033,2.768042802810669
VE-30,VE-30.jpg,9,1.3496863842010498,-3.4047937393188477
VE-31,VE-31.jpg,10,-2.0287251472473145,6.610450267791748
VE-32,VE-32.jpg,8,-3.1492795944213867,3.2451529502868652
VE-33,VE-33.jpg,11,-2.5826640129089355,-6.227135181427002
VE-34,VE-34.jpg,4,4.859809398651123,1.8964308500289917
VE-35,VE-35.jpg,9,0.06319361180067062,-0.3959310054779053
VE-36,VE-36.jpg,4,2.0241808891296387,4.175485134124756
VE-37,VE-37.jpg,3,-2.3694941997528076,0.894243061542511
VE-38,VE-38.jpg,7,7.680115222930908,-2.059706449508667
VE-39,VE-39.jpg,3,1.213976263999939,4.007785320281982
VE-40,VE-40.jpg,4,0.6492148637771606,3.3803675174713135
VE-41,VE-41.jpg,9,0.1598110944032669,-4.177295684814453
VE-42,VE-42.jpg,4,5.5153489112854,2.856423854827881
VE-43,VE-43.jpg,6,-5.796597480773926,1.9289346933364868
VE-44,VE-44.jpg,9,-0.3192484974861145,0.33495569229125977
VE-45,VE-45.jpg,8,-2.116824150085449,3.9717328548431396
VE-46,VE-46.jpg,0,3.592603921890259,-3.323427438735962
VE-47,VE-47.jpg,1,7.887616157531738,4.390632152557373
VE-48,VE-48.jpg,8,-1.5336244106292725,1.4122949838638306
VE-49,VE-49.jpg,9,-0.703633189201355,-0.013386847451329231
VE-50,VE-50.jpg,4,3.638681173324585,0.46551093459129333
VG-1,VG-1.jpg,5,-3.0273609161376953,1.4538954496383667
VG-2,VG-2.jpg,3,1.7624626159667969,-2.026925563812256
VG-3,VG-3.jpg,8,-1.4773497581481934,2.1359293460845947
VG-4,VG-4.jpg,2,-7.133157253265381,-0.3584918677806854
VG-5,VG-5.jpg,5,0.8675653338432312,-5.094061374664307
VG-6,VG-6.jpg,9,0.423304945230484,0.5684245228767395
VG-7,VG-7.jpg,5,-1.8636088371276855,-1.4407293796539307
VG-8,VG-8.jpg,5,2.761401891708374,-1.3420401811599731
VG-9,VG-9.jpg,8,-1.9471900463104248,2.0881094932556152
VG-10,VG-10.jpg,8,-2.2982382774353027,5.439354419708252
VG-11,VG-11.jpg,11,1.3951735496520996,-5.188933372497559
VG-12,VG-12.jpg,2,-4.054729461669922,0.43295663595199585
VG-13,VG-13.jpg,11,-3.1168651580810547,-5.8131422996521
VG-14,VG-14.jpg,5,3.1927969455718994,-2.5663986206054688
VG-15,VG-15.jpg,2,-2.9412713050842285,-0.09063972532749176
VG-16,VG-16.jpg,9,-2.0061421394348145,-0.736003041267395
VG-17,VG-17.jpg,5,0.2837441563606262,-0.3769560158252716
VG-18,VG-18.jpg,2,-4.831441402435303,0.8562676906585693
VG-19,VG-19.jpg,6,-5.96032190322876,2.8089399337768555
VG-20,VG-20.jpg,11,-2.4563355445861816,-6.495603084564209
VG-21,VG-21.jpg,5,-0.5276181697845459,-1.1290193796157837
VG-22,VG-22.jpg,5,2.4313273429870605,-2.1073410511016846
VG-23,VG-23.jpg,8,-0.2383601814508438,1.2822099924087524
VG-24,VG-24.jpg,9,1.1578807830810547,0.21428944170475006
VG-25,VG-25.jpg,11,-1.4722647666931152,-6.197847843170166
VG-26,VG-26.jpg,5,1.4622855186462402,-1.6196526288986206
VG-27,VG-27.jpg,5,-2.727595090866089,-2.961367130279541
VG-28,VG-28.jpg,11,-0.6919137239456177,-3.8795061111450195
VG-29,VG-29.jpg,4,-0.04354673624038696,1.464915156364441
VG-30,VG-30.jpg,8,-0.5477233529090881,1.0059840679168701
VG-31,VG-31.jpg,8,-1.5657880306243896,5.209953308105469
VG-32,VG-32.jpg,9,-1.3361735343933105,-2.06294846534729
VG-33,VG-33.jpg,5,2.5797338485717773,-1.3198684453964233
VG-34,VG-34.jpg,4,3.6365878582000732,2.780055046081543
VG-35,VG-35.jpg,4,2.018636465072632,5.0155930519104
VG-36,VG-36.jpg,5,-4.454275608062744,-2.0967018604278564
VG-37,VG-37.jpg,0,-0.08882269263267517,-1.1952911615371704
VG-38,VG-38.jpg,5,-2.9222288131713867,-1.5584776401519775
VG-39,VG-39.jpg,2,-2.3983917236328125,-1.346035361289978
VG-40,VG-40.jpg,9,-1.3757734298706055,-0.16394178569316864
VG-41,VG-41.jpg,0,3.795009136199951,-4.435798168182373
VG-42,VG-42.jpg,4,6.5348615646362305,1.536929726600647
VG-43,VG-43.jpg,9,-0.8493798971176147,-3.0501601696014404
VG-44,VG-44.jpg,11,-2.315962791442871,-1.9291057586669922
VG-45,VG-45.jpg,9,-2.0375988483428955,0.2600233256816864
VG-46,VG-46.jpg,4,4.184943199157715,4.507856369018555
VG-47,VG-47.jpg,8,-2.573603391647339,4.410600662231445
VG-48,VG-48.jpg,8,-4.9777374267578125,3.5288448333740234
VG-49,VG-49.jpg,11,-1.5118534564971924,-4.88684606552124
VG-50,VG-50.jpg,1,11.51545238494873,1.7545068264007568
VI-1,VI-1.jpg,4,4.96486234664917,2.832301139831543
VI-2,VI-2.jpg,6,-7.176957130432129,3.5829694271087646
VI-3,VI-3.jpg,5,0.6353901624679565,-0.9619567394256592
VI-4,VI-4.jpg,0,3.731733798980713,-5.972226142883301
VI-5,VI-5.jpg,5,2.235783576965332,0.40685826539993286
VI-6,VI-6.jpg,9,-2.0033538341522217,-3.3971505165100098
VI-7,VI-7.jpg,5,-1.6259405612945557,-2.292863368988037
VI-8,VI-8.jpg,7,5.917581558227539,-1.1108907461166382
VI-9,VI-9.jpg,5,1.7231513261795044,-0.1137571930885315
VI-10,VI-10.jpg,5,-2.2161920070648193,0.14061129093170166
VI-11,VI-11.jpg,0,4.390422344207764,-2.4264638423919678
VI-12,VI-12.jpg,7,9.407861709594727,-0.6968812942504883
VI-13,VI-13.jpg,5,1.09543776512146,-4.292027950286865
VI-14,VI-14.jpg,5,-0.9466803669929504,-3.856492757797241
VI-15,VI-15.jpg,7,6.156656742095947,1.17857825756073
VI-16,VI-16.jpg,6,-8.502062797546387,1.7611384391784668
VI-17,VI-17.jpg,8,-0.7660255432128906,1.5979092121124268
VI-18,VI-18.jpg,3,2.0453107357025146,-0.059425417333841324
VI-19,VI-19.jpg,7,4.7340216636657715,-3.0267560482025146
VI-20,VI-20.jpg,8,-2.865320920944214,4.239980220794678
VI-21,VI-21.jpg,4,5.938866138458252,1.061268925666809
VI-22,VI-22.jpg,1,9.328710556030273,2.9970500469207764
VI-23,VI-23.jpg,7,4.287503242492676,0.9698221683502197
VI-24,VI-24.jpg,1,9.06309700012207,5.147541522979736
VI-25,VI-25.jpg,3,-1.639554500579834,-1.638658046722412
VI-26,VI-26.jpg,5,-1.4957064390182495,-3.311736822128296
VI-27,VI-27.jpg,5,1.9446521997451782,-3.2402641773223877
VI-28,VI-28.jpg,5,1.4253756999969482,-2.238347053527832
VI-29,VI-29.jpg,0,2.8685286045074463,-2.4769489765167236
VI-30,VI-30.jpg,5,-2.2134180068969727,-0.5518179535865784
VI-31,VI-31.jpg,3,-1.6251975297927856,-4.418456554412842
VI-32,VI-32.jpg,5,-1.7286649942398071,-2.7812891006469727
VI-33,VI-33.jpg,1,7.71674108505249,5.057083606719971
VI-34,VI-34.jpg,9,-0.9403850436210632,-0.03422659635543823
VI-35,VI-35.jpg,0,1.0850615501403809,-7.095719337463379
VI-36,VI-36.jpg,5,1.9129387140274048,-2.2420248985290527
VI-37,VI-37.jpg,11,-2.6274213790893555,-6.941741943359375
VI-38,VI-38.jpg,7,5.11850643157959,-0.3733939826488495
VI-39,VI-39.jpg,9,-0.21367794275283813,-1.1219533681869507
VI-40,VI-40.jpg,2,-4.91241455078125,-0.3320216238498688
VI-41,VI-41.jpg,8,-3.7628769874572754,0.6263094544410706
VI-42,VI-42.jpg,7,5.115115642547607,-0.37754976749420166
VI-43,VI-43.jpg,9,0.9412118792533875,-1.756516695022583
VI-44,VI-44.jpg,2,-3.4877772331237793,-1.3264989852905273
VI-45,VI-45.jpg,1,7.92809534072876,3.338630437850952
VI-46,VI-46.jpg,2,-7.176493167877197,-0.4692964255809784
VI-47,VI-47.jpg,11,-4.38808012008667,-3.5790562629699707
VI-48,VI-48.jpg,9,0.4094913899898529,-3.2324914932250977
VI-49,VI-49.jpg,5,0.4700135886669159,0.61342853307724
VI-50,VI-50.jpg,7,7.821020126342773,-3.7420456409454346
VN-1,VN-1.jpg,8,-3.5996639728546143,1.3552721738815308
VN-2,VN-2.jpg,2,-2.8556830883026123,0.43837770819664
VN-3,VN-3.jpg,2,-3.612022876739502,1.9239054918289185
VN-4,VN-4.jpg,6,-5.246170520782471,-0.5928017497062683
VN-5,VN-5.jpg,4,4.513580799102783,1.24226975440979
VN-6,VN-6.jpg,8,1.5989784002304077,5.831449031829834
VN-7,VN-7.jpg,4,4.5049052238464355,4.735080718994141
VN-8,VN-8.jpg,9,-0.8602472543716431,-1.3776564598083496
VN-9,VN-9.jpg,2,-4.30106782913208,-3.2381813526153564
VN-10,VN-10.jpg,4,3.523420572280884,4.693405628204346
VN-11,VN-11.jpg,9,1.7248988151550293,-1.6733837127685547
VN-12,VN-12.jpg,7,4.5930094718933105,-2.8902394771575928
VN-13,VN-13.jpg,8,-0.5580050945281982,8.782596588134766
VN-14,VN-14.jpg,5,0.2331037074327469,-1.7992223501205444
VN-15,VN-15.jpg,6,-5.796794891357422,1.2794828414916992
VN-16,VN-16.jpg,5,1.8717856407165527,0.9036657214164734
VN-17,VN-17.jpg,4,3.4860875606536865,3.699985980987549
VN-18,VN-18.jpg,4,3.453747034072876,1.8727036714553833
VN-19,VN-19.jpg,7,5.250770568847656,-1.7358771562576294
VN-20,VN-20.jpg,5,0.5443737506866455,-3.1082372665405273
VN-21,VN-21.jpg,11,-5.886752605438232,-7.993217945098877
VN-22,VN-22.jpg,8,-2.3830807209014893,6.4915361404418945
VN-23,VN-23.jpg,3,-0.3467496335506439,-0.6667007803916931
VN-24,VN-24.jpg,3,-1.4010294675827026,-3.7026190757751465
VN-25,VN-25.jpg,3,-0.25275465846061707,1.0458561182022095
VN-26,VN-26.jpg,6,-5.415855884552002,8.727998733520508
VN-27,VN-27.jpg,9,-0.6755402684211731,-0.4881926476955414
VN-28,VN-28.jpg,9,1.70704984664917,-1.3426223993301392
VN-29,VN-29.jpg,8,-3.7828309535980225,6.340179920196533
VN-30,VN-30.jpg,1,7.441315174102783,5.563448429107666
VN-31,VN-31.jpg,6,-6.856224060058594,5.148499011993408
VN-32,VN-32.jpg,9,-0.4441926181316376,0.6934665441513062
VN-33,VN-33.jpg,8,-0.8097353577613831,3.568211078643799
VN-34,VN-34.jpg,3,0.20095109939575195,-4.924474239349365
VN-35,VN-35.jpg,2,-5.566266059875488,0.9320610761642456
VN-36,VN-36.jpg,8,-3.8303301334381104,1.863722324371338
VN-37,VN-37.jpg,10,-4.5392632484436035,2.8207597732543945
VN-38,VN-38.jpg,2,-5.065375804901123,-5.591835021972656
VN-39,VN-39.jpg,9,1.2092567682266235,-0.9915293455123901
VN-40,VN-40.jpg,2,-7.3740434646606445,-0.9916582107543945
VN-41,VN-41.jpg,8,-4.524955749511719,1.1971009969711304
VN-42,VN-42.jpg,9,1.7947039604187012,-1.0615994930267334
VN-43,VN-43.jpg,6,-7.188313007354736,1.8606553077697754
VN-44,VN-44.jpg,11,1.89559805393219,-4.6378703117370605
VN-45,VN-45.jpg,9,1.1692301034927368,0.8474887609481812
VN-46,VN-46.jpg,8,-2.0565123558044434,4.011739730834961
VN-47,VN-47.jpg,3,-1.7941771745681763,-1.8566449880599976
VN-48,VN-48.jpg,8,0.7448897361755371,4.896942615509033
VN-49,VN-49.jpg,7,3.1536200046539307,1.9378610849380493
VN-50,VN-50.jpg,8,-1.4855457544326782,1.706311821937561
VU-1,VU-1.jpg,8,-0.6945289373397827,1.6430268287658691
VU-2,VU-2.jpg,0,0.5744961500167847,-3.4068117141723633
VU-3,VU-3.jpg,10,-5.436473369598389,4.206437587738037
VU-4,VU-4.jpg,2,-4.094103813171387,-4.6653571128845215
VU-5,VU-5.jpg,9,0.8565388321876526,1.8394123315811157
VU-6,VU-6.jpg,5,-0.9327467083930969,0.5206905603408813
VU-7,VU-7.jpg,2,-3.977959632873535,-1.4030842781066895
VU-8,VU-8.jpg,8,-2.853386163711548,2.817260980606079
VU-9,VU-9.jpg,8,1.1197056770324707,3.1064364910125732
VU-10,VU-10.jpg,9,2.06587815284729,-2.239805221557617
VU-11,VU-11.jpg,5,0.34578457474708557,2.3564529418945312
VU-12,VU-12.jpg,9,-1.804095983505249,-1.9312069416046143
VU-13,VU-13.jpg,9,0.8565388321876526,1.8394123315811157
VU-14,VU-14.jpg,7,3.707747459411621,0.46844422817230225
VU-15,VU-15.jpg,7,5.063007354736328,1.7472596168518066
VU-16,VU-16.jpg,5,-2.701122522354126,-0.20270399749279022
VU-17,VU-17.jpg,11,-4.406654357910156,-5.255572319030762
VU-18,VU-18.jpg,8,-3.531310796737671,2.679704189300537
VU-19,VU-19.jpg,4,4.4369893074035645,4.567636489868164
VU-20,VU-20.jpg,9,-1.7910826206207275,-2.458409070968628
VU-21,VU-21.jpg,8,-1.2786602973937988,3.1706125736236572
VU-22,VU-22.jpg,5,-1.6219655275344849,1.3273563385009766
VU-23,VU-23.jpg,9,0.8892372250556946,-0.7243022918701172
VU-24,VU-24.jpg,3,-3.993422269821167,-2.2046992778778076
VU-25,VU-25.jpg,9,1.7614402770996094,-0.765182614326477
VU-26,VU-26.jpg,9,0.8565388321876526,1.8394123315811157
VU-27,VU-27.jpg,5,2.332862615585327,-4.938474178314209
VU-28,VU-28.jpg,0,5.419705867767334,-5.535355091094971
VU-29,VU-29.jpg,2,-4.404541015625,-0.5314192771911621
VU-30,VU-30.jpg,1,6.646000862121582,4.900296688079834
VU-31,VU-31.jpg,9,0.8565388321876526,1.8394123315811157
VU-32,VU-32.jpg,3,-2.464170455932617,-4.660396575927734
VU-33,VU-33.jpg,8,-4.54691219329834,2.9107728004455566
VU-34,VU-34.jpg,5,-3.996519088745117,1.1047921180725098
VU-35,VU-35.jpg,5,-1.3189783096313477,-1.9998886585235596
VU-36,VU-36.jpg,3,-3.8282060623168945,-1.9700392484664917
VU-37,VU-37.jpg,8,-1.301802158355713,4.871784210205078
VU-38,VU-38.jpg,2,-2.120905637741089,0.4291171133518219
VU-39,VU-39.jpg,5,-0.03844420239329338,-1.6124478578567505
VU-40,VU-40.jpg,8,-3.635575294494629,1.2615784406661987
VU-41,VU-41.jpg,5,0.3439604640007019,2.491412878036499
VU-42,VU-42.jpg,5,-1.3189783096313477,-1.9998886585235596
VU-43,VU-43.jpg,9,-0.6724858283996582,0.33102360367774963
VU-44,VU-44.jpg,9,0.8565388321876526,1.8394123315811157
VU-45,VU-45.jpg,7,6.061513900756836,-2.864729642868042
VU-46,VU-46.jpg,2,-2.5894927978515625,-0.13216330111026764
VU-47,VU-47.jpg,11,-2.740561008453369,-3.104224443435669
VU-48,VU-48.jpg,4,4.927575588226318,3.716486692428589
VU-49,VU-49.jpg,9,1.5112155675888062,1.8481032848358154
VU-50,VU-50.jpg,3,0.1901605725288391,0.4196408689022064
WS-1,WS-1.jpg,5,-1.524574637413025,-1.9343483448028564
WS-2,WS-2.jpg,11,2.334169864654541,-3.431367874145508
WS-3,WS-3.jpg,9,1.200905203819275,0.4009748697280884
WS-4,WS-4.jpg,8,-0.5310265421867371,4.6362409591674805
WS-5,WS-5.jpg,4,4.865389823913574,2.2344002723693848
WS-6,WS-6.jpg,2,-4.631070613861084,-5.30031681060791
WS-7,WS-7.jpg,8,-3.523685932159424,3.883563756942749
WS-8,WS-8.jpg,4,2.578235387802124,1.571993350982666
WS-9,WS-9.jpg,4,0.24830330908298492,5.5810370445251465
WS-10,WS-10.jpg,8,1.0254416465759277,4.351949691772461
WS-11,WS-11.jpg,3,0.020062359049916267,1.8151450157165527
WS-12,WS-12.jpg,10,-4.837209224700928,7.9320220947265625
WS-13,WS-13.jpg,2,-3.2299551963806152,-0.6972395181655884
WS-14,WS-14.jpg,3,4.196901798248291,2.0798323154449463
WS-15,WS-15.jpg,3,-1.6049680709838867,3.1529486179351807
WS-16,WS-16.jpg,4,2.6063475608825684,4.534210205078125
WS-17,WS-17.jpg,1,7.154762268066406,5.163527488708496
WS-18,WS-18.jpg,4,4.865389823913574,2.2344002723693848
WS-19,WS-19.jpg,1,7.906468391418457,5.00577449798584
WS-20,WS-20.jpg,2,-6.572356700897217,0.7159354090690613
WS-21,WS-21.jpg,3,-3.882449150085449,-2.388336420059204
WS-22,WS-22.jpg,6,-4.929098129272461,2.5637004375457764
WS-23,WS-23.jpg,3,2.7665162086486816,-0.560248613357544
WS-24,WS-24.jpg,5,-1.2083388566970825,-0.5055673718452454
WS-25,WS-25.jpg,8,-0.8307872414588928,4.86316442489624
WS-26,WS-26.jpg,4,4.865389823913574,2.2344002723693848
WS-27,WS-27.jpg,7,11.223658561706543,1.1567493677139282
WS-28,WS-28.jpg,6,-8.887444496154785,4.89128303527832
WS-29,WS-29.jpg,4,4.865389823913574,2.2344002723693848
WS-30,WS-30.jpg,4,4.865389823913574,2.2344002723693848
WS-31,WS-31.jpg,2,-6.393402099609375,-1.0483813285827637
WS-32,WS-32.jpg,4,4.865389823913574,2.2344002723693848
WS-33,WS-33.jpg,1,8.923501014709473,4.997272968292236
WS-34,WS-34.jpg,1,7.906468391418457,5.00577449798584
WS-35,WS-35.jpg,8,-2.7457261085510254,4.463156700134277
WS-36,WS-36.jpg,4,4.56935453414917,7.887063503265381
WS-37,WS-37.jpg,3,4.26138973236084,2.001220941543579
WS-38,WS-38.jpg,0,5.491731643676758,-4.0174560546875
WS-39,WS-39.jpg,11,-0.03488880395889282,-4.974870681762695
WS-40,WS-40.jpg,4,3.820376396179199,3.295283555984497
WS-41,WS-41.jpg,5,2.6951920986175537,-6.058260440826416
WS-42,WS-42.jpg,4,2.1427876949310303,3.573323965072632
WS-43,WS-43.jpg,6,-4.929098129272461,2.5637004375457764
WS-44,WS-44.jpg,4,4.865389823913574,2.2344002723693848
WS-45,WS-45.jpg,8,-3.0688929557800293,1.6299221515655518
WS-46,WS-46.jpg,1,7.336485862731934,-0.19411225616931915
WS-47,WS-47.jpg,0,4.4423394203186035,-7.293275833129883
WS-48,WS-48.jpg,9,3.2991743087768555,-0.07901183515787125
WS-49,WS-49.jpg,5,1.0733444690704346,0.4134955108165741
WS-50,WS-50.jpg,11,-1.1050710678100586,-6.174654483795166
XK-1,XK-1.jpg,9,-1.5184590816497803,-1.2903971672058105
XK-2,XK-2.jpg,8,-0.07934153079986572,1.8666064739227295
XK-3,XK-3.jpg,7,3.321413040161133,-0.6254863739013672
XK-4,XK-4.jpg,5,0.7234339118003845,-0.7127653360366821
XK-5,XK-5.jpg,5,3.8878092765808105,-1.4497829675674438
XK-6,XK-6.jpg,3,1.562275767326355,0.36259725689888
XK-7,XK-7.jpg,9,0.5961815714836121,0.009156735613942146
XK-8,XK-8.jpg,4,0.5144777894020081,2.7148094177246094
XK-9,XK-9.jpg,10,-1.5534203052520752,8.236117362976074
XK-10,XK-10.jpg,9,-0.09620079398155212,-1.4246991872787476
XK-11,XK-11.jpg,9,0.38891229033470154,-0.4647817313671112
XK-12,XK-12.jpg,9,3.3588178157806396,-0.23405033349990845
XK-13,XK-13.jpg,0,2.1918063163757324,-5.614853858947754
XK-14,XK-14.jpg,7,4.786619186401367,-1.6830172538757324
XK-15,XK-15.jpg,5,-0.8977280259132385,-0.2669330835342407
XK-16,XK-16.jpg,4,3.025935649871826,0.5207277536392212
XK-17,XK-17.jpg,4,3.2327582836151123,1.0889308452606201
XK-18,XK-18.jpg,7,7.73384952545166,-2.7435078620910645
XK-19,XK-19.jpg,8,-3.2872073650360107,0.20078007876873016
XK-20,XK-20.jpg,9,2.9429571628570557,0.13114294409751892
XK-21,XK-21.jpg,10,-5.513955116271973,5.907884120941162
XK-22,XK-22.jpg,8,-1.3732736110687256,3.9507739543914795
XK-23,XK-23.jpg,7,3.9373111724853516,0.8424336314201355
XK-24,XK-24.jpg,2,-3.878314971923828,0.7542957663536072
XK-25,XK-25.jpg,8,-4.228968143463135,9.229806900024414
XK-26,XK-26.jpg,4,1.4187498092651367,4.653544902801514
XK-27,XK-27.jpg,9,-0.09620079398155212,-1.4246991872787476
XK-28,XK-28.jpg,0,4.621802806854248,-5.416276454925537
XK-29,XK-29.jpg,0,7.096421241760254,-3.33581280708313
XK-30,XK-30.jpg,8,0.42243775725364685,4.436333179473877
XK-31,XK-31.jpg,7,3.7835114002227783,0.2831811010837555
XK-32,XK-32.jpg,7,11.699332237243652,1.372792363166809
XK-33,XK-33.jpg,2,-2.180795669555664,1.3429160118103027
XK-34,XK-34.jpg,6,-8.263965606689453,-0.23591619729995728
XK-35,XK-35.jpg,9,0.5961815714836121,0.009156735613942146
XK-36,XK-36.jpg,9,-0.4105452299118042,1.6293898820877075
XK-37,XK-37.jpg,11,1.0729831457138062,-9.042872428894043
XK-38,XK-38.jpg,2,-9.454140663146973,-0.8151536583900452
XK-39,XK-39.jpg,7,5.923709392547607,0.12058153748512268
XK-40,XK-40.jpg,9,-0.09620079398155212,-1.4246991872787476
XK-41,XK-41.jpg,4,2.225008964538574,0.8640321493148804
XK-42,XK-42.jpg,4,1.326021671295166,1.2015222311019897
XK-43,XK-43.jpg,10,0.41681617498397827,3.477562189102173
XK-44,XK-44.jpg,11,1.2307783365249634,-7.959244251251221
XK-45,XK-45.jpg,1,10.339725494384766,3.4605586528778076
XK-46,XK-46.jpg,2,-3.4759933948516846,-2.302896499633789
XK-47,XK-47.jpg,8,-3.5916247367858887,5.240414619445801
XK-48,XK-48.jpg,6,-3.6824193000793457,7.961422443389893
XK-49,XK-49.jpg,9,-1.3080637454986572,-0.24973897635936737
XK-50,XK-50.jpg,8,-2.0809133052825928,0.053225040435791016
YT-1,YT-1.jpg,6,-5.4045329093933105,3.1015493869781494
YT-2,YT-2.jpg,2,-4.302588939666748,0.6041797995567322
YT-3,YT-3.jpg,6,-6.022900581359863,2.323904514312744
YT-4,YT-4.jpg,9,3.007369041442871,-2.3794009685516357
YT-5,YT-5.jpg,0,2.556781053543091,0.8358379006385803
YT-6,YT-6.jpg,6,-7.365577697753906,1.8759872913360596
YT-7,YT-7.jpg,0,5.999629974365234,-1.4150358438491821
YT-8,YT-8.jpg,4,3.8938629627227783,1.4515851736068726
YT-9,YT-9.jpg,9,0.5433921813964844,0.7928617000579834
YT-10,YT-10.jpg,11,-2.3556437492370605,-7.150270938873291
YT-11,YT-11.jpg,8,-1.6666269302368164,0.8339022397994995
YT-12,YT-12.jpg,11,-1.4934380054473877,-4.52735710144043
YT-13,YT-13.jpg,4,2.5245800018310547,-0.17205163836479187
YT-14,YT-14.jpg,0,1.568115472793579,-1.855799674987793
YT-15,YT-15.jpg,3,-4.244223117828369,-0.7102035284042358
YT-16,YT-16.jpg,0,1.387602686882019,-6.540185928344727
YT-17,YT-17.jpg,10,-5.390384674072266,7.808053493499756
YT-18,YT-18.jpg,7,6.374027252197266,-1.246315598487854
YT-19,YT-19.jpg,9,1.5739156007766724,-2.2855210304260254
YT-20,YT-20.jpg,11,-0.3859219551086426,-7.701694011688232
YT-21,YT-21.jpg,2,-4.12130069732666,-0.000400552642531693
YT-22,YT-22.jpg,1,6.174225330352783,2.4789249897003174
YT-23,YT-23.jpg,9,0.9127005338668823,-1.5660197734832764
YT-24,YT-24.jpg,8,-1.0418181419372559,6.463976860046387
YT-25,YT-25.jpg,2,-3.9393506050109863,-1.7335346937179565
YT-26,YT-26.jpg,3,-3.380753755569458,-0.5713610649108887
YT-27,YT-27.jpg,7,5.170783042907715,1.6256084442138672
YT-28,YT-28.jpg,9,-0.43790143728256226,0.7698008418083191
YT-29,YT-29.jpg,11,0.12512464821338654,-4.397217750549316
YT-30,YT-30.jpg,9,3.114391326904297,-0.6060951948165894
YT-31,YT-31.jpg,9,-1.5596901178359985,0.6704214811325073
YT-32,YT-32.jpg,8,-3.5000431537628174,4.3561482429504395
YT-33,YT-33.jpg,2,-5.334297180175781,-0.9731817245483398
YT-34,YT-34.jpg,8,-3.4910271167755127,7.224985599517822
YT-35,YT-35.jpg,7,3.7706212997436523,1.2650065422058105
YT-36,YT-36.jpg,0,3.993420362472534,-4.904867172241211
YT-37,YT-37.jpg,4,0.9061608910560608,2.6364758014678955
YT-38,YT-38.jpg,8,-3.154306173324585,8.044856071472168
YT-39,YT-39.jpg,4,2.0704476833343506,2.642843008041382
YT-40,YT-40.jpg,4,3.327756643295288,2.089815139770508
YT-41,YT-41.jpg,9,0.1236390620470047,-2.07352352142334
YT-42,YT-42.jpg,2,-4.3373703956604,-0.26532799005508423
YT-43,YT-43.jpg,1,7.578500747680664,3.956913948059082
YT-44,YT-44.jpg,8,-3.474245071411133,3.1707515716552734
YT-45,YT-45.jpg,9,-0.2477007359266281,1.5155333280563354
YT-46,YT-46.jpg,11,-3.298462390899658,-4.850458145141602
YT-47,YT-47.jpg,0,0.6594692468643188,-4.676497459411621
YT-48,YT-48.jpg,4,5.69810676574707,4.3560471534729
YT-49,YT-49.jpg,7,7.300291061401367,0.36341533064842224
YT-50,YT-50.jpg,8,-2.424290418624878,6.180607318878174
ZA-1,ZA-1.jpg,4,0.8403920531272888,1.9414870738983154
ZA-2,ZA-2.jpg,4,1.1990034580230713,2.887206792831421
ZA-3,ZA-3.jpg,2,-4.5561203956604,1.119936466217041
ZA-4,ZA-4.jpg,3,-1.5398112535476685,-0.7693435549736023
ZA-5,ZA-5.jpg,0,4.917148113250732,-0.384661465883255
ZA-6,ZA-6.jpg,8,-2.4260122776031494,1.0441699028015137
ZA-7,ZA-7.jpg,0,1.5395243167877197,-2.852540969848633
ZA-8,ZA-8.jpg,8,-1.103940725326538,0.5214899182319641
ZA-9,ZA-9.jpg,2,-2.579177141189575,-2.096403121948242
ZA-10,ZA-10.jpg,7,5.188312530517578,-2.9829397201538086
ZA-11,ZA-11.jpg,8,-3.1765596866607666,4.929160118103027
ZA-12,ZA-12.jpg,1,5.177525043487549,6.590816020965576
ZA-13,ZA-13.jpg,10,-3.436920166015625,4.277782917022705
ZA-14,ZA-14.jpg,1,5.3960394859313965,6.956220626831055
ZA-15,ZA-15.jpg,6,-6.309869289398193,1.9795138835906982
ZA-16,ZA-16.jpg,8,-2.346972942352295,4.806528091430664
ZA-17,ZA-17.jpg,7,4.9636149406433105,-1.6491881608963013
ZA-18,ZA-18.jpg,11,-3.5102157592773438,-4.703124523162842
ZA-19,ZA-19.jpg,4,3.197624921798706,4.073728561401367
ZA-20,ZA-20.jpg,8,0.049378540366888046,3.830247163772583
ZA-21,ZA-21.jpg,8,-0.8390008211135864,3.212144613265991
ZA-22,ZA-22.jpg,8,-1.361858606338501,1.0237808227539062
ZA-23,ZA-23.jpg,0,5.441763401031494,-1.8549116849899292
ZA-24,ZA-24.jpg,3,-3.079793930053711,-1.0068345069885254
ZA-25,ZA-25.jpg,9,1.744795322418213,-0.05609036982059479
ZA-26,ZA-26.jpg,11,-0.8584164381027222,-5.226806640625
ZA-27,ZA-27.jpg,9,-0.3204140365123749,-2.04945969581604
ZA-28,ZA-28.jpg,1,9.844863891601562,3.724149465560913
ZA-29,ZA-29.jpg,9,0.44850993156433105,0.728647768497467
ZA-30,ZA-30.jpg,11,-4.1583428382873535,-8.022831916809082
ZA-31,ZA-31.jpg,9,2.044666290283203,-1.625350832939148
ZA-32,ZA-32.jpg,8,-2.333252429962158,1.6347906589508057
ZA-33,ZA-33.jpg,11,-0.5285792350769043,-5.670930862426758
ZA-34,ZA-34.jpg,2,-3.9286210536956787,-1.9151350259780884
ZA-35,ZA-35.jpg,9,-0.23161959648132324,-1.9581196308135986
ZA-36,ZA-36.jpg,4,3.135408401489258,0.3792390823364258
ZA-37,ZA-37.jpg,4,3.3092281818389893,1.9870154857635498
ZA-38,ZA-38.jpg,9,-0.5439661145210266,-0.5218029022216797
ZA-39,ZA-39.jpg,9,0.40015387535095215,0.950381338596344
ZA-40,ZA-40.jpg,2,-3.9939863681793213,-3.543318033218384
ZA-41,ZA-41.jpg,5,1.481862187385559,1.451343059539795
ZA-42,ZA-42.jpg,6,-7.989592552185059,0.34207862615585327
ZA-43,ZA-43.jpg,4,3.092606782913208,4.427043914794922
ZA-44,ZA-44.jpg,5,-1.8912001848220825,-3.0677223205566406
ZA-45,ZA-45.jpg,11,-2.4286305904388428,-2.7452147006988525
ZA-46,ZA-46.jpg,11,1.0994518995285034,-4.756288528442383
ZA-47,ZA-47.jpg,4,0.2519037425518036,3.492722749710083
ZA-48,ZA-48.jpg,9,2.255746841430664,-2.613158941268921
ZA-49,ZA-49.jpg,9,0.5835959911346436,-0.5711519122123718
ZA-50,ZA-50.jpg,4,3.409430503845215,2.5670673847198486
ZM-1,ZM-1.jpg,7,6.498350620269775,3.2245917320251465
ZM-2,ZM-2.jpg,2,-3.5093088150024414,-0.06225898489356041
ZM-3,ZM-3.jpg,11,0.8737231492996216,-5.889199733734131
ZM-4,ZM-4.jpg,9,-1.374079704284668,-1.401996374130249
ZM-5,ZM-5.jpg,2,-3.538512706756592,-3.228268623352051
ZM-6,ZM-6.jpg,3,0.4791374206542969,0.9786441326141357
ZM-7,ZM-7.jpg,3,-0.09786650538444519,-1.5498121976852417
ZM-8,ZM-8.jpg,0,3.5807530879974365,-4.265530109405518
ZM-9,ZM-9.jpg,2,-5.175906658172607,-3.8443379402160645
ZM-10,ZM-10.jpg,8,-2.6588776111602783,7.687172889709473
ZM-11,ZM-11.jpg,7,4.225950241088867,-2.548173666000366
ZM-12,ZM-12.jpg,2,-6.281203269958496,-0.07549998164176941
ZM-13,ZM-13.jpg,7,9.013647079467773,3.2206759452819824
ZM-14,ZM-14.jpg,9,-0.4934578835964203,0.5487276315689087
ZM-15,ZM-15.jpg,6,-5.139755725860596,6.493587970733643
ZM-16,ZM-16.jpg,2,-6.281203269958496,-0.07549998164176941
ZM-17,ZM-17.jpg,2,-2.7366881370544434,-3.4565482139587402
ZM-18,ZM-18.jpg,11,-3.8282742500305176,-3.6157162189483643
ZM-19,ZM-19.jpg,9,2.8236329555511475,-3.0515353679656982
ZM-20,ZM-20.jpg,3,-0.5136615037918091,0.28747183084487915
ZM-21,ZM-21.jpg,4,1.023276925086975,4.259758472442627
ZM-22,ZM-22.jpg,7,9.003666877746582,-1.2252789735794067
ZM-23,ZM-23.jpg,8,-2.019376039505005,1.6507606506347656
ZM-24,ZM-24.jpg,3,3.350623369216919,-2.9485177993774414
ZM-25,ZM-25.jpg,8,0.7904828190803528,1.7974406480789185
ZM-26,ZM-26.jpg,7,3.196147918701172,2.278372287750244
ZM-27,ZM-27.jpg,11,-4.06630802154541,-4.377164840698242
ZM-28,ZM-28.jpg,2,-6.711524486541748,0.5099430680274963
ZM-29,ZM-29.jpg,2,-6.517098903656006,-0.8076891899108887
ZM-30,ZM-30.jpg,11,-1.2083185911178589,-5.673851013183594
ZM-31,ZM-31.jpg,3,-4.4296956062316895,-3.026381731033325
ZM-32,ZM-32.jpg,5,-3.146803617477417,-2.9594156742095947
ZM-33,ZM-33.jpg,11,-2.3648593425750732,-8.508779525756836
ZM-34,ZM-34.jpg,11,0.3852282464504242,-5.7414045333862305
ZM-35,ZM-35.jpg,9,-1.374079704284668,-1.401996374130249
ZM-36,ZM-36.jpg,9,-2.2470791339874268,-2.417574644088745
ZM-37,ZM-37.jpg,2,-5.12742805480957,0.3458499014377594
ZM-38,ZM-38.jpg,3,-7.3466997146606445,-3.9245707988739014
ZM-39,ZM-39.jpg,11,-0.903683066368103,-7.251317977905273
ZM-40,ZM-40.jpg,8,-3.2040610313415527,4.404017925262451
ZM-41,ZM-41.jpg,7,3.835683584213257,-1.1073472499847412
ZM-42,ZM-42.jpg,2,-6.58782434463501,-0.4038342535495758
ZM-43,ZM-43.jpg,2,-6.281203269958496,-0.07549998164176941
ZM-44,ZM-44.jpg,3,-1.1255335807800293,-1.7157176733016968
ZM-45,ZM-45.jpg,11,-2.861294984817505,-5.528619766235352
ZM-46,ZM-46.jpg,3,-1.1255335807800293,-1.7157176733016968
ZM-47,ZM-47.jpg,4,0.9449499249458313,5.086766242980957
ZM-48,ZM-48.jpg,9,1.4358925819396973,-1.6987661123275757
ZM-49,ZM-49.jpg,3,-4.4296956062316895,-3.026381731033325
ZM-50,ZM-50.jpg,7,6.520158290863037,1.6837146282196045
ZW-1,ZW-1.jpg,3,0.8401855826377869,1.3194935321807861
ZW-2,ZW-2.jpg,11,-2.7603094577789307,-2.5065865516662598
ZW-3,ZW-3.jpg,9,0.9335586428642273,1.6359162330627441
ZW-4,ZW-4.jpg,1,8.721098899841309,6.9923505783081055
ZW-5,ZW-5.jpg,3,1.3775759935379028,-4.181861877441406
ZW-6,ZW-6.jpg,1,5.170469760894775,6.248754978179932
ZW-7,ZW-7.jpg,5,0.17272767424583435,1.1354343891143799
ZW-8,ZW-8.jpg,10,-0.3649253249168396,6.957337856292725
ZW-9,ZW-9.jpg,8,-4.700116157531738,2.37184476852417
ZW-10,ZW-10.jpg,6,-7.212294101715088,1.394309163093567
ZW-11,ZW-11.jpg,2,-3.6318390369415283,-2.5042591094970703
ZW-12,ZW-12.jpg,2,-2.926607131958008,-2.2605550289154053
ZW-13,ZW-13.jpg,0,5.353238582611084,-8.019944190979004
ZW-14,ZW-14.jpg,3,-0.002287557115778327,-6.981276512145996
ZW-15,ZW-15.jpg,9,-1.3599733114242554,-0.37363022565841675
ZW-16,ZW-16.jpg,3,-1.6947146654129028,-2.7271456718444824
ZW-17,ZW-17.jpg,3,0.48469293117523193,-0.15481552481651306
ZW-18,ZW-18.jpg,8,-0.33610668778419495,1.5787012577056885
ZW-19,ZW-19.jpg,9,1.9298526048660278,-3.045715808868408
ZW-20,ZW-20.jpg,2,-2.9020376205444336,-0.04141781106591225
ZW-21,ZW-21.jpg,5,0.30720657110214233,1.2472779750823975
ZW-22,ZW-22.jpg,2,-4.44815731048584,0.787200391292572
ZW-23,ZW-23.jpg,9,2.798048496246338,-2.059782028198242
ZW-24,ZW-24.jpg,2,-5.922892093658447,1.3144489526748657
ZW-25,ZW-25.jpg,0,-0.2344604879617691,-3.7716355323791504
ZW-26,ZW-26.jpg,10,-3.405618906021118,4.682554721832275
ZW-27,ZW-27.jpg,9,1.8663132190704346,-0.32006630301475525
ZW-28,ZW-28.jpg,2,-7.0283660888671875,-0.8009786605834961
ZW-29,ZW-29.jpg,2,-4.652682781219482,-3.740980625152588
ZW-30,ZW-30.jpg,9,0.613937258720398,0.8276322484016418
ZW-31,ZW-31.jpg,9,-2.74987530708313,-3.0939695835113525
ZW-32,ZW-32.jpg,9,1.9981210231781006,-1.8857372999191284
ZW-33,ZW-33.jpg,9,-1.6466608047485352,-0.8498064875602722
ZW-34,ZW-34.jpg,11,-2.0702950954437256,-9.53381061553955
ZW-35,ZW-35.jpg,4,5.183656215667725,1.9516311883926392
ZW-36,ZW-36.jpg,8,-1.288048505783081,2.0138537883758545
ZW-37,ZW-37.jpg,3,1.6574128866195679,-0.7935073375701904
ZW-38,ZW-38.jpg,7,11.726522445678711,-0.5947228074073792
ZW-39,ZW-39.jpg,0,5.927384376525879,-5.264970779418945
ZW-40,ZW-40.jpg,9,0.9965919852256775,-2.15148663520813
ZW-41,ZW-41.jpg,9,-1.0076193809509277,-2.921396017074585
ZW-42,ZW-42.jpg,4,2.2447712421417236,6.466561317443848
ZW-43,ZW-43.jpg,4,5.0155181884765625,4.96734094619751
ZW-44,ZW-44.jpg,8,-3.660966157913208,1.363645315170288
ZW-45,ZW-45.jpg,8,1.2474439144134521,3.2827606201171875
ZW-46,ZW-46.jpg,0,3.7017369270324707,-0.7458396553993225
ZW-47,ZW-47.jpg,11,-1.9998960494995117,-6.683827877044678
ZW-48,ZW-48.jpg,6,-10.405516624450684,0.4209788143634796
ZW-49,ZW-49.jpg,9,-0.32082462310791016,-3.5295088291168213
ZW-50,ZW-50.jpg,11,0.4623548686504364,-4.150906085968018
GT-1,GT-1.jpg,9,-0.7121050357818604,-0.10363810509443283
GT-2,GT-2.jpg,2,-2.2829177379608154,0.9492390155792236
GT-3,GT-3.jpg,2,-1.1020629405975342,1.7150081396102905
GT-4,GT-4.jpg,9,-0.34486204385757446,0.14139804244041443
GT-5,GT-5.jpg,0,6.876861095428467,-2.5909883975982666
GT-6,GT-6.jpg,9,1.2134125232696533,-0.34834054112434387
GT-7,GT-7.jpg,8,-1.263228416442871,1.3105496168136597
GT-8,GT-8.jpg,7,8.16295051574707,2.5170743465423584
GT-9,GT-9.jpg,4,3.865452289581299,-0.2416663020849228
GT-10,GT-10.jpg,2,-2.109551191329956,-1.0058046579360962
GT-11,GT-11.jpg,0,5.694961071014404,-2.6943254470825195
GT-12,GT-12.jpg,5,-1.2739962339401245,-1.3619078397750854
GT-13,GT-13.jpg,1,9.868451118469238,1.2951714992523193
GT-14,GT-14.jpg,2,-7.336434364318848,-1.8732390403747559
GT-15,GT-15.jpg,9,-1.5997062921524048,-0.3604590892791748
GT-16,GT-16.jpg,4,0.060888879001140594,2.7985799312591553
GT-17,GT-17.jpg,6,-7.132453441619873,3.935309648513794
GT-18,GT-18.jpg,2,-4.339112281799316,0.2663092315196991
GT-19,GT-19.jpg,3,0.5456620454788208,1.5194987058639526
GT-20,GT-20.jpg,10,-3.221768379211426,2.3782525062561035
GT-21,GT-21.jpg,3,-2.905522584915161,0.2919156551361084
GT-22,GT-22.jpg,2,-4.875819206237793,-4.0719451904296875
GT-23,GT-23.jpg,8,-2.7079014778137207,2.0164599418640137
GT-24,GT-24.jpg,11,-1.9036881923675537,-4.913989067077637
GT-25,GT-25.jpg,8,-2.7812998294830322,1.6809555292129517
GT-26,GT-26.jpg,9,-1.3228529691696167,0.28407570719718933
GT-27,GT-27.jpg,2,-4.40254545211792,-1.7252594232559204
GT-28,GT-28.jpg,7,7.637578010559082,0.4973256289958954
GT-29,GT-29.jpg,6,-7.361684799194336,5.1507978439331055
GT-30,GT-30.jpg,2,-4.3956522941589355,-1.314992070198059
GT-31,GT-31.jpg,8,-3.1378815174102783,1.616918683052063
GT-32,GT-32.jpg,9,-1.3617080450057983,-1.7724255323410034
GT-33,GT-33.jpg,8,-1.9925836324691772,3.634126901626587
GT-34,GT-34.jpg,4,1.7105178833007812,0.5305240750312805
GT-35,GT-35.jpg,6,-4.82583475112915,1.7349519729614258
GT-36,GT-36.jpg,4,2.2987399101257324,2.457813024520874
GT-37,GT-37.jpg,9,-1.5093803405761719,-0.25895288586616516
GT-38,GT-38.jpg,5,1.3940708637237549,-1.2948102951049805
GT-39,GT-39.jpg,2,-2.50366473197937,-2.119858503341675
GT-40,GT-40.jpg,6,-7.027987480163574,4.265742301940918
GT-41,GT-41.jpg,8,-0.1486831158399582,3.392016649246216
GT-42,GT-42.jpg,8,0.029244137927889824,4.934276580810547
GT-43,GT-43.jpg,2,-4.4928154945373535,-2.018684148788452
GT-44,GT-44.jpg,4,0.800144374370575,4.39855432510376
GT-45,GT-45.jpg,2,-3.020806074142456,1.0805870294570923
GT-46,GT-46.jpg,3,-3.150636672973633,0.6177672743797302
GT-47,GT-47.jpg,9,-1.6509095430374146,-2.32658314704895
GT-48,GT-48.jpg,0,1.6199474334716797,-5.638304710388184
GT-49,GT-49.jpg,8,-1.8011300563812256,2.493306875228882
GT-50,GT-50.jpg,7,4.447414875030518,-1.8823121786117554
GU-1,GU-1.jpg,6,-6.447649955749512,2.262430429458618
GU-2,GU-2.jpg,2,-3.504741668701172,-1.55631422996521
GU-3,GU-3.jpg,6,-3.4384348392486572,4.689167022705078
GU-4,GU-4.jpg,7,4.281805992126465,-2.1094276905059814
GU-5,GU-5.jpg,8,-2.786846876144409,1.3982120752334595
GU-6,GU-6.jpg,11,0.0921831801533699,-4.201274871826172
GU-7,GU-7.jpg,9,-0.14726375043392181,1.1906373500823975
GU-8,GU-8.jpg,6,-8.504356384277344,2.868199110031128
GU-9,GU-9.jpg,2,-5.079980373382568,1.146781325340271
GU-10,GU-10.jpg,2,-6.363880634307861,3.2717554569244385
GU-11,GU-11.jpg,11,-0.09384354203939438,-5.428945064544678
GU-12,GU-12.jpg,9,0.7876059412956238,-3.3456099033355713
GU-13,GU-13.jpg,8,-3.4475481510162354,2.1313881874084473
GU-14,GU-14.jpg,2,-6.02111291885376,0.4942939281463623
GU-15,GU-15.jpg,8,-1.5515973567962646,5.9311065673828125
GU-16,GU-16.jpg,7,3.550706624984741,3.1806509494781494
GU-17,GU-17.jpg,3,-4.849544525146484,-0.9136672616004944
GU-18,GU-18.jpg,11,-0.9469049572944641,-5.6742844581604
GU-19,GU-19.jpg,4,4.059308052062988,0.8068106770515442
GU-20,GU-20.jpg,10,-5.473178386688232,5.462043285369873
GU-21,GU-21.jpg,9,-0.290836900472641,-0.5380409359931946
GU-22,GU-22.jpg,11,-3.6767637729644775,-5.414358615875244
GU-23,GU-23.jpg,2,-4.065323829650879,0.16829802095890045
GU-24,GU-24.jpg,9,-0.2775369882583618,1.663476586341858
GU-25,GU-25.jpg,8,-0.5409728288650513,4.5549750328063965
GU-26,GU-26.jpg,8,-2.3380496501922607,2.4634087085723877
GU-27,GU-27.jpg,2,-5.114461898803711,-1.803654432296753
GU-28,GU-28.jpg,10,-5.790196418762207,5.640009880065918
GU-29,GU-29.jpg,9,-0.25689542293548584,-1.3716793060302734
GU-30,GU-30.jpg,6,-6.357366561889648,2.70133113861084
GU-31,GU-31.jpg,11,-2.0689001083374023,-2.0996499061584473
GU-32,GU-32.jpg,3,0.8648072481155396,-3.5243146419525146
GU-33,GU-33.jpg,5,1.8562077283859253,-0.7997381091117859
GU-34,GU-34.jpg,4,3.782860040664673,0.941399097442627
GU-35,GU-35.jpg,8,-0.016008222475647926,3.239220142364502
GU-36,GU-36.jpg,8,-0.22700275480747223,1.4360367059707642
GU-37,GU-37.jpg,2,-4.666138172149658,-4.806481838226318
GU-38,GU-38.jpg,5,-1.0327343940734863,2.326345443725586
GU-39,GU-39.jpg,11,0.9269773960113525,-3.2993721961975098
GU-40,GU-40.jpg,3,0.9906824827194214,-2.2568318843841553
GU-41,GU-41.jpg,11,0.02505013532936573,-3.8679678440093994
GU-42,GU-42.jpg,7,4.223928451538086,1.496174931526184
GU-43,GU-43.jpg,3,-0.3278059959411621,-1.8733346462249756
GU-44,GU-44.jpg,6,-7.033016681671143,2.254018545150757
GU-45,GU-45.jpg,11,-0.9184107780456543,-5.519754409790039
GU-46,GU-46.jpg,11,-1.471829891204834,-4.577387809753418
GU-47,GU-47.jpg,6,-8.637796401977539,1.4963428974151611
GU-48,GU-48.jpg,6,-6.2314982414245605,2.5446858406066895
GU-49,GU-49.jpg,8,-3.385969638824463,1.5804768800735474
GU-50,GU-50.jpg,2,-4.564651012420654,0.6856750249862671
GY-1,GY-1.jpg,8,-5.504169940948486,5.416296482086182
GY-2,GY-2.jpg,10,-3.1843972206115723,8.409340858459473
GY-3,GY-3.jpg,8,0.2843538224697113,4.660760402679443
GY-4,GY-4.jpg,2,-3.111032247543335,-1.6133474111557007
GY-5,GY-5.jpg,4,1.6153956651687622,2.910515069961548
GY-6,GY-6.jpg,8,-1.884587049484253,4.035840034484863
GY-7,GY-7.jpg,6,-3.419954299926758,1.4297459125518799
GY-8,GY-8.jpg,8,-4.0927863121032715,3.2567269802093506
GY-9,GY-9.jpg,6,-4.668234825134277,2.3184280395507812
GY-10,GY-10.jpg,7,3.9943017959594727,-0.7472174167633057
GY-11,GY-11.jpg,2,-2.996875286102295,1.9074264764785767
GY-12,GY-12.jpg,10,-3.8959381580352783,5.676984786987305
GY-13,GY-13.jpg,10,-3.5763111114501953,11.065086364746094
GY-14,GY-14.jpg,4,6.465348243713379,5.795861721038818
GY-15,GY-15.jpg,9,0.36544540524482727,-2.561005115509033
GY-16,GY-16.jpg,10,-5.8239665031433105,3.5329086780548096
GY-17,GY-17.jpg,7,3.6255574226379395,0.5957673788070679
GY-18,GY-18.jpg,8,-4.0927863121032715,3.2567269802093506
GY-19,GY-19.jpg,2,-3.563019037246704,-0.1614757478237152
GY-20,GY-20.jpg,9,-1.5950132608413696,-1.2864919900894165
GY-21,GY-21.jpg,6,-4.628321647644043,4.209796905517578
GY-22,GY-22.jpg,2,-7.202662944793701,1.2405507564544678
GY-23,GY-23.jpg,6,-8.17463207244873,6.147103786468506
GY-24,GY-24.jpg,2,-3.465301275253296,-0.07299291342496872
GY-25,GY-25.jpg,8,-4.0927863121032715,3.2567269802093506
GY-26,GY-26.jpg,10,-3.5763111114501953,11.065086364746094
GY-27,GY-27.jpg,8,-3.446901321411133,2.5787577629089355
GY-28,GY-28.jpg,3,-2.604465961456299,-1.481566309928894
GY-29,GY-29.jpg,11,-0.9483187198638916,-7.581421375274658
GY-30,GY-30.jpg,8,-5.198129653930664,2.7926619052886963
GY-31,GY-31.jpg,8,1.3581695556640625,5.371405601501465
GY-32,GY-32.jpg,11,-1.5309275388717651,-3.429929733276367
GY-33,GY-33.jpg,7,7.794341087341309,-1.4045908451080322
GY-34,GY-34.jpg,8,-5.185204982757568,2.8086023330688477
GY-35,GY-35.jpg,3,-2.0457112789154053,1.917567491531372
GY-36,GY-36.jpg,5,1.727663278579712,1.7894301414489746
GY-37,GY-37.jpg,10,-6.875988483428955,6.482097625732422
GY-38,GY-38.jpg,8,0.089871346950531,5.9716081619262695
GY-39,GY-39.jpg,10,-7.117711067199707,6.443906784057617
GY-40,GY-40.jpg,4,5.1552934646606445,0.24100273847579956
GY-41,GY-41.jpg,2,-2.2761390209198,-0.3359525501728058
GY-42,GY-42.jpg,6,-8.017462730407715,3.905050277709961
GY-43,GY-43.jpg,8,0.1748201549053192,2.4967329502105713
GY-44,GY-44.jpg,9,-0.34860873222351074,-2.909550189971924
GY-45,GY-45.jpg,8,-1.0200037956237793,4.715414047241211
GY-46,GY-46.jpg,9,-1.2377829551696777,-1.8096835613250732
GY-47,GY-47.jpg,6,-4.637789249420166,2.4507064819335938
GY-48,GY-48.jpg,6,-4.624917507171631,4.222930908203125
GY-49,GY-49.jpg,11,-2.592822551727295,-4.413158416748047
GY-50,GY-50.jpg,3,-0.0954425260424614,3.9030356407165527
HK-1,HK-1.jpg,1,10.30949878692627,1.6192526817321777
HK-2,HK-2.jpg,11,-1.9198055267333984,-4.178494930267334
HK-3,HK-3.jpg,2,-4.0541253089904785,-2.5999410152435303
HK-4,HK-4.jpg,1,9.464993476867676,1.8149831295013428
HK-5,HK-5.jpg,6,-9.29215145111084,2.943871021270752
HK-6,HK-6.jpg,0,2.7269680500030518,-6.587179183959961
HK-7,HK-7.jpg,8,-2.6417603492736816,1.8498224020004272
HK-8,HK-8.jpg,7,6.079279899597168,0.24091525375843048
HK-9,HK-9.jpg,9,1.3818937540054321,-2.2981090545654297
HK-10,HK-10.jpg,5,-1.0450681447982788,-2.7816200256347656
HK-11,HK-11.jpg,8,-4.1528096199035645,3.016108274459839
HK-12,HK-12.jpg,1,9.75366497039795,-0.007037317845970392
HK-13,HK-13.jpg,0,3.4787495136260986,-8.424116134643555
HK-14,HK-14.jpg,1,7.647792816162109,4.826792240142822
HK-15,HK-15.jpg,2,-5.003027439117432,-3.9591152667999268
HK-16,HK-16.jpg,9,-2.3613977432250977,0.5789890885353088
HK-17,HK-17.jpg,7,9.98306655883789,-2.8341166973114014
HK-18,HK-18.jpg,7,7.2174577713012695,-1.400290846824646
HK-19,HK-19.jpg,11,-0.24617792665958405,-4.129983425140381
HK-20,HK-20.jpg,3,1.1592541933059692,-1.8925693035125732
HK-21,HK-21.jpg,7,8.579825401306152,-0.031527016311883926
HK-22,HK-22.jpg,9,2.918621778488159,-0.19568711519241333
HK-23,HK-23.jpg,6,-7.889532089233398,5.733624458312988
HK-24,HK-24.jpg,11,-1.3943471908569336,-6.546827793121338
HK-25,HK-25.jpg,6,-9.120110511779785,0.6994463801383972
HK-26,HK-26.jpg,10,-2.507751226425171,5.540248394012451
HK-27,HK-27.jpg,1,9.815606117248535,6.001682758331299
HK-28,HK-28.jpg,4,5.193029403686523,0.9182185530662537
HK-29,HK-29.jpg,4,3.3178634643554688,-0.530902087688446
HK-30,HK-30.jpg,8,0.8465753197669983,3.4592509269714355
HK-31,HK-31.jpg,3,-3.4017605781555176,-0.5716992020606995
HK-32,HK-32.jpg,9,-1.8738787174224854,-1.0441689491271973
HK-33,HK-33.jpg,10,1.650776743888855,10.081489562988281
HK-34,HK-34.jpg,5,2.6021881103515625,-1.52004873752594
HK-35,HK-35.jpg,8,1.2888401746749878,9.168229103088379
HK-36,HK-36.jpg,0,2.958014726638794,-6.860560417175293
HK-37,HK-37.jpg,11,-0.16888850927352905,-4.0176849365234375
HK-38,HK-38.jpg,3,-2.702735185623169,5.5938191413879395
HK-39,HK-39.jpg,2,-5.010691165924072,-1.1118298768997192
HK-40,HK-40.jpg,9,2.145338535308838,-0.07929595559835434
HK-41,HK-41.jpg,7,7.353909969329834,4.51248836517334
HK-42,HK-42.jpg,6,-5.226891040802002,3.756455421447754
HK-43,HK-43.jpg,10,-5.451509475708008,10.474937438964844
HK-44,HK-44.jpg,9,1.4484254121780396,0.5985786318778992
HK-45,HK-45.jpg,7,5.781524181365967,-0.7610465288162231
HK-46,HK-46.jpg,2,-2.1086010932922363,-1.7498060464859009
HK-47,HK-47.jpg,2,-7.588159561157227,-1.0634448528289795
HK-48,HK-48.jpg,9,0.059817008674144745,-0.9187188148498535
HK-49,HK-49.jpg,7,9.706212997436523,-2.027087926864624
HK-50,HK-50.jpg,2,-3.1453115940093994,1.4797998666763306
HN-1,HN-1.jpg,6,-9.050496101379395,2.235161304473877
HN-2,HN-2.jpg,9,1.6297746896743774,-0.26276808977127075
HN-3,HN-3.jpg,6,-7.853594779968262,5.74345588684082
HN-4,HN-4.jpg,2,-4.292937755584717,-2.0932369232177734
HN-5,HN-5.jpg,11,-1.6680363416671753,-4.5493550300598145
HN-6,HN-6.jpg,9,0.11406029760837555,0.7975749969482422
HN-7,HN-7.jpg,0,0.9210556149482727,-3.724712371826172
HN-8,HN-8.jpg,9,-0.1228584572672844,0.015361194498836994
HN-9,HN-9.jpg,5,-2.3906984329223633,-1.9449665546417236
HN-10,HN-10.jpg,9,0.4112175703048706,-3.2528796195983887
HN-11,HN-11.jpg,2,-4.693785190582275,-1.3825054168701172
HN-12,HN-12.jpg,9,0.1858028769493103,-3.2441155910491943
HN-13,HN-13.jpg,0,3.591984987258911,-4.785937309265137
HN-14,HN-14.jpg,9,-0.13454283773899078,-0.8077301383018494
HN-15,HN-15.jpg,5,-0.08353140205144882,4.293475151062012
HN-16,HN-16.jpg,3,-3.910891056060791,0.42299675941467285
HN-17,HN-17.jpg,3,-2.876680374145508,1.6508393287658691
HN-18,HN-18.jpg,10,-3.30214524269104,8.473649978637695
HN-19,HN-19.jpg,4,2.1023261547088623,0.01710427924990654
HN-20,HN-20.jpg,5,-0.5415840148925781,0.34173330664634705
HN-21,HN-21.jpg,11,-1.111753225326538,-4.970729351043701
HN-22,HN-22.jpg,2,-5.305138111114502,-3.54948353767395
HN-23,HN-23.jpg,2,-5.439493179321289,0.3464694619178772
HN-24,HN-24.jpg,2,-4.81247091293335,-1.174464225769043
HN-25,HN-25.jpg,10,-6.85896110534668,4.119457244873047
HN-26,HN-26.jpg,3,-4.503707408905029,-0.13744698464870453
HN-27,HN-27.jpg,9,0.17240206897258759,-0.11919647455215454
HN-28,HN-28.jpg,6,-5.935505390167236,1.7659236192703247
HN-29,HN-29.jpg,8,-2.2342801094055176,4.6599812507629395
HN-30,HN-30.jpg,2,-6.634954929351807,-2.5527243614196777
HN-31,HN-31.jpg,7,7.683210849761963,-0.13057836890220642
HN-32,HN-32.jpg,9,0.5181613564491272,-2.0077857971191406
HN-33,HN-33.jpg,3,-0.17156609892845154,-0.7787575125694275
HN-34,HN-34.jpg,2,-5.094784736633301,-0.2832690477371216
HN-35,HN-35.jpg,2,-3.736259937286377,-1.7481000423431396
HN-36,HN-36.jpg,8,-1.7129536867141724,1.0463547706604004
HN-37,HN-37.jpg,11,-2.266777515411377,-1.2448009252548218
HN-38,HN-38.jpg,6,-6.0070905685424805,5.952367782592773
HN-39,HN-39.jpg,8,-1.7589335441589355,0.6525843739509583
HN-40,HN-40.jpg,6,-6.842959880828857,1.6549608707427979
HN-41,HN-41.jpg,9,-1.6203356981277466,-1.56845223903656
HN-42,HN-42.jpg,9,1.7472918033599854,-2.5854785442352295
HN-43,HN-43.jpg,5,-2.11586594581604,0.1738792061805725
HN-44,HN-44.jpg,9,0.15268856287002563,-3.8745861053466797
HN-45,HN-45.jpg,11,-1.9380897283554077,-3.633800745010376
HN-46,HN-46.jpg,7,6.028814792633057,-3.0478017330169678
HN-47,HN-47.jpg,4,1.4374494552612305,1.2344648838043213
HN-48,HN-48.jpg,2,-5.528109550476074,-2.53554368019104
HN-49,HN-49.jpg,2,-3.575139284133911,-0.6304190158843994
HN-50,HN-50.jpg,3,-0.069943368434906,1.6667983531951904
HR-1,HR-1.jpg,2,-4.739132404327393,0.9961209297180176
HR-2,HR-2.jpg,0,5.686457633972168,-4.115936756134033
HR-3,HR-3.jpg,9,1.7935198545455933,-0.0771145299077034
HR-4,HR-4.jpg,3,-1.3675185441970825,0.5521634817123413
HR-5,HR-5.jpg,5,1.2007619142532349,-4.263483047485352
HR-6,HR-6.jpg,5,-3.0761663913726807,-4.413808345794678
HR-7,HR-7.jpg,9,-1.8690662384033203,-1.7296371459960938
HR-8,HR-8.jpg,9,3.1297245025634766,-0.33862707018852234
HR-9,HR-9.jpg,9,-1.142181396484375,0.20304536819458008
HR-10,HR-10.jpg,2,-3.5777735710144043,-1.8984148502349854
HR-11,HR-11.jpg,5,-2.0108604431152344,0.2327319234609604
HR-12,HR-12.jpg,0,4.456369400024414,-6.219158172607422
HR-13,HR-13.jpg,3,-1.839226245880127,0.05277037248015404
HR-14,HR-14.jpg,4,0.970293402671814,0.43701598048210144
HR-15,HR-15.jpg,0,3.292304515838623,-3.719806671142578
HR-16,HR-16.jpg,5,-0.7792031764984131,-1.7454344034194946
HR-17,HR-17.jpg,4,2.8744595050811768,1.8173803091049194
HR-18,HR-18.jpg,5,-4.452877044677734,0.05395727604627609
HR-19,HR-19.jpg,6,-6.153698921203613,4.600157737731934
HR-20,HR-20.jpg,9,3.5137245655059814,-1.0505722761154175
HR-21,HR-21.jpg,9,-1.7782796621322632,-1.2070368528366089
HR-22,HR-22.jpg,4,5.647951602935791,4.983148097991943
HR-23,HR-23.jpg,0,2.1831374168395996,-5.195771217346191
HR-24,HR-24.jpg,5,-1.1017653942108154,0.2081214040517807
HR-25,HR-25.jpg,0,2.1830406188964844,-5.8240251541137695
HR-26,HR-26.jpg,3,-0.09727762639522552,-0.4128473997116089
HR-27,HR-27.jpg,8,-1.8350244760513306,3.0618250370025635
HR-28,HR-28.jpg,2,-4.193790912628174,-0.5085306763648987
HR-29,HR-29.jpg,7,3.770504951477051,-2.124514102935791
HR-30,HR-30.jpg,9,0.8156602382659912,-1.107211947441101
HR-31,HR-31.jpg,10,-5.5801215171813965,7.5527448654174805
HR-32,HR-32.jpg,9,-0.36526352167129517,-2.2331643104553223
HR-33,HR-33.jpg,9,-1.5994335412979126,-1.882338523864746
HR-34,HR-34.jpg,4,2.0877180099487305,0.44527652859687805
HR-35,HR-35.jpg,5,3.3339130878448486,-1.049774408340454
HR-36,HR-36.jpg,0,5.797684192657471,-3.3122079372406006
HR-37,HR-37.jpg,9,3.062472105026245,-2.7811074256896973
HR-38,HR-38.jpg,2,-5.155422687530518,0.03848695382475853
HR-39,HR-39.jpg,9,3.420010566711426,-1.7484744787216187
HR-40,HR-40.jpg,9,-0.6423953175544739,-3.0916635990142822
HR-41,HR-41.jpg,6,-5.635603427886963,5.3978047370910645
HR-42,HR-42.jpg,6,-7.300308704376221,3.6466565132141113
HR-43,HR-43.jpg,9,-2.558518648147583,-1.3641490936279297
HR-44,HR-44.jpg,8,-3.456202268600464,2.5628418922424316
HR-45,HR-45.jpg,10,-3.2206337451934814,4.952091217041016
HR-46,HR-46.jpg,4,4.202678680419922,-0.14032842218875885
HR-47,HR-47.jpg,1,10.104715347290039,2.746058940887451
HR-48,HR-48.jpg,0,3.102679967880249,-3.6152217388153076
HR-49,HR-49.jpg,2,-4.206330299377441,-0.6548589468002319
HR-50,HR-50.jpg,11,-1.4435774087905884,-4.2281036376953125
HT-1,HT-1.jpg,11,-5.889595985412598,-5.391876697540283
HT-2,HT-2.jpg,7,6.865060329437256,-3.12756085395813
HT-3,HT-3.jpg,11,-2.7586865425109863,-4.486940383911133
HT-4,HT-4.jpg,2,-7.718640327453613,-1.2813801765441895
HT-5,HT-5.jpg,2,-3.4829885959625244,-0.3519948720932007
HT-6,HT-6.jpg,8,-3.518278121948242,0.8397358059883118
HT-7,HT-7.jpg,2,-2.6477651596069336,0.502505362033844
HT-8,HT-8.jpg,2,-7.749373912811279,-2.448777437210083
HT-9,HT-9.jpg,9,3.9423880577087402,-1.4616858959197998
HT-10,HT-10.jpg,9,1.8467614650726318,-0.9915436506271362
HT-11,HT-11.jpg,8,1.077439308166504,2.0024783611297607
HT-12,HT-12.jpg,2,-3.664472818374634,-0.29441824555397034
HT-13,HT-13.jpg,2,-4.10115385055542,-2.1788227558135986
HT-14,HT-14.jpg,4,4.450453758239746,0.9845634698867798
HT-15,HT-15.jpg,9,-0.988103985786438,-1.4036213159561157
HT-16,HT-16.jpg,11,-1.6802406311035156,-3.694326877593994
HT-17,HT-17.jpg,2,-3.5939743518829346,-2.396756887435913
HT-18,HT-18.jpg,4,3.136749029159546,1.315555453300476
HT-19,HT-19.jpg,2,-5.622974395751953,2.712064504623413
HT-20,HT-20.jpg,4,5.765810489654541,6.358804225921631
HT-21,HT-21.jpg,6,-8.19784927368164,2.91525936126709
HT-22,HT-22.jpg,9,-0.7441388964653015,-0.1526193618774414
HT-23,HT-23.jpg,9,-0.32143494486808777,-2.029989242553711
HT-24,HT-24.jpg,2,-7.367620944976807,1.7038649320602417
HT-25,HT-25.jpg,2,-8.095268249511719,-2.0602359771728516
HT-26,HT-26.jpg,11,-3.0988056659698486,-5.207801342010498
HT-27,HT-27.jpg,0,3.6384663581848145,-4.61352014541626
HT-28,HT-28.jpg,4,1.6602377891540527,1.047057032585144
HT-29,HT-29.jpg,7,6.163841247558594,-2.797008514404297
HT-30,HT-30.jpg,9,0.4177294075489044,-2.1457698345184326
HT-31,HT-31.jpg,5,-1.1284528970718384,-4.130613803863525
HT-32,HT-32.jpg,2,-3.5939743518829346,-2.396756887435913
HT-33,HT-33.jpg,0,1.0830556154251099,-5.030994892120361
HT-34,HT-34.jpg,9,2.0385377407073975,-3.25211763381958
HT-35,HT-35.jpg,5,-1.1944688558578491,-3.8079943656921387
HT-36,HT-36.jpg,2,-4.888113498687744,-3.443394899368286
HT-37,HT-37.jpg,9,1.8465096950531006,-0.9896553158760071
HT-38,HT-38.jpg,6,-5.273554801940918,2.0924935340881348
HT-39,HT-39.jpg,2,-5.431256294250488,-3.5536880493164062
HT-40,HT-40.jpg,8,-3.51967453956604,2.048570394515991
HT-41,HT-41.jpg,4,3.51282000541687,0.36533039808273315
HT-42,HT-42.jpg,2,-3.260815143585205,0.6213662028312683
HT-43,HT-43.jpg,2,-6.617670059204102,-1.099015712738037
HT-44,HT-44.jpg,2,-2.2262027263641357,-2.7003188133239746
HT-45,HT-45.jpg,11,-1.372703194618225,-5.022021770477295
HT-46,HT-46.jpg,4,3.0283682346343994,1.8392879962921143
HT-47,HT-47.jpg,2,-6.6584672927856445,-3.4087014198303223
HT-48,HT-48.jpg,3,0.2124207615852356,-4.7546281814575195
HT-49,HT-49.jpg,0,4.546628475189209,-2.7058565616607666
HT-50,HT-50.jpg,5,-1.5149872303009033,-0.08230830729007721
HU-1,HU-1.jpg,3,-0.07437362521886826,-0.08143199980258942
HU-2,HU-2.jpg,8,-0.28503185510635376,3.867638349533081
HU-3,HU-3.jpg,7,6.059021472930908,-0.18104474246501923
HU-4,HU-4.jpg,3,-3.6704580783843994,1.6070047616958618
HU-5,HU-5.jpg,8,-1.4982749223709106,6.782437324523926
HU-6,HU-6.jpg,9,-0.30561405420303345,-0.9131916761398315
HU-7,HU-7.jpg,7,9.989689826965332,-0.8355531692504883
HU-8,HU-8.jpg,0,3.0504796504974365,-2.601921558380127
HU-9,HU-9.jpg,9,0.7414180636405945,-1.4836357831954956
HU-10,HU-10.jpg,2,-2.3772425651550293,0.16882997751235962
HU-11,HU-11.jpg,5,1.2251536846160889,0.312740683555603
HU-12,HU-12.jpg,11,-1.7767566442489624,-2.644397497177124
HU-13,HU-13.jpg,3,3.344787836074829,-2.3453710079193115
HU-14,HU-14.jpg,4,4.484797477722168,2.912719249725342
HU-15,HU-15.jpg,11,-1.1447678804397583,-8.830977439880371
HU-16,HU-16.jpg,3,-4.983654022216797,1.9136886596679688
HU-17,HU-17.jpg,0,2.720959424972534,-0.4598950445652008
HU-18,HU-18.jpg,2,-3.3597707748413086,-2.807201623916626
HU-19,HU-19.jpg,10,-2.078223466873169,11.281684875488281
HU-20,HU-20.jpg,3,-0.9978892803192139,0.6581605076789856
HU-21,HU-21.jpg,9,-0.9401637315750122,-2.3117430210113525
HU-22,HU-22.jpg,8,-1.046594262123108,5.4170241355896
HU-23,HU-23.jpg,2,-5.234156131744385,-2.419126510620117
HU-24,HU-24.jpg,8,-1.744183897972107,0.5478677153587341
HU-25,HU-25.jpg,7,10.535307884216309,1.3125003576278687
HU-26,HU-26.jpg,4,1.3751786947250366,2.901074171066284
HU-27,HU-27.jpg,4,4.52012300491333,8.03464412689209
HU-28,HU-28.jpg,4,4.169932842254639,4.466873645782471
HU-29,HU-29.jpg,11,-2.1509194374084473,-3.848670244216919
HU-30,HU-30.jpg,3,-1.881402850151062,1.537809133529663
HU-31,HU-31.jpg,0,1.9921263456344604,-5.340541839599609
HU-32,HU-32.jpg,3,-1.5398142337799072,0.09876774996519089
HU-33,HU-33.jpg,4,5.845790386199951,3.812380313873291
HU-34,HU-34.jpg,11,-0.29939746856689453,-4.804815292358398
HU-35,HU-35.jpg,4,-0.21106840670108795,1.1410986185073853
HU-36,HU-36.jpg,5,-0.8138957023620605,-5.032427787780762
HU-37,HU-37.jpg,11,0.42735710740089417,-6.937044143676758
HU-38,HU-38.jpg,7,6.452403545379639,1.9080185890197754
HU-39,HU-39.jpg,3,-2.9710307121276855,1.4528295993804932
HU-40,HU-40.jpg,4,1.7066594362258911,2.73258113861084
HU-41,HU-41.jpg,2,-6.374911308288574,-0.5965275764465332
HU-42,HU-42.jpg,7,9.615141868591309,0.5096670389175415
HU-43,HU-43.jpg,1,7.840620994567871,1.9906517267227173
HU-44,HU-44.jpg,8,-2.9519970417022705,6.489733695983887
HU-45,HU-45.jpg,7,4.2671217918396,-0.1712416112422943
HU-46,HU-46.jpg,9,-0.19816739857196808,-1.3490426540374756
HU-47,HU-47.jpg,1,7.882189750671387,4.11052131652832
HU-48,HU-48.jpg,10,-4.0583415031433105,3.254607677459717
HU-49,HU-49.jpg,0,5.112422466278076,-4.913290500640869
HU-50,HU-50.jpg,11,-3.5054008960723877,-5.482445240020752
ID-1,ID-1.jpg,7,5.931873321533203,-2.9720165729522705
ID-2,ID-2.jpg,3,1.3915599584579468,-0.8175644874572754
ID-3,ID-3.jpg,4,2.849595308303833,2.6610913276672363
ID-4,ID-4.jpg,8,-2.8413448333740234,2.552880048751831
ID-5,ID-5.jpg,2,-2.152472496032715,-0.733586311340332
ID-6,ID-6.jpg,9,-1.3668099641799927,-2.4952523708343506
ID-7,ID-7.jpg,10,-2.481510877609253,8.090242385864258
ID-8,ID-8.jpg,4,4.610175132751465,1.1836400032043457
ID-9,ID-9.jpg,10,-5.120133399963379,6.6474385261535645
ID-10,ID-10.jpg,4,4.099223613739014,6.886493682861328
ID-11,ID-11.jpg,9,-0.005998668726533651,-1.9937208890914917
ID-12,ID-12.jpg,6,-4.44019889831543,5.723681449890137
ID-13,ID-13.jpg,11,-2.4493613243103027,-5.258037090301514
ID-14,ID-14.jpg,2,-8.2828369140625,0.6858140826225281
ID-15,ID-15.jpg,4,5.216030597686768,3.015277147293091
ID-16,ID-16.jpg,9,-0.12559469044208527,-0.1686004102230072
ID-17,ID-17.jpg,7,9.161205291748047,0.22112396359443665
ID-18,ID-18.jpg,1,6.632457256317139,6.21383810043335
ID-19,ID-19.jpg,8,0.8673035502433777,4.009135723114014
ID-20,ID-20.jpg,0,4.152643203735352,-5.9561638832092285
ID-21,ID-21.jpg,2,-7.907358646392822,-1.5168280601501465
ID-22,ID-22.jpg,2,-4.988370895385742,1.5262190103530884
ID-23,ID-23.jpg,4,1.695848822593689,0.2249952256679535
ID-24,ID-24.jpg,6,-9.075971603393555,3.7156128883361816
ID-25,ID-25.jpg,9,1.1894187927246094,-0.7589555978775024
ID-26,ID-26.jpg,4,2.7626707553863525,-0.49067169427871704
ID-27,ID-27.jpg,1,7.577475547790527,2.0780510902404785
ID-28,ID-28.jpg,9,2.098879098892212,-2.934875011444092
ID-29,ID-29.jpg,6,-4.355685710906982,0.501192033290863
ID-30,ID-30.jpg,7,6.888359546661377,1.4776309728622437
ID-31,ID-31.jpg,4,2.5802855491638184,0.9241865873336792
ID-32,ID-32.jpg,8,-3.0711586475372314,3.5458014011383057
ID-33,ID-33.jpg,0,2.1857776641845703,-8.1709623336792
ID-34,ID-34.jpg,10,-6.828075408935547,3.094242811203003
ID-35,ID-35.jpg,2,-2.6480298042297363,-0.02494414709508419
ID-36,ID-36.jpg,9,2.444307804107666,0.40339338779449463
ID-37,ID-37.jpg,8,-0.14578498899936676,3.647817850112915
ID-38,ID-38.jpg,4,3.819326639175415,0.6978217363357544
ID-39,ID-39.jpg,4,5.344709396362305,2.9383580684661865
ID-40,ID-40.jpg,8,-2.1270105838775635,0.11971757560968399
ID-41,ID-41.jpg,8,0.3463526964187622,7.840257167816162
ID-42,ID-42.jpg,4,2.8252193927764893,3.2964534759521484
ID-43,ID-43.jpg,3,3.0508222579956055,-0.9179642200469971
ID-44,ID-44.jpg,9,1.8881572484970093,-0.10944391787052155
ID-45,ID-45.jpg,1,9.136079788208008,5.998220920562744
ID-46,ID-46.jpg,8,-0.4337969422340393,3.01179575920105
ID-47,ID-47.jpg,6,-6.011767387390137,5.071253299713135
ID-48,ID-48.jpg,2,-3.3111469745635986,-2.6930480003356934
ID-49,ID-49.jpg,1,9.168317794799805,4.831047534942627
ID-50,ID-50.jpg,11,-0.18295013904571533,-8.10859203338623
IE-1,IE-1.jpg,11,1.6472554206848145,-8.25991439819336
IE-2,IE-2.jpg,3,-3.9445133209228516,-5.647161960601807
IE-3,IE-3.jpg,1,9.858393669128418,3.4590060710906982
IE-4,IE-4.jpg,10,-7.168030261993408,7.457843780517578
IE-5,IE-5.jpg,11,-1.734978437423706,-6.593249320983887
IE-6,IE-6.jpg,8,-0.768541157245636,2.752819299697876
IE-7,IE-7.jpg,5,-0.5674622654914856,-2.246868371963501
IE-8,IE-8.jpg,8,0.8586929440498352,4.21982479095459
IE-9,IE-9.jpg,2,-4.621441841125488,-2.1005678176879883
IE-10,IE-10.jpg,5,-2.55664324760437,0.1020689308643341
IE-11,IE-11.jpg,8,-0.40716752409935,2.3057994842529297
IE-12,IE-12.jpg,3,-5.450168132781982,-0.15580204129219055
IE-13,IE-13.jpg,9,-0.5179372429847717,-0.5797445178031921
IE-14,IE-14.jpg,2,-3.896585702896118,-4.5290069580078125
IE-15,IE-15.jpg,4,2.303309440612793,1.6364684104919434
IE-16,IE-16.jpg,2,-5.302088737487793,1.529453158378601
IE-17,IE-17.jpg,3,-2.3958067893981934,-3.4002978801727295
IE-18,IE-18.jpg,7,10.117330551147461,-0.5484132766723633
IE-19,IE-19.jpg,1,5.931057929992676,1.8299661874771118
IE-20,IE-20.jpg,6,-5.233944892883301,0.8946878910064697
IE-21,IE-21.jpg,6,-5.4722113609313965,1.5244362354278564
IE-22,IE-22.jpg,2,-3.076009750366211,-1.502212405204773
IE-23,IE-23.jpg,8,-1.2940013408660889,4.598808765411377
IE-24,IE-24.jpg,5,-1.3596855401992798,-2.012084722518921
IE-25,IE-25.jpg,4,1.2824406623840332,2.44560170173645
IE-26,IE-26.jpg,11,-1.0041651725769043,-6.556231498718262
IE-27,IE-27.jpg,0,2.511772394180298,-4.591951370239258
IE-28,IE-28.jpg,1,10.404830932617188,4.003320693969727
IE-29,IE-29.jpg,3,-2.828988552093506,-1.3838961124420166
IE-30,IE-30.jpg,8,-2.1302103996276855,5.068295478820801
IE-31,IE-31.jpg,8,-0.49170345067977905,3.12796950340271
IE-32,IE-32.jpg,4,2.705676794052124,3.0060155391693115
IE-33,IE-33.jpg,4,3.9068479537963867,-0.453666627407074
IE-34,IE-34.jpg,3,-4.549973964691162,1.2407360076904297
IE-35,IE-35.jpg,11,-1.2781689167022705,-3.357182741165161
IE-36,IE-36.jpg,9,-0.9493058919906616,-2.577270984649658
IE-37,IE-37.jpg,8,-1.5790570974349976,6.191112518310547
IE-38,IE-38.jpg,9,-0.04531197249889374,-0.7823513746261597
IE-39,IE-39.jpg,1,5.1580424308776855,4.337243556976318
IE-40,IE-40.jpg,0,1.4894483089447021,-1.8434916734695435
IE-41,IE-41.jpg,5,-0.5897414088249207,0.26836350560188293
IE-42,IE-42.jpg,9,2.3232474327087402,-2.1319847106933594
IE-43,IE-43.jpg,9,2.2109577655792236,-0.8804054260253906
IE-44,IE-44.jpg,9,1.7074981927871704,1.285752296447754
IE-45,IE-45.jpg,3,-1.9007518291473389,0.18602071702480316
IE-46,IE-46.jpg,9,-0.7329167723655701,-0.11382953822612762
IE-47,IE-47.jpg,3,-0.22138303518295288,-0.9601167440414429
IE-48,IE-48.jpg,2,-9.265295028686523,-3.326693058013916
IE-49,IE-49.jpg,4,1.18258798122406,4.751813888549805
IE-50,IE-50.jpg,2,-3.6203317642211914,-0.6230177283287048
IL-1,IL-1.jpg,9,0.0879402756690979,1.0236448049545288
IL-2,IL-2.jpg,7,4.348567008972168,-3.376974582672119
IL-3,IL-3.jpg,4,5.679210662841797,3.1140074729919434
IL-4,IL-4.jpg,6,-6.289167881011963,0.2820959985256195
IL-5,IL-5.jpg,9,0.6730380058288574,0.8952138423919678
IL-6,IL-6.jpg,0,-0.26479825377464294,-4.138859272003174
IL-7,IL-7.jpg,7,4.236480236053467,-1.618263840675354
IL-8,IL-8.jpg,2,-3.926109790802002,-2.862170457839966
IL-9,IL-9.jpg,4,0.28410133719444275,2.8442203998565674
IL-10,IL-10.jpg,9,0.8013660907745361,-3.1656908988952637
IL-11,IL-11.jpg,8,-0.5546233654022217,4.479770183563232
IL-12,IL-12.jpg,7,6.326226234436035,0.1654181033372879
IL-13,IL-13.jpg,6,-8.835758209228516,1.500738263130188
IL-14,IL-14.jpg,9,-1.108992099761963,-0.4247267544269562
IL-15,IL-15.jpg,11,-2.2416317462921143,-3.591541290283203
IL-16,IL-16.jpg,9,2.627081871032715,-0.5147199630737305
IL-17,IL-17.jpg,0,4.252185344696045,-5.124015808105469
IL-18,IL-18.jpg,9,-1.3327537775039673,-2.4893224239349365
IL-19,IL-19.jpg,9,1.4186033010482788,1.547149419784546
IL-20,IL-20.jpg,4,2.0166053771972656,5.735395431518555
IL-21,IL-21.jpg,8,-0.6308568716049194,2.1120076179504395
IL-22,IL-22.jpg,11,1.6840953826904297,-4.227267742156982
IL-23,IL-23.jpg,4,2.158050298690796,0.45730113983154297
IL-24,IL-24.jpg,1,8.498173713684082,2.690929412841797
IL-25,IL-25.jpg,11,-4.067389965057373,-4.621959209442139
IL-26,IL-26.jpg,9,3.9213411808013916,-0.4738817811012268
IL-27,IL-27.jpg,5,-1.1908109188079834,-1.552708625793457
IL-28,IL-28.jpg,6,-7.137635231018066,6.396916389465332
IL-29,IL-29.jpg,1,7.890966892242432,2.9018397331237793
IL-30,IL-30.jpg,4,1.0484733581542969,2.53967547416687
IL-31,IL-31.jpg,8,0.3618786036968231,6.072298049926758
IL-32,IL-32.jpg,9,0.7612200379371643,0.2102554738521576
IL-33,IL-33.jpg,8,2.2437210083007812,7.610744953155518
IL-34,IL-34.jpg,3,-3.9457058906555176,-0.9528738856315613
IL-35,IL-35.jpg,9,0.083796925842762,0.6141587495803833
IL-36,IL-36.jpg,4,2.1050570011138916,8.240741729736328
IL-37,IL-37.jpg,7,3.4015486240386963,-3.0341482162475586
IL-38,IL-38.jpg,0,2.810023546218872,-1.477940559387207
IL-39,IL-39.jpg,3,-6.3764424324035645,0.384886234998703
IL-40,IL-40.jpg,2,-2.612163782119751,-2.238633155822754
IL-41,IL-41.jpg,9,0.28395217657089233,-2.6882123947143555
IL-42,IL-42.jpg,8,-4.529366970062256,5.1382527351379395
IL-43,IL-43.jpg,2,-5.451653957366943,1.14512300491333
IL-44,IL-44.jpg,8,-1.2426177263259888,3.456056833267212
IL-45,IL-45.jpg,10,-1.1495262384414673,6.239524841308594
IL-46,IL-46.jpg,2,-7.423285007476807,-1.4162126779556274
IL-47,IL-47.jpg,4,2.335513114929199,2.749983072280884
IL-48,IL-48.jpg,7,3.6799604892730713,-0.6796954274177551
IL-49,IL-49.jpg,3,-0.450605571269989,-2.0286145210266113
IL-50,IL-50.jpg,7,6.76870584487915,-0.24864786863327026
IM-1,IM-1.jpg,2,-5.581926345825195,-2.7908854484558105
IM-2,IM-2.jpg,3,-1.6690757274627686,0.48701295256614685
IM-3,IM-3.jpg,9,1.5483261346817017,2.1370553970336914
IM-4,IM-4.jpg,1,9.196908950805664,3.852623701095581
IM-5,IM-5.jpg,0,2.9577791690826416,-2.9610180854797363
IM-6,IM-6.jpg,1,9.196908950805664,3.852623701095581
IM-7,IM-7.jpg,2,-3.23689341545105,0.12312020361423492
IM-8,IM-8.jpg,11,-2.2894411087036133,-5.5756516456604
IM-9,IM-9.jpg,9,-0.8606083393096924,0.16588164865970612
IM-10,IM-10.jpg,11,-1.3830491304397583,-4.433816432952881
IM-11,IM-11.jpg,5,-3.308684825897217,-1.4374014139175415
IM-12,IM-12.jpg,1,7.6694111824035645,2.6413917541503906
IM-13,IM-13.jpg,10,-5.113244533538818,6.204644203186035
IM-14,IM-14.jpg,8,-3.3271772861480713,0.26253268122673035
IM-15,IM-15.jpg,8,-2.515784978866577,3.2861201763153076
IM-16,IM-16.jpg,4,4.828597545623779,2.7135608196258545
IM-17,IM-17.jpg,6,-4.555665016174316,2.2876040935516357
IM-18,IM-18.jpg,10,-4.215175628662109,2.402651309967041
IM-19,IM-19.jpg,0,3.810749053955078,-4.171044826507568
IM-20,IM-20.jpg,11,0.8039107322692871,-5.781948566436768
IM-21,IM-21.jpg,9,1.2470420598983765,-2.171022415161133
IM-22,IM-22.jpg,8,-4.088395595550537,4.486212253570557
IM-23,IM-23.jpg,9,-0.6180364489555359,-1.266073226928711
IM-24,IM-24.jpg,9,-2.641633987426758,-0.374802827835083
IM-25,IM-25.jpg,11,-3.251333713531494,-1.4671931266784668
IM-26,IM-26.jpg,8,-2.840344190597534,1.6049734354019165
IM-27,IM-27.jpg,8,-1.246526837348938,4.434722423553467
IM-28,IM-28.jpg,6,-4.64785099029541,1.4895083904266357
IM-29,IM-29.jpg,9,2.059699773788452,-0.20753858983516693
IM-30,IM-30.jpg,9,1.2486101388931274,-3.0329630374908447
IM-31,IM-31.jpg,3,-3.1712496280670166,-2.5816309452056885
IM-32,IM-32.jpg,3,0.25902464985847473,-0.6342958211898804
IM-33,IM-33.jpg,2,-5.56844425201416,-2.518831491470337
IM-34,IM-34.jpg,2,-5.536636829376221,-1.9967639446258545
IM-35,IM-35.jpg,7,7.506627559661865,-0.43290236592292786
IM-36,IM-36.jpg,8,-2.1188037395477295,5.119837760925293
IM-37,IM-37.jpg,8,-0.8191959857940674,1.7574455738067627
IM-38,IM-38.jpg,2,-3.23689341545105,0.12312020361423492
IM-39,IM-39.jpg,8,-3.988344669342041,3.1398532390594482
IM-40,IM-40.jpg,2,-8.531669616699219,-1.9289535284042358
IM-41,IM-41.jpg,3,-0.9352097511291504,-3.6599862575531006
IM-42,IM-42.jpg,3,-4.626097679138184,2.2736282348632812
IM-43,IM-43.jpg,5,-0.42673155665397644,-2.7393991947174072
IM-44,IM-44.jpg,9,-1.3582749366760254,-3.1875381469726562
IM-45,IM-45.jpg,8,-3.677858591079712,0.41779807209968567
IM-46,IM-46.jpg,5,-0.831446647644043,0.4213343858718872
IM-47,IM-47.jpg,9,1.9491517543792725,-3.6544430255889893
IM-48,IM-48.jpg,2,-5.67177677154541,-4.392722129821777
IM-49,IM-49.jpg,9,0.31569772958755493,1.3383196592330933
IM-50,IM-50.jpg,0,4.9255218505859375,-5.188271999359131
IN-1,IN-1.jpg,2,-6.280834674835205,-1.7465740442276
IN-2,IN-2.jpg,7,6.711606025695801,-0.13052751123905182
IN-3,IN-3.jpg,0,5.834484577178955,-4.757836818695068
IN-4,IN-4.jpg,8,-3.223626136779785,3.871075391769409
IN-5,IN-5.jpg,7,4.866489887237549,2.9638469219207764
IN-6,IN-6.jpg,9,-1.569740891456604,-1.4499071836471558
IN-7,IN-7.jpg,7,2.9845099449157715,0.06678342074155807
IN-8,IN-8.jpg,2,-4.284224033355713,-1.3138618469238281
IN-9,IN-9.jpg,3,-3.1042025089263916,2.3129355907440186
IN-10,IN-10.jpg,3,-2.195265531539917,-2.189542293548584
IN-11,IN-11.jpg,8,-3.7233712673187256,2.5965936183929443
IN-12,IN-12.jpg,2,-5.793829441070557,-5.274710178375244
IN-13,IN-13.jpg,2,-2.363978147506714,0.11556633561849594
IN-14,IN-14.jpg,7,8.550782203674316,-1.1297963857650757
IN-15,IN-15.jpg,9,-0.6123084425926208,-2.575697422027588
IN-16,IN-16.jpg,2,-4.407070159912109,-2.9568638801574707
IN-17,IN-17.jpg,3,-2.709360361099243,-0.5843127965927124
IN-18,IN-18.jpg,11,-1.2341727018356323,-2.5562050342559814
IN-19,IN-19.jpg,7,7.18167781829834,-1.216209888458252
IN-20,IN-20.jpg,9,0.7320784330368042,-1.7283893823623657
IN-21,IN-21.jpg,2,-3.9948911666870117,-1.5744179487228394
IN-22,IN-22.jpg,11,0.39745277166366577,-6.464012622833252
IN-23,IN-23.jpg,9,2.4518659114837646,0.11002557724714279
IN-24,IN-24.jpg,10,-0.02714105322957039,7.9151787757873535
IN-25,IN-25.jpg,4,4.80801248550415,3.3090765476226807
IN-26,IN-26.jpg,8,-1.6773784160614014,7.986683368682861
IN-27,IN-27.jpg,11,0.9151870608329773,-5.887746334075928
IN-28,IN-28.jpg,9,0.3829385042190552,1.2289133071899414
IN-29,IN-29.jpg,3,-1.3962645530700684,1.4041017293930054
IN-30,IN-30.jpg,2,-2.6337730884552,-3.279045343399048
IN-31,IN-31.jpg,9,1.6056883335113525,-2.9976890087127686
IN-32,IN-32.jpg,8,0.02955162525177002,5.6729230880737305
IN-33,IN-33.jpg,11,-1.7364660501480103,-4.207673072814941
IN-34,IN-34.jpg,4,4.556429386138916,3.5216445922851562
IN-35,IN-35.jpg,2,-7.029590606689453,0.9058499932289124
IN-36,IN-36.jpg,7,7.785351276397705,1.5659582614898682
IN-37,IN-37.jpg,11,1.3578476905822754,-10.624967575073242
IN-38,IN-38.jpg,7,9.372051239013672,2.2113723754882812
IN-39,IN-39.jpg,0,2.0037922859191895,-4.1830315589904785
IN-40,IN-40.jpg,2,-6.286977291107178,-1.138077735900879
IN-41,IN-41.jpg,11,-1.3584359884262085,-4.908300399780273
IN-42,IN-42.jpg,11,-3.253201961517334,-3.676011323928833
IN-43,IN-43.jpg,8,-2.5911149978637695,0.9796428680419922
IN-44,IN-44.jpg,9,-1.5186042785644531,-0.2562192678451538
IN-45,IN-45.jpg,9,1.138137698173523,-0.12595543265342712
IN-46,IN-46.jpg,2,-4.513741493225098,-1.047186017036438
IN-47,IN-47.jpg,0,-0.6426215171813965,-1.4590314626693726
IN-48,IN-48.jpg,9,-0.5457800626754761,-3.3574652671813965
IN-49,IN-49.jpg,0,2.7200067043304443,-6.463047027587891
IN-50,IN-50.jpg,0,-0.025618771091103554,-2.806183099746704
IQ-1,IQ-1.jpg,6,-6.916369438171387,3.395376443862915
IQ-2,IQ-2.jpg,3,-2.5309841632843018,-1.48408043384552
IQ-3,IQ-3.jpg,3,-0.025043217465281487,3.2973954677581787
IQ-4,IQ-4.jpg,9,-1.2554502487182617,-4.452365875244141
IQ-5,IQ-5.jpg,3,0.14494195580482483,-3.3376142978668213
IQ-6,IQ-6.jpg,5,-1.2648775577545166,-1.7885838747024536
IQ-7,IQ-7.jpg,3,-2.828514814376831,-0.8040677905082703
IQ-8,IQ-8.jpg,5,0.24670188128948212,-3.927619457244873
IQ-9,IQ-9.jpg,3,0.28006115555763245,-3.597166061401367
IQ-10,IQ-10.jpg,11,0.5843820571899414,-5.171340465545654
IQ-11,IQ-11.jpg,11,-1.194024682044983,-3.8057916164398193
IQ-12,IQ-12.jpg,8,-2.270742416381836,2.0685038566589355
IQ-13,IQ-13.jpg,9,1.5072884559631348,1.047509789466858
IQ-14,IQ-14.jpg,3,-0.7690046429634094,-0.7992750406265259
IQ-15,IQ-15.jpg,9,1.0894321203231812,-1.5327590703964233
IQ-16,IQ-16.jpg,0,0.974688708782196,-3.6641619205474854
IQ-17,IQ-17.jpg,6,-5.750163555145264,3.3308370113372803
IQ-18,IQ-18.jpg,9,-0.726803719997406,-1.6470715999603271
IQ-19,IQ-19.jpg,3,2.6230251789093018,-4.833791732788086
IQ-20,IQ-20.jpg,8,-1.8196487426757812,7.051071643829346
IQ-21,IQ-21.jpg,4,4.86212158203125,3.9649858474731445
IQ-22,IQ-22.jpg,9,0.9659819602966309,-1.5107125043869019
IQ-23,IQ-23.jpg,3,-3.045159339904785,-0.8962429165840149
IQ-24,IQ-24.jpg,3,-1.9601081609725952,-0.328902930021286
IQ-25,IQ-25.jpg,8,-1.5695593357086182,2.2351739406585693
IQ-26,IQ-26.jpg,1,6.233560562133789,1.8607484102249146
IQ-27,IQ-27.jpg,9,0.6713496446609497,-0.06303197890520096
IQ-28,IQ-28.jpg,2,-3.2375195026397705,-1.0624033212661743
IQ-29,IQ-29.jpg,9,0.2194419503211975,1.3468809127807617
IQ-30,IQ-30.jpg,3,-2.9338855743408203,-0.24617530405521393
IQ-31,IQ-31.jpg,11,-2.201911211013794,-3.052133560180664
IQ-32,IQ-32.jpg,11,-1.3319061994552612,-5.446059226989746
IQ-33,IQ-33.jpg,11,-2.0989718437194824,-3.8930866718292236
IQ-34,IQ-34.jpg,9,-1.1859824657440186,-1.8488750457763672
IQ-35,IQ-35.jpg,0,3.375955581665039,-1.8213939666748047
IQ-36,IQ-36.jpg,4,1.021834373474121,3.791168689727783
IQ-37,IQ-37.jpg,2,-4.46631383895874,-0.1466372162103653
IQ-38,IQ-38.jpg,6,-7.655959606170654,3.371657371520996
IQ-39,IQ-39.jpg,3,-1.9571982622146606,-0.3003568649291992
IQ-40,IQ-40.jpg,3,-0.509106457233429,-0.8344295620918274
IQ-41,IQ-41.jpg,8,-1.6466344594955444,3.0218915939331055
IQ-42,IQ-42.jpg,3,-0.7723696827888489,-5.5579938888549805
IQ-43,IQ-43.jpg,9,0.9412156343460083,-3.915956974029541
IQ-44,IQ-44.jpg,3,1.9525535106658936,-2.5866880416870117
IQ-45,IQ-45.jpg,0,4.470818519592285,-3.8189635276794434
IQ-46,IQ-46.jpg,5,1.432370662689209,-1.29538094997406
IQ-47,IQ-47.jpg,9,1.7935996055603027,0.6234291195869446
IQ-48,IQ-48.jpg,3,-0.5821470618247986,-2.521214485168457
IQ-49,IQ-49.jpg,3,-2.8199636936187744,-0.785033643245697
IQ-50,IQ-50.jpg,2,-2.254365921020508,-2.2819595336914062
IR-1,IR-1.jpg,9,1.8557738065719604,1.4524492025375366
IR-2,IR-2.jpg,11,-1.6207590103149414,-4.249534606933594
IR-3,IR-3.jpg,9,-0.4976910650730133,-0.45784792304039
IR-4,IR-4.jpg,2,-7.279979705810547,1.3157862424850464
IR-5,IR-5.jpg,8,-0.6999894380569458,1.844544768333435
IR-6,IR-6.jpg,11,-1.4881041049957275,-6.006043434143066
IR-7,IR-7.jpg,6,-8.675257682800293,0.7046623229980469
IR-8,IR-8.jpg,10,-4.107011795043945,4.073338508605957
IR-9,IR-9.jpg,11,-3.7545580863952637,-1.289873719215393
IR-10,IR-10.jpg,2,-7.099282264709473,-1.3086005449295044
IR-11,IR-11.jpg,2,-5.119892597198486,-3.623946189880371
IR-12,IR-12.jpg,3,0.12894085049629211,-3.2083323001861572
IR-13,IR-13.jpg,2,-3.236934185028076,-0.779429018497467
IR-14,IR-14.jpg,9,-2.0860793590545654,-2.049375534057617
IR-15,IR-15.jpg,2,-8.053659439086914,0.8852347135543823
IR-16,IR-16.jpg,11,1.389626145362854,-7.972194671630859
IR-17,IR-17.jpg,11,-2.6716182231903076,-4.544559001922607
IR-18,IR-18.jpg,10,-2.357945203781128,8.553439140319824
IR-19,IR-19.jpg,11,-2.7896716594696045,-5.685086727142334
IR-20,IR-20.jpg,7,5.557824611663818,-1.1653605699539185
IR-21,IR-21.jpg,2,-5.632726669311523,-0.3473130464553833
IR-22,IR-22.jpg,3,-2.5871942043304443,2.8857510089874268
IR-23,IR-23.jpg,3,-0.7660879492759705,-5.833883762359619
IR-24,IR-24.jpg,3,0.6404986381530762,-4.9550957679748535
IR-25,IR-25.jpg,1,7.89454984664917,6.53233003616333
IR-26,IR-26.jpg,8,-4.015258312225342,0.4563979506492615
IR-27,IR-27.jpg,7,5.342854976654053,0.5076027512550354
IR-28,IR-28.jpg,9,-1.3354122638702393,-2.9825491905212402
IR-29,IR-29.jpg,4,1.6615544557571411,1.0068399906158447
IR-30,IR-30.jpg,3,-3.503704309463501,1.5252314805984497
IR-31,IR-31.jpg,11,-2.6716182231903076,-4.544559001922607
IR-32,IR-32.jpg,0,1.2713981866836548,-5.377799034118652
IR-33,IR-33.jpg,9,0.7872128486633301,-3.070662260055542
IR-34,IR-34.jpg,4,-0.1701357215642929,2.0232560634613037
IR-35,IR-35.jpg,6,-6.616246700286865,2.756120443344116
IR-36,IR-36.jpg,2,-3.724719762802124,2.1591806411743164
IR-37,IR-37.jpg,11,-0.6836949586868286,-5.445162296295166
IR-38,IR-38.jpg,9,1.1252117156982422,0.043019503355026245
IR-39,IR-39.jpg,7,6.064739227294922,-2.8117852210998535
IR-40,IR-40.jpg,8,-3.1127443313598633,3.4091415405273438
IR-41,IR-41.jpg,9,3.2530837059020996,-2.341425895690918
IR-42,IR-42.jpg,8,-2.3549578189849854,5.795673847198486
IR-43,IR-43.jpg,7,7.746501445770264,2.0982825756073
IR-44,IR-44.jpg,6,-9.154462814331055,3.9691483974456787
IR-45,IR-45.jpg,9,3.0558245182037354,0.4345700442790985
IR-46,IR-46.jpg,8,-2.9641940593719482,0.4548327922821045
IR-47,IR-47.jpg,11,-4.669025421142578,-3.7657811641693115
IR-48,IR-48.jpg,2,-6.170626163482666,-4.088959693908691
IR-49,IR-49.jpg,2,-4.599220275878906,-4.250022888183594
IR-50,IR-50.jpg,2,-2.9667556285858154,0.33152806758880615
IS-1,IS-1.jpg,2,-2.1384072303771973,1.6364797353744507
IS-2,IS-2.jpg,2,-3.3518874645233154,-0.40639686584472656
IS-3,IS-3.jpg,8,-3.7940707206726074,1.7225571870803833
IS-4,IS-4.jpg,2,-4.8384599685668945,-0.2158932089805603
IS-5,IS-5.jpg,0,5.265209674835205,-9.08337688446045
IS-6,IS-6.jpg,10,-7.263813018798828,4.969696521759033
IS-7,IS-7.jpg,3,2.128300189971924,0.5961353778839111
IS-8,IS-8.jpg,11,-1.6072934865951538,-4.083624362945557
IS-9,IS-9.jpg,4,1.902661681175232,6.574565410614014
IS-10,IS-10.jpg,9,-1.5897846221923828,-2.769521951675415
IS-11,IS-11.jpg,9,-0.8009836077690125,-0.25449469685554504
IS-12,IS-12.jpg,9,0.17885231971740723,-2.6941235065460205
IS-13,IS-13.jpg,8,0.009675371460616589,2.735452890396118
IS-14,IS-14.jpg,2,-5.402475833892822,-0.3922032117843628
IS-15,IS-15.jpg,8,-3.2492005825042725,3.775970458984375
IS-16,IS-16.jpg,4,2.6329145431518555,3.0001895427703857
IS-17,IS-17.jpg,8,-1.4470242261886597,7.904980182647705
IS-18,IS-18.jpg,2,-2.418994188308716,0.3390064537525177
IS-19,IS-19.jpg,8,-1.6650598049163818,1.665122151374817
IS-20,IS-20.jpg,6,-6.327831268310547,4.588293075561523
IS-21,IS-21.jpg,7,4.0859150886535645,-2.0851526260375977
IS-22,IS-22.jpg,8,-3.447237968444824,0.6534343957901001
IS-23,IS-23.jpg,9,-0.425680011510849,0.8387038707733154
IS-24,IS-24.jpg,7,6.990670680999756,1.3926447629928589
IS-25,IS-25.jpg,2,-2.4272727966308594,-0.3617135286331177
IS-26,IS-26.jpg,11,-6.423915386199951,-1.3233269453048706
IS-27,IS-27.jpg,6,-4.428737640380859,4.794654846191406
IS-28,IS-28.jpg,8,-0.5195305943489075,2.3277971744537354
IS-29,IS-29.jpg,0,2.371511697769165,-5.674462795257568
IS-30,IS-30.jpg,9,0.004311677999794483,-0.11832471936941147
IS-31,IS-31.jpg,2,-3.285954475402832,-2.2548184394836426
IS-32,IS-32.jpg,4,1.9541281461715698,3.1591837406158447
IS-33,IS-33.jpg,2,-4.072396278381348,-2.0883636474609375
IS-34,IS-34.jpg,11,-0.4172651171684265,-5.627881050109863
IS-35,IS-35.jpg,9,1.5240724086761475,0.7342047095298767
IS-36,IS-36.jpg,11,-1.6208117008209229,-4.098203182220459
IS-37,IS-37.jpg,10,-7.07980489730835,4.892751216888428
IS-38,IS-38.jpg,4,5.102618217468262,6.037318706512451
IS-39,IS-39.jpg,11,0.1614980846643448,-9.472038269042969
IS-40,IS-40.jpg,7,5.000801086425781,0.25394174456596375
IS-41,IS-41.jpg,10,-6.688343048095703,7.371936798095703
IS-42,IS-42.jpg,2,-4.18701696395874,-1.7586383819580078
IS-43,IS-43.jpg,8,-2.9841792583465576,1.0315912961959839
IS-44,IS-44.jpg,11,-5.806374549865723,-4.137443542480469
IS-45,IS-45.jpg,2,-3.1972365379333496,-0.46765226125717163
IS-46,IS-46.jpg,2,-3.890674591064453,-2.0479862689971924
IS-47,IS-47.jpg,8,-1.9381755590438843,1.0179576873779297
IS-48,IS-48.jpg,6,-7.550741672515869,0.572060227394104
IS-49,IS-49.jpg,7,6.418850421905518,1.741325855255127
IS-50,IS-50.jpg,9,-0.7971985340118408,-0.558182418346405
BQ-1,BQ-1.jpg,11,-3.772186040878296,-3.1257219314575195
BQ-2,BQ-2.jpg,9,3.0005276203155518,-1.0350432395935059
BQ-3,BQ-3.jpg,0,1.0946298837661743,-6.6122236251831055
BQ-4,BQ-4.jpg,2,-4.470609188079834,-4.9893798828125
BQ-5,BQ-5.jpg,2,-4.3351335525512695,-1.02010977268219
BQ-6,BQ-6.jpg,11,-5.169037818908691,-2.9589827060699463
BQ-7,BQ-7.jpg,11,-1.7654629945755005,-2.183133602142334
BQ-8,BQ-8.jpg,7,10.120713233947754,-0.20539747178554535
BQ-9,BQ-9.jpg,4,1.5497993230819702,4.953545570373535
BQ-10,BQ-10.jpg,4,3.741637945175171,2.0089824199676514
BQ-11,BQ-11.jpg,4,3.741637945175171,2.0089824199676514
BQ-12,BQ-12.jpg,4,1.8718466758728027,6.67416524887085
BQ-13,BQ-13.jpg,4,1.5497993230819702,4.953545570373535
BQ-14,BQ-14.jpg,4,1.5069221258163452,3.697493553161621
BQ-15,BQ-15.jpg,4,1.5497993230819702,4.953545570373535
BQ-16,BQ-16.jpg,9,1.895179033279419,-0.6656070351600647
BQ-17,BQ-17.jpg,2,-4.135284900665283,-1.0834568738937378
BQ-18,BQ-18.jpg,4,1.8760415315628052,1.8646150827407837
BQ-19,BQ-19.jpg,7,11.849421501159668,1.117636799812317
BQ-20,BQ-20.jpg,4,1.5497993230819702,4.953545570373535
BQ-21,BQ-21.jpg,0,3.631028890609741,-0.9714712500572205
BQ-22,BQ-22.jpg,9,2.5585720539093018,-1.7280335426330566
BQ-23,BQ-23.jpg,7,5.293763160705566,-1.2561416625976562
BQ-24,BQ-24.jpg,7,6.081465244293213,-5.5571208000183105
BQ-25,BQ-25.jpg,4,1.5497993230819702,4.953545570373535
BQ-26,BQ-26.jpg,4,3.741637945175171,2.0089824199676514
BQ-27,BQ-27.jpg,4,0.14194101095199585,5.356453895568848
BQ-28,BQ-28.jpg,0,2.6728174686431885,-7.914960861206055
BQ-29,BQ-29.jpg,7,6.198698043823242,1.1105469465255737
BQ-30,BQ-30.jpg,4,2.183969497680664,4.672029972076416
BQ-31,BQ-31.jpg,2,-5.036309242248535,1.7097676992416382
BQ-32,BQ-32.jpg,5,-2.517237901687622,-2.0003395080566406
BQ-33,BQ-33.jpg,0,-0.25631970167160034,-1.964107632637024
BQ-34,BQ-34.jpg,11,-0.7789760231971741,-6.627883434295654
BQ-35,BQ-35.jpg,4,1.5497993230819702,4.953545570373535
BQ-36,BQ-36.jpg,1,7.74513053894043,7.443052291870117
BQ-37,BQ-37.jpg,0,2.1085431575775146,-5.583956718444824
BQ-38,BQ-38.jpg,2,-3.156730890274048,-3.9971654415130615
BQ-39,BQ-39.jpg,2,-4.961400032043457,-0.7510597109794617
BQ-40,BQ-40.jpg,9,-0.5668548941612244,0.4136641323566437
BQ-41,BQ-41.jpg,9,-0.8673689365386963,-1.3463540077209473
BQ-42,BQ-42.jpg,4,3.741637945175171,2.0089824199676514
BQ-43,BQ-43.jpg,5,-2.714329481124878,2.306124448776245
BQ-44,BQ-44.jpg,4,2.4637203216552734,8.035051345825195
BQ-45,BQ-45.jpg,4,1.5497993230819702,4.953545570373535
BQ-46,BQ-46.jpg,0,2.5245423316955566,-5.180349826812744
BQ-47,BQ-47.jpg,0,2.42937970161438,-4.857656002044678
BQ-48,BQ-48.jpg,3,-2.036100387573242,0.04714461788535118
BQ-49,BQ-49.jpg,9,1.759703516960144,-2.594125747680664
BQ-50,BQ-50.jpg,9,1.304559350013733,1.5119074583053589
BR-1,BR-1.jpg,1,8.460478782653809,3.2085320949554443
BR-2,BR-2.jpg,2,-5.810067176818848,0.15648111701011658
BR-3,BR-3.jpg,3,1.4773247241973877,-3.359741449356079
BR-4,BR-4.jpg,2,-2.541498899459839,-2.120875597000122
BR-5,BR-5.jpg,8,-2.70719575881958,5.172330856323242
BR-6,BR-6.jpg,7,6.730851650238037,-2.865612506866455
BR-7,BR-7.jpg,8,-3.032562017440796,1.6722511053085327
BR-8,BR-8.jpg,2,-6.48606538772583,0.8359230160713196
BR-9,BR-9.jpg,9,-0.5097470283508301,0.6326184868812561
BR-10,BR-10.jpg,5,1.4295787811279297,1.0362454652786255
BR-11,BR-11.jpg,8,-0.8444015979766846,3.3034257888793945
BR-12,BR-12.jpg,4,4.789615154266357,4.207596302032471
BR-13,BR-13.jpg,7,5.5398969650268555,2.3495590686798096
BR-14,BR-14.jpg,9,0.024192480370402336,0.9507217407226562
BR-15,BR-15.jpg,6,-5.613194465637207,0.12199264019727707
BR-16,BR-16.jpg,9,-1.0413728952407837,-0.7338442206382751
BR-17,BR-17.jpg,10,-2.605754852294922,5.572094917297363
BR-18,BR-18.jpg,8,-2.3770837783813477,3.3027567863464355
BR-19,BR-19.jpg,11,-3.8432230949401855,-5.2744140625
BR-20,BR-20.jpg,3,-0.6913152933120728,-1.6569427251815796
BR-21,BR-21.jpg,8,2.5321037769317627,5.024367809295654
BR-22,BR-22.jpg,8,-1.8520816564559937,1.7697303295135498
BR-23,BR-23.jpg,4,3.2040462493896484,1.1041752099990845
BR-24,BR-24.jpg,0,6.6431965827941895,-2.949521064758301
BR-25,BR-25.jpg,9,-0.18886852264404297,0.5757970213890076
BR-26,BR-26.jpg,9,1.8380178213119507,0.7204716205596924
BR-27,BR-27.jpg,11,-2.3337786197662354,-4.216414451599121
BR-28,BR-28.jpg,8,0.6273996233940125,2.066842555999756
BR-29,BR-29.jpg,3,-3.3462820053100586,0.7181811928749084
BR-30,BR-30.jpg,11,1.41824471950531,-4.514876365661621
BR-31,BR-31.jpg,0,0.7275070548057556,-2.3742315769195557
BR-32,BR-32.jpg,4,2.197164535522461,4.659969806671143
BR-33,BR-33.jpg,1,6.41576623916626,3.656688928604126
BR-34,BR-34.jpg,4,2.6094605922698975,3.6760311126708984
BR-35,BR-35.jpg,11,0.03899635374546051,-4.017348766326904
BR-36,BR-36.jpg,9,-2.0547633171081543,-1.820148229598999
BR-37,BR-37.jpg,7,7.23517370223999,-1.5233246088027954
BR-38,BR-38.jpg,3,-5.583462715148926,2.6326746940612793
BR-39,BR-39.jpg,7,5.880809307098389,2.8554415702819824
BR-40,BR-40.jpg,11,-0.3544478118419647,-6.596004009246826
BR-41,BR-41.jpg,0,0.8241980671882629,-1.8331605195999146
BR-42,BR-42.jpg,2,-4.7687482833862305,2.1656181812286377
BR-43,BR-43.jpg,7,4.235031604766846,1.3881703615188599
BR-44,BR-44.jpg,11,-4.685439586639404,-8.346026420593262
BR-45,BR-45.jpg,1,9.641378402709961,1.2493244409561157
BR-46,BR-46.jpg,10,-4.082098484039307,3.732038974761963
BR-47,BR-47.jpg,7,4.573068618774414,1.8790470361709595
BR-48,BR-48.jpg,2,-2.5501608848571777,1.5303860902786255
BR-49,BR-49.jpg,11,-0.171066552400589,-6.478298187255859
BR-50,BR-50.jpg,1,7.9377875328063965,4.234121322631836
BS-1,BS-1.jpg,6,-5.8203582763671875,5.14588737487793
BS-2,BS-2.jpg,7,6.456604957580566,2.8308589458465576
BS-3,BS-3.jpg,11,-1.8394334316253662,-4.3141889572143555
BS-4,BS-4.jpg,9,-0.00531390868127346,0.6477603912353516
BS-5,BS-5.jpg,3,-1.9186466932296753,-2.1817824840545654
BS-6,BS-6.jpg,9,0.36088696122169495,-2.1670658588409424
BS-7,BS-7.jpg,3,-3.7881875038146973,-3.047443389892578
BS-8,BS-8.jpg,8,-2.270185947418213,3.971024513244629
BS-9,BS-9.jpg,4,1.5218292474746704,2.4120264053344727
BS-10,BS-10.jpg,7,9.631961822509766,-0.2787473499774933
BS-11,BS-11.jpg,9,1.613242268562317,-0.5472614169120789
BS-12,BS-12.jpg,9,-1.9534566402435303,0.15286345779895782
BS-13,BS-13.jpg,3,-1.519968867301941,1.796697735786438
BS-14,BS-14.jpg,3,3.0292694568634033,-0.15631791949272156
BS-15,BS-15.jpg,11,0.9823063611984253,-5.981705188751221
BS-16,BS-16.jpg,7,5.7718400955200195,1.833956003189087
BS-17,BS-17.jpg,8,0.05722467228770256,5.4783477783203125
BS-18,BS-18.jpg,8,-0.687791109085083,3.2535579204559326
BS-19,BS-19.jpg,8,-3.6278460025787354,5.543309211730957
BS-20,BS-20.jpg,2,-3.6369481086730957,-1.0888869762420654
BS-21,BS-21.jpg,9,0.5675050616264343,-3.0766305923461914
BS-22,BS-22.jpg,0,1.1915199756622314,-1.9136508703231812
BS-23,BS-23.jpg,2,-3.3086836338043213,-1.6899104118347168
BS-24,BS-24.jpg,4,4.021866321563721,3.7250752449035645
BS-25,BS-25.jpg,8,-1.270330548286438,3.658320188522339
BS-26,BS-26.jpg,11,-0.6926889419555664,-6.163014888763428
BS-27,BS-27.jpg,8,-1.9072608947753906,0.9792293310165405
BS-28,BS-28.jpg,8,-2.8818318843841553,2.716182231903076
BS-29,BS-29.jpg,2,-4.506834030151367,0.5940825343132019
BS-30,BS-30.jpg,3,-2.285670518875122,0.1901874989271164
BS-31,BS-31.jpg,0,4.882656574249268,-4.543121814727783
BS-32,BS-32.jpg,9,1.5382026433944702,-1.6826964616775513
BS-33,BS-33.jpg,5,-0.8543989062309265,-3.05289888381958
BS-34,BS-34.jpg,2,-4.206706523895264,-1.7046196460723877
BS-35,BS-35.jpg,6,-5.477267742156982,3.6758196353912354
BS-36,BS-36.jpg,0,4.540907859802246,-2.6210038661956787
BS-37,BS-37.jpg,2,-5.585105895996094,0.5380372405052185
BS-38,BS-38.jpg,9,0.184947207570076,0.3444216251373291
BS-39,BS-39.jpg,9,0.6657360792160034,0.7493757605552673
BS-40,BS-40.jpg,5,1.3282183408737183,-0.4238201677799225
BS-41,BS-41.jpg,1,8.56560230255127,1.8612393140792847
BS-42,BS-42.jpg,0,3.425259590148926,-6.261153221130371
BS-43,BS-43.jpg,9,1.1720998287200928,0.5454087257385254
BS-44,BS-44.jpg,2,-4.597461223602295,1.280624508857727
BS-45,BS-45.jpg,6,-5.843048572540283,-0.024670878425240517
BS-46,BS-46.jpg,0,4.626092910766602,-4.338639736175537
BS-47,BS-47.jpg,4,2.6440999507904053,6.231592178344727
BS-48,BS-48.jpg,3,-1.813646912574768,-1.0840908288955688
BS-49,BS-49.jpg,2,-5.807315349578857,0.7678154110908508
BS-50,BS-50.jpg,11,0.9823063611984253,-5.981705188751221
BT-1,BT-1.jpg,4,2.4035873413085938,1.88655424118042
BT-2,BT-2.jpg,9,1.3951128721237183,-1.8608022928237915
BT-3,BT-3.jpg,4,1.331039547920227,1.4338431358337402
BT-4,BT-4.jpg,4,4.8526506423950195,5.627584934234619
BT-5,BT-5.jpg,6,-3.9888477325439453,4.394899368286133
BT-6,BT-6.jpg,5,-0.7960011959075928,-2.959399461746216
BT-7,BT-7.jpg,8,0.7496479153633118,4.0941596031188965
BT-8,BT-8.jpg,4,1.5662859678268433,2.3615996837615967
BT-9,BT-9.jpg,8,2.2325289249420166,4.834287643432617
BT-10,BT-10.jpg,1,9.155240058898926,2.506103754043579
BT-11,BT-11.jpg,7,5.42213249206543,1.57025945186615
BT-12,BT-12.jpg,8,0.7857291102409363,3.1787073612213135
BT-13,BT-13.jpg,8,-1.3250805139541626,5.622332572937012
BT-14,BT-14.jpg,6,-5.104063510894775,8.53153133392334
BT-15,BT-15.jpg,7,4.168112277984619,3.9493799209594727
BT-16,BT-16.jpg,4,2.5571956634521484,4.749725818634033
BT-17,BT-17.jpg,9,-1.4267135858535767,0.5761826038360596
BT-18,BT-18.jpg,8,-0.6945392489433289,1.3886300325393677
BT-19,BT-19.jpg,2,-7.774724006652832,-1.4272007942199707
BT-20,BT-20.jpg,8,-3.2876622676849365,5.950511455535889
BT-21,BT-21.jpg,8,-2.002214193344116,1.6525160074234009
BT-22,BT-22.jpg,8,-0.5391378402709961,1.4802682399749756
BT-23,BT-23.jpg,2,-5.489532947540283,-0.3244737386703491
BT-24,BT-24.jpg,8,-2.28444242477417,1.6618579626083374
BT-25,BT-25.jpg,5,2.024775266647339,1.8663173913955688
BT-26,BT-26.jpg,4,4.097430229187012,7.605261325836182
BT-27,BT-27.jpg,2,-3.1877801418304443,0.19000403583049774
BT-28,BT-28.jpg,6,-6.858891487121582,4.262501239776611
BT-29,BT-29.jpg,9,0.7256883978843689,-0.7574625015258789
BT-30,BT-30.jpg,9,-0.01619935967028141,1.0577278137207031
BT-31,BT-31.jpg,4,2.2972114086151123,3.362199068069458
BT-32,BT-32.jpg,4,6.272372722625732,3.9830167293548584
BT-33,BT-33.jpg,9,-0.36753028631210327,0.7407030463218689
BT-34,BT-34.jpg,11,0.7125248312950134,-2.0977883338928223
BT-35,BT-35.jpg,2,-2.374743700027466,-0.39772048592567444
BT-36,BT-36.jpg,9,2.2248315811157227,-1.6239813566207886
BT-37,BT-37.jpg,3,-1.4387184381484985,-0.05690133199095726
BT-38,BT-38.jpg,8,-2.610262870788574,4.146103858947754
BT-39,BT-39.jpg,2,-2.6304733753204346,-0.677269458770752
BT-40,BT-40.jpg,8,-1.1892105340957642,3.240677833557129
BT-41,BT-41.jpg,8,-2.7462074756622314,3.2823026180267334
BT-42,BT-42.jpg,1,7.174204349517822,9.692344665527344
BT-43,BT-43.jpg,8,-3.2867074012756348,4.320044040679932
BT-44,BT-44.jpg,8,-3.321652889251709,1.2417799234390259
BT-45,BT-45.jpg,6,-6.866365909576416,0.7995010018348694
BT-46,BT-46.jpg,2,-3.0086517333984375,0.7673217058181763
BT-47,BT-47.jpg,8,0.5150802731513977,10.432936668395996
BT-48,BT-48.jpg,4,4.046293258666992,3.101433753967285
BT-49,BT-49.jpg,5,1.8690063953399658,-1.817050814628601
BT-50,BT-50.jpg,5,1.8690063953399658,-1.817050814628601
BW-1,BW-1.jpg,7,8.042046546936035,1.6549439430236816
BW-2,BW-2.jpg,1,8.95469856262207,4.030297756195068
BW-3,BW-3.jpg,7,4.53978157043457,-2.0941760540008545
BW-4,BW-4.jpg,11,-3.178892135620117,-5.820981979370117
BW-5,BW-5.jpg,0,4.253498554229736,-2.984532117843628
BW-6,BW-6.jpg,4,3.774172067642212,0.4241752028465271
BW-7,BW-7.jpg,5,-1.7953258752822876,-3.0200891494750977
BW-8,BW-8.jpg,7,3.9292445182800293,-1.361019492149353
BW-9,BW-9.jpg,7,4.3275532722473145,-1.0439891815185547
BW-10,BW-10.jpg,4,2.3417575359344482,0.2584415078163147
BW-11,BW-11.jpg,1,8.010088920593262,4.322641372680664
BW-12,BW-12.jpg,4,3.7935593128204346,1.6210238933563232
BW-13,BW-13.jpg,2,-5.928346157073975,0.3571408689022064
BW-14,BW-14.jpg,11,-1.9580556154251099,-4.580002307891846
BW-15,BW-15.jpg,4,4.470151424407959,0.5312915444374084
BW-16,BW-16.jpg,7,6.2016754150390625,0.22793997824192047
BW-17,BW-17.jpg,2,-7.5630292892456055,-3.5865118503570557
BW-18,BW-18.jpg,2,-6.547078609466553,-4.86409330368042
BW-19,BW-19.jpg,0,5.120776653289795,-4.150208950042725
BW-20,BW-20.jpg,0,3.5082929134368896,-4.011264801025391
BW-21,BW-21.jpg,7,10.80012035369873,2.5342977046966553
BW-22,BW-22.jpg,4,6.489252090454102,3.285914421081543
BW-23,BW-23.jpg,6,-5.912233352661133,4.8375563621521
BW-24,BW-24.jpg,4,3.557244300842285,1.6158651113510132
BW-25,BW-25.jpg,0,5.021020412445068,-4.71999979019165
BW-26,BW-26.jpg,2,-2.3469393253326416,-1.5686089992523193
BW-27,BW-27.jpg,7,5.262382507324219,-0.6480861902236938
BW-28,BW-28.jpg,4,-0.44554945826530457,4.980340957641602
BW-29,BW-29.jpg,5,-0.12918876111507416,-1.448934555053711
BW-30,BW-30.jpg,3,2.5605545043945312,2.386453151702881
BW-31,BW-31.jpg,2,-6.841475963592529,-0.6700184345245361
BW-32,BW-32.jpg,3,-1.513790488243103,-0.8690479397773743
BW-33,BW-33.jpg,3,-2.3627593517303467,-3.1830437183380127
BW-34,BW-34.jpg,5,4.852945327758789,-0.5750597715377808
BW-35,BW-35.jpg,4,3.203028678894043,1.6755701303482056
BW-36,BW-36.jpg,2,-3.9525253772735596,-3.080646276473999
BW-37,BW-37.jpg,4,3.757147789001465,-0.4104974567890167
BW-38,BW-38.jpg,2,-5.346533298492432,-2.430100679397583
BW-39,BW-39.jpg,0,5.540721416473389,-5.911441802978516
BW-40,BW-40.jpg,4,3.0057883262634277,0.5286374688148499
BW-41,BW-41.jpg,3,-2.1455888748168945,2.063397169113159
BW-42,BW-42.jpg,1,9.9774808883667,3.0811831951141357
BW-43,BW-43.jpg,9,-1.439448595046997,0.26685869693756104
BW-44,BW-44.jpg,9,-1.0282608270645142,0.5329279899597168
BW-45,BW-45.jpg,3,-3.369951009750366,-3.028860330581665
BW-46,BW-46.jpg,8,-3.871509075164795,1.8766498565673828
BW-47,BW-47.jpg,0,4.842229843139648,-2.3707010746002197
BW-48,BW-48.jpg,3,0.07327587157487869,-4.411203861236572
BW-49,BW-49.jpg,4,6.162972450256348,3.0561277866363525
BW-50,BW-50.jpg,0,1.4572885036468506,-7.593250274658203
BY-1,BY-1.jpg,7,3.97096848487854,-0.2654344141483307
BY-2,BY-2.jpg,8,-1.376246690750122,7.221828937530518
BY-3,BY-3.jpg,4,2.496739387512207,-0.1377691775560379
BY-4,BY-4.jpg,3,-3.9648640155792236,0.7339438796043396
BY-5,BY-5.jpg,4,1.8944040536880493,2.3609800338745117
BY-6,BY-6.jpg,11,-1.01604163646698,-10.906500816345215
BY-7,BY-7.jpg,11,-3.1153838634490967,-5.137068271636963
BY-8,BY-8.jpg,2,-8.700687408447266,-6.229500770568848
BY-9,BY-9.jpg,3,3.3401575088500977,-0.0015979270683601499
BY-10,BY-10.jpg,9,1.4775028228759766,-3.4543426036834717
BY-11,BY-11.jpg,3,-1.1574115753173828,-1.3565943241119385
BY-12,BY-12.jpg,2,-6.670878887176514,-2.333466053009033
BY-13,BY-13.jpg,7,4.6790242195129395,-0.42686405777931213
BY-14,BY-14.jpg,2,-4.951891899108887,-1.3855078220367432
BY-15,BY-15.jpg,9,0.6419349312782288,-2.539163112640381
BY-16,BY-16.jpg,3,-0.819327712059021,-4.4443817138671875
BY-17,BY-17.jpg,3,4.287850856781006,-1.3440334796905518
BY-18,BY-18.jpg,3,-1.5823047161102295,1.2077065706253052
BY-19,BY-19.jpg,9,2.3354544639587402,-2.3919200897216797
BY-20,BY-20.jpg,3,-1.0812759399414062,0.845676839351654
BY-21,BY-21.jpg,3,-2.297978639602661,-1.8297908306121826
BY-22,BY-22.jpg,2,-5.825557708740234,0.8059154152870178
BY-23,BY-23.jpg,3,-2.663607358932495,-0.7220434546470642
BY-24,BY-24.jpg,11,-0.3761059641838074,-4.933114528656006
BY-25,BY-25.jpg,5,-1.9616743326187134,-7.310050010681152
BY-26,BY-26.jpg,7,7.15941047668457,1.196913480758667
BY-27,BY-27.jpg,5,2.1804678440093994,0.029724206775426865
BY-28,BY-28.jpg,9,2.6268527507781982,-0.931347131729126
BY-29,BY-29.jpg,6,-8.750787734985352,4.550684928894043
BY-30,BY-30.jpg,4,5.994278907775879,3.6007587909698486
BY-31,BY-31.jpg,2,-4.669087886810303,0.8488397002220154
BY-32,BY-32.jpg,0,3.43315052986145,-2.1192662715911865
BY-33,BY-33.jpg,8,-1.6966811418533325,4.697503089904785
BY-34,BY-34.jpg,2,-6.616053104400635,-4.087037563323975
BY-35,BY-35.jpg,0,5.359158039093018,-6.283353328704834
BY-36,BY-36.jpg,9,0.5299655795097351,-1.715089201927185
BY-37,BY-37.jpg,6,-6.00388765335083,2.410557746887207
BY-38,BY-38.jpg,0,2.0953235626220703,-5.948211669921875
BY-39,BY-39.jpg,0,1.1880470514297485,-5.905293941497803
BY-40,BY-40.jpg,4,2.63596773147583,0.1091538742184639
BY-41,BY-41.jpg,1,6.801831245422363,4.957582950592041
BY-42,BY-42.jpg,4,1.8539084196090698,2.200739860534668
BY-43,BY-43.jpg,1,10.459240913391113,2.1760714054107666
BY-44,BY-44.jpg,9,-2.579439401626587,-1.2488645315170288
BY-45,BY-45.jpg,2,-5.224350452423096,-3.855332851409912
BY-46,BY-46.jpg,7,8.403310775756836,-1.1329156160354614
BY-47,BY-47.jpg,7,3.6351125240325928,-2.1109344959259033
BY-48,BY-48.jpg,9,1.238666296005249,-2.4626243114471436
BY-49,BY-49.jpg,11,-1.3998262882232666,-7.112046241760254
BY-50,BY-50.jpg,5,-2.5704410076141357,-5.544947147369385
BZ-1,BZ-1.jpg,8,-0.7636435627937317,4.438064098358154
BZ-2,BZ-2.jpg,11,2.419790744781494,-5.265718936920166
BZ-3,BZ-3.jpg,2,-5.390398979187012,-1.0857428312301636
BZ-4,BZ-4.jpg,4,1.3395320177078247,4.267141819000244
BZ-5,BZ-5.jpg,0,1.5463911294937134,-4.558926582336426
BZ-6,BZ-6.jpg,7,5.383570194244385,-1.7588939666748047
BZ-7,BZ-7.jpg,8,-3.7955973148345947,7.152021408081055
BZ-8,BZ-8.jpg,11,-0.6802125573158264,-6.420522689819336
BZ-9,BZ-9.jpg,8,-5.165210723876953,2.346693754196167
BZ-10,BZ-10.jpg,10,-4.966236591339111,3.8682808876037598
BZ-11,BZ-11.jpg,11,-1.4412726163864136,-3.690521240234375
BZ-12,BZ-12.jpg,7,5.130491256713867,1.2955775260925293
BZ-13,BZ-13.jpg,2,-8.565396308898926,-2.1927361488342285
BZ-14,BZ-14.jpg,8,-2.204102039337158,1.0644938945770264
BZ-15,BZ-15.jpg,2,-5.815540790557861,-1.2024327516555786
BZ-16,BZ-16.jpg,2,-6.385340213775635,1.019791603088379
BZ-17,BZ-17.jpg,4,4.025838851928711,3.3917698860168457
BZ-18,BZ-18.jpg,6,-7.351485729217529,4.247466087341309
BZ-19,BZ-19.jpg,0,0.8843011856079102,0.1108982190489769
BZ-20,BZ-20.jpg,1,5.269491672515869,4.665648460388184
BZ-21,BZ-21.jpg,6,-5.180957794189453,3.0604729652404785
BZ-22,BZ-22.jpg,8,-4.217491149902344,3.102464437484741
BZ-23,BZ-23.jpg,4,3.859067916870117,2.943406105041504
BZ-24,BZ-24.jpg,9,1.9041184186935425,-0.5510649085044861
BZ-25,BZ-25.jpg,8,0.43433764576911926,3.5804250240325928
BZ-26,BZ-26.jpg,4,4.055226802825928,5.916943550109863
BZ-27,BZ-27.jpg,9,-2.1314523220062256,0.3486874997615814
BZ-28,BZ-28.jpg,5,-1.6643332242965698,-2.368645668029785
BZ-29,BZ-29.jpg,5,-0.005423953291028738,0.8350876569747925
BZ-30,BZ-30.jpg,8,-0.2157951444387436,0.6469110250473022
BZ-31,BZ-31.jpg,8,-1.5175058841705322,4.137368679046631
BZ-32,BZ-32.jpg,9,0.9675326943397522,0.6014404296875
BZ-33,BZ-33.jpg,7,8.196545600891113,2.0824849605560303
BZ-34,BZ-34.jpg,9,0.18539433181285858,-1.2205262184143066
BZ-35,BZ-35.jpg,6,-5.700869560241699,2.8372275829315186
BZ-36,BZ-36.jpg,2,-5.118203639984131,1.8474452495574951
BZ-37,BZ-37.jpg,6,-6.333981990814209,0.21539314091205597
BZ-38,BZ-38.jpg,2,-4.3025312423706055,-3.3866100311279297
BZ-39,BZ-39.jpg,9,0.7023707032203674,-1.988226294517517
BZ-40,BZ-40.jpg,8,-3.0533156394958496,3.0233476161956787
BZ-41,BZ-41.jpg,0,4.619697093963623,-6.007067680358887
BZ-42,BZ-42.jpg,2,-6.7164306640625,0.2598773241043091
BZ-43,BZ-43.jpg,9,-2.0629866123199463,-1.8321233987808228
BZ-44,BZ-44.jpg,11,-2.127384662628174,-3.0411887168884277
BZ-45,BZ-45.jpg,2,-5.681577682495117,1.727123498916626
BZ-46,BZ-46.jpg,9,0.6768227815628052,1.1044960021972656
BZ-47,BZ-47.jpg,5,-2.0103561878204346,-1.0147799253463745
BZ-48,BZ-48.jpg,9,-1.2630492448806763,0.7867016792297363
BZ-49,BZ-49.jpg,10,-3.759103298187256,4.763287544250488
BZ-50,BZ-50.jpg,7,7.929373741149902,-2.4204254150390625
CA-1,CA-1.jpg,4,3.5734198093414307,4.160671234130859
CA-2,CA-2.jpg,3,-2.289740800857544,-2.934433937072754
CA-3,CA-3.jpg,9,-1.5262222290039062,0.4319506287574768
CA-4,CA-4.jpg,3,-3.4471189975738525,1.6707051992416382
CA-5,CA-5.jpg,7,3.937434196472168,-1.6285333633422852
CA-6,CA-6.jpg,9,-1.069684624671936,-1.8072832822799683
CA-7,CA-7.jpg,2,-4.019092559814453,-3.049251079559326
CA-8,CA-8.jpg,1,4.171077728271484,8.395277976989746
CA-9,CA-9.jpg,6,-7.331096649169922,4.533134460449219
CA-10,CA-10.jpg,3,3.5576415061950684,3.026904821395874
CA-11,CA-11.jpg,0,5.6835784912109375,-2.7253170013427734
CA-12,CA-12.jpg,2,-0.9312209486961365,1.92262864112854
CA-13,CA-13.jpg,11,1.605093240737915,-7.516964435577393
CA-14,CA-14.jpg,6,-8.497210502624512,1.6470000743865967
CA-15,CA-15.jpg,3,1.8698973655700684,-0.9458348155021667
CA-16,CA-16.jpg,2,-4.332264423370361,-1.5131534337997437
CA-17,CA-17.jpg,10,-5.858004570007324,6.7281060218811035
CA-18,CA-18.jpg,11,-0.7627812027931213,-4.899935722351074
CA-19,CA-19.jpg,9,4.113623142242432,-2.9953079223632812
CA-20,CA-20.jpg,4,5.639712810516357,-0.31108778715133667
CA-21,CA-21.jpg,8,-3.445143699645996,1.6858229637145996
CA-22,CA-22.jpg,7,8.621222496032715,-1.3475031852722168
CA-23,CA-23.jpg,9,-1.4196391105651855,-0.9437442421913147
CA-24,CA-24.jpg,2,-3.743393898010254,-1.9539713859558105
CA-25,CA-25.jpg,9,-1.161763072013855,-0.8972068428993225
CA-26,CA-26.jpg,1,10.053706169128418,2.616835117340088
CA-27,CA-27.jpg,3,-0.306263267993927,3.954253673553467
CA-28,CA-28.jpg,2,-4.298007965087891,-0.7438889145851135
CA-29,CA-29.jpg,8,-0.659768283367157,2.490119457244873
CA-30,CA-30.jpg,7,9.560640335083008,-0.5601553320884705
CA-31,CA-31.jpg,7,4.207892894744873,-0.010282762348651886
CA-32,CA-32.jpg,10,-8.177457809448242,4.463015079498291
CA-33,CA-33.jpg,8,-0.8104873299598694,1.4828981161117554
CA-34,CA-34.jpg,2,-4.073000431060791,-0.055321160703897476
CA-35,CA-35.jpg,11,-3.8505611419677734,-4.23125696182251
CA-36,CA-36.jpg,9,2.7684054374694824,-2.465775728225708
CA-37,CA-37.jpg,7,7.823710918426514,2.9349329471588135
CA-38,CA-38.jpg,6,-8.120379447937012,0.7527157068252563
CA-39,CA-39.jpg,2,-3.4423751831054688,0.6869601607322693
CA-40,CA-40.jpg,2,-6.644034385681152,2.4540934562683105
CA-41,CA-41.jpg,4,3.0689985752105713,4.824816703796387
CA-42,CA-42.jpg,1,9.695513725280762,4.233010768890381
CA-43,CA-43.jpg,2,-2.9374589920043945,-3.101745128631592
CA-44,CA-44.jpg,0,1.2765018939971924,-8.406940460205078
CA-45,CA-45.jpg,7,6.797229766845703,1.8586454391479492
CA-46,CA-46.jpg,2,-4.807056427001953,-0.8715794086456299
CA-47,CA-47.jpg,6,-6.752079010009766,3.0732479095458984
CA-48,CA-48.jpg,5,-4.545913219451904,-3.0952723026275635
CA-49,CA-49.jpg,3,-3.461531400680542,-1.4960871934890747
CA-50,CA-50.jpg,4,-0.02748347446322441,1.948049545288086
CF-1,CF-1.jpg,4,1.4368332624435425,4.642988204956055
CF-2,CF-2.jpg,7,8.424566268920898,-1.3125282526016235
CF-3,CF-3.jpg,5,1.9161596298217773,-1.9510416984558105
CF-4,CF-4.jpg,5,0.8348586559295654,1.8169952630996704
CF-5,CF-5.jpg,4,1.98781418800354,5.333222389221191
CF-6,CF-6.jpg,3,0.15870191156864166,0.604315459728241
CF-7,CF-7.jpg,2,-6.332455635070801,0.6050601005554199
CF-8,CF-8.jpg,1,7.181719779968262,4.016520023345947
CF-9,CF-9.jpg,5,-1.4858719110488892,2.1527490615844727
CF-10,CF-10.jpg,0,2.323247194290161,-4.351686477661133
CF-11,CF-11.jpg,4,1.5170619487762451,3.016669511795044
CF-12,CF-12.jpg,6,-7.572014331817627,1.9690005779266357
CF-13,CF-13.jpg,11,-0.10562717914581299,-5.314469337463379
CF-14,CF-14.jpg,4,2.6456103324890137,2.7183895111083984
CF-15,CF-15.jpg,9,-2.0010790824890137,-3.1144492626190186
CF-16,CF-16.jpg,0,3.955414056777954,-0.7253634333610535
CF-17,CF-17.jpg,8,0.19263659417629242,2.6432838439941406
CF-18,CF-18.jpg,4,4.526148319244385,3.772200345993042
CF-19,CF-19.jpg,2,-6.229860782623291,-1.032615065574646
CF-20,CF-20.jpg,4,4.947808742523193,1.2314112186431885
CF-21,CF-21.jpg,4,4.826134204864502,2.2120842933654785
CF-22,CF-22.jpg,3,-5.788069725036621,-3.181490659713745
CF-23,CF-23.jpg,11,0.11756037175655365,-8.416350364685059
CF-24,CF-24.jpg,2,-3.1895101070404053,0.42464694380760193
CF-25,CF-25.jpg,1,9.602194786071777,3.661771774291992
CF-26,CF-26.jpg,0,5.575165748596191,-7.207333087921143
CF-27,CF-27.jpg,9,2.1532113552093506,-2.232156276702881
CF-28,CF-28.jpg,9,-0.5159921050071716,-1.9165678024291992
CF-29,CF-29.jpg,7,5.388795375823975,-2.5619163513183594
CF-30,CF-30.jpg,9,1.159443974494934,-0.9388238191604614
CF-31,CF-31.jpg,11,0.24094191193580627,-8.203816413879395
CF-32,CF-32.jpg,4,2.0504894256591797,3.372494697570801
CF-33,CF-33.jpg,0,3.161109685897827,-5.294126987457275
CF-34,CF-34.jpg,2,-3.4172308444976807,-2.8606529235839844
CF-35,CF-35.jpg,4,3.334784507751465,0.6957034468650818
CF-36,CF-36.jpg,4,3.878952980041504,3.0407328605651855
CF-37,CF-37.jpg,11,-0.23929432034492493,-6.798350811004639
CF-38,CF-38.jpg,4,2.157728672027588,0.49709221720695496
CF-39,CF-39.jpg,3,-4.337976932525635,-1.2602618932724
CF-40,CF-40.jpg,7,9.023530006408691,2.486377477645874
CF-41,CF-41.jpg,2,-7.4046454429626465,-0.6999397277832031
CF-42,CF-42.jpg,3,0.15870191156864166,0.604315459728241
CF-43,CF-43.jpg,11,2.445338249206543,-5.913444519042969
CF-44,CF-44.jpg,9,0.568962037563324,0.54881352186203
CF-45,CF-45.jpg,8,0.15167513489723206,2.530284881591797
CF-46,CF-46.jpg,6,-7.226309299468994,0.29534876346588135
CF-47,CF-47.jpg,2,-3.6188435554504395,0.4143195152282715
CF-48,CF-48.jpg,11,0.4892614185810089,-4.5236053466796875
CF-49,CF-49.jpg,4,4.034644603729248,1.5468422174453735
CF-50,CF-50.jpg,2,-6.1104841232299805,-0.110458604991436
CG-1,CG-1.jpg,8,-0.9301300048828125,1.4745312929153442
CG-2,CG-2.jpg,3,-2.7267873287200928,-1.9839338064193726
CG-3,CG-3.jpg,2,-2.7287275791168213,-2.3847124576568604
CG-4,CG-4.jpg,0,4.311622619628906,-1.9153766632080078
CG-5,CG-5.jpg,3,-2.107574462890625,-0.2779799997806549
CG-6,CG-6.jpg,2,-5.843098163604736,-1.5324153900146484
CG-7,CG-7.jpg,7,8.90274715423584,-0.893634557723999
CG-8,CG-8.jpg,0,2.4158573150634766,-4.9647016525268555
CG-9,CG-9.jpg,8,-1.219517469406128,2.0407373905181885
CG-10,CG-10.jpg,4,4.9131999015808105,3.894834518432617
CG-11,CG-11.jpg,8,-0.05809435620903969,2.162372589111328
CG-12,CG-12.jpg,3,-1.2067115306854248,-3.892744779586792
CG-13,CG-13.jpg,7,8.949536323547363,-0.3414364159107208
CG-14,CG-14.jpg,9,0.24210159480571747,-0.5173222422599792
CG-15,CG-15.jpg,7,8.115800857543945,-0.10657574236392975
CG-16,CG-16.jpg,4,2.546135902404785,1.8823528289794922
CG-17,CG-17.jpg,9,-2.0567052364349365,-0.09039508551359177
CG-18,CG-18.jpg,8,-4.167619228363037,2.9016311168670654
CG-19,CG-19.jpg,8,-3.124472141265869,4.048999309539795
CG-20,CG-20.jpg,7,9.562932014465332,0.05350866541266441
CG-21,CG-21.jpg,11,-3.151582956314087,-7.213099002838135
CG-22,CG-22.jpg,8,-3.871333599090576,2.252579689025879
CG-23,CG-23.jpg,8,-1.896369457244873,1.1116387844085693
CG-24,CG-24.jpg,8,-2.8927559852600098,2.087620258331299
CG-25,CG-25.jpg,6,-4.647820472717285,1.2810828685760498
CG-26,CG-26.jpg,7,5.00297212600708,-1.7487196922302246
CG-27,CG-27.jpg,9,1.999645709991455,-2.394334316253662
CG-28,CG-28.jpg,8,0.7858352065086365,1.6954197883605957
CG-29,CG-29.jpg,2,-3.21524715423584,-0.6684688329696655
CG-30,CG-30.jpg,9,-0.2939821779727936,-3.454379081726074
CG-31,CG-31.jpg,0,-1.1035513877868652,-1.765608549118042
CG-32,CG-32.jpg,4,4.403831481933594,1.6840572357177734
CG-33,CG-33.jpg,8,-2.0007102489471436,2.0676441192626953
CG-34,CG-34.jpg,9,0.6468410491943359,-3.101928949356079
CG-35,CG-35.jpg,3,-3.3080296516418457,-1.098254680633545
CG-36,CG-36.jpg,2,-5.853288650512695,-2.3371121883392334
CG-37,CG-37.jpg,9,-2.2523584365844727,-0.10011070966720581
CG-38,CG-38.jpg,9,0.033463481813669205,-0.6454724669456482
CG-39,CG-39.jpg,9,-1.8926955461502075,-2.716230869293213
CG-40,CG-40.jpg,3,-3.1670303344726562,0.3931580185890198
CG-41,CG-41.jpg,5,0.6600081920623779,1.2150970697402954
CG-42,CG-42.jpg,9,-2.250070095062256,-2.1082708835601807
CG-43,CG-43.jpg,2,-5.541681289672852,-1.618599534034729
CG-44,CG-44.jpg,8,-1.1698484420776367,0.7102790474891663
CG-45,CG-45.jpg,3,-3.8372013568878174,2.0115468502044678
CG-46,CG-46.jpg,7,9.078598022460938,-0.904647707939148
CG-47,CG-47.jpg,9,2.1546578407287598,-1.0668708086013794
CG-48,CG-48.jpg,11,-0.9177393913269043,-4.297232627868652
CG-49,CG-49.jpg,9,-1.9681955575942993,0.45891672372817993
CG-50,CG-50.jpg,7,9.012340545654297,-2.1777992248535156
AD-1,AD-1.jpg,8,0.11212848126888275,1.4155415296554565
AD-2,AD-2.jpg,10,-4.486621856689453,4.595582485198975
AD-3,AD-3.jpg,5,0.4913867712020874,-1.8748271465301514
AD-4,AD-4.jpg,2,-2.4918437004089355,-1.9675966501235962
AD-5,AD-5.jpg,2,-2.6983985900878906,-1.6059370040893555
AD-6,AD-6.jpg,9,0.08135577291250229,-1.092439889907837
AD-7,AD-7.jpg,9,-0.8891829252243042,0.8601443767547607
AD-8,AD-8.jpg,3,-4.152691841125488,3.7619469165802
AD-9,AD-9.jpg,3,-2.971944570541382,1.177854299545288
AD-10,AD-10.jpg,9,-1.3813862800598145,-2.6982970237731934
AD-11,AD-11.jpg,9,0.7954003810882568,-3.7749862670898438
AD-12,AD-12.jpg,9,2.069235324859619,-1.4473892450332642
AD-13,AD-13.jpg,9,3.7759571075439453,-2.5210671424865723
AD-14,AD-14.jpg,9,-1.6576004028320312,-1.353928565979004
AD-15,AD-15.jpg,2,-3.3793747425079346,-1.7109814882278442
AD-16,AD-16.jpg,4,4.550270080566406,0.6410894989967346
AD-17,AD-17.jpg,9,2.536358118057251,-1.7718509435653687
AD-18,AD-18.jpg,7,4.584570407867432,-0.023133663460612297
AD-19,AD-19.jpg,7,5.2223639488220215,-2.5612170696258545
AD-20,AD-20.jpg,11,-0.14857523143291473,-3.845973491668701
AD-21,AD-21.jpg,6,-5.501318454742432,0.1140936017036438
AD-22,AD-22.jpg,9,2.0673203468322754,-1.5575059652328491
AD-23,AD-23.jpg,11,-3.012683868408203,-4.68842077255249
AD-24,AD-24.jpg,9,-2.163402557373047,-2.9407153129577637
AD-25,AD-25.jpg,10,-5.116316795349121,8.430520057678223
AD-26,AD-26.jpg,8,-2.2608642578125,2.8557963371276855
AD-27,AD-27.jpg,9,2.7005412578582764,0.6675951480865479
AD-28,AD-28.jpg,0,0.3860680162906647,-4.3929924964904785
AD-29,AD-29.jpg,3,-1.6027661561965942,-1.1078970432281494
AD-30,AD-30.jpg,8,-2.1238858699798584,6.695466041564941
AD-31,AD-31.jpg,4,3.4709713459014893,1.8222578763961792
AD-32,AD-32.jpg,2,-8.020736694335938,-0.09507805854082108
AD-33,AD-33.jpg,2,-2.168177843093872,-1.8325518369674683
AD-34,AD-34.jpg,9,2.637550115585327,-2.0275075435638428
AD-35,AD-35.jpg,9,2.438861846923828,-3.0489139556884766
AD-36,AD-36.jpg,0,5.090697765350342,-4.921234607696533
AD-37,AD-37.jpg,7,5.043740749359131,-2.3286540508270264
AD-38,AD-38.jpg,9,-0.9255894422531128,-1.9256435632705688
AD-39,AD-39.jpg,10,-3.828383445739746,8.360044479370117
AD-40,AD-40.jpg,9,3.682563543319702,0.15762847661972046
AD-41,AD-41.jpg,11,-3.030458927154541,-5.307168960571289
AD-42,AD-42.jpg,8,-5.025852680206299,3.1173934936523438
AD-43,AD-43.jpg,2,-3.4692349433898926,1.1748478412628174
AD-44,AD-44.jpg,9,0.8830698728561401,-2.1196460723876953
AD-45,AD-45.jpg,9,1.7280555963516235,-0.7160999774932861
AD-46,AD-46.jpg,2,-2.920074224472046,-0.15267536044120789
AD-47,AD-47.jpg,5,-3.8563058376312256,0.2296251356601715
AD-48,AD-48.jpg,5,-1.2781505584716797,-2.3061203956604004
AD-49,AD-49.jpg,8,-0.8650334477424622,0.4257255792617798
AD-50,AD-50.jpg,11,-0.14857523143291473,-3.845973491668701
AE-1,AE-1.jpg,6,-5.593702793121338,3.9795949459075928
AE-2,AE-2.jpg,5,-0.23999939858913422,-1.8281744718551636
AE-3,AE-3.jpg,8,-2.8695735931396484,4.43364143371582
AE-4,AE-4.jpg,8,-2.0021560192108154,0.07658226042985916
AE-5,AE-5.jpg,4,4.8267903327941895,6.541835308074951
AE-6,AE-6.jpg,2,-3.013686418533325,-0.8580212593078613
AE-7,AE-7.jpg,4,1.90180504322052,1.4731568098068237
AE-8,AE-8.jpg,8,-4.560910701751709,2.7940752506256104
AE-9,AE-9.jpg,9,-0.8754458427429199,-0.38191601634025574
AE-10,AE-10.jpg,7,7.58490514755249,2.8244082927703857
AE-11,AE-11.jpg,2,-3.5196750164031982,-0.8596991896629333
AE-12,AE-12.jpg,5,-1.2384828329086304,-3.054720401763916
AE-13,AE-13.jpg,0,1.2754178047180176,-3.2420873641967773
AE-14,AE-14.jpg,3,-3.7054836750030518,3.8261427879333496
AE-15,AE-15.jpg,8,-2.3492822647094727,2.0398430824279785
AE-16,AE-16.jpg,6,-6.642120838165283,2.1699514389038086
AE-17,AE-17.jpg,8,-2.454383373260498,7.894397735595703
AE-18,AE-18.jpg,9,-0.8133077621459961,1.0956920385360718
AE-19,AE-19.jpg,2,-3.8549914360046387,-1.490386724472046
AE-20,AE-20.jpg,7,4.161583423614502,1.2080482244491577
AE-21,AE-21.jpg,8,-2.6185076236724854,1.6349226236343384
AE-22,AE-22.jpg,11,-2.953144073486328,-4.047386169433594
AE-23,AE-23.jpg,9,-0.7245720624923706,0.11046383529901505
AE-24,AE-24.jpg,3,-2.7823355197906494,1.4698365926742554
AE-25,AE-25.jpg,5,0.3339502215385437,-2.076781988143921
AE-26,AE-26.jpg,8,-2.8206892013549805,3.520495653152466
AE-27,AE-27.jpg,8,-2.9372236728668213,3.5049984455108643
AE-28,AE-28.jpg,6,-3.381444215774536,3.662177562713623
AE-29,AE-29.jpg,11,0.08280742168426514,-6.018594741821289
AE-30,AE-30.jpg,8,0.4895312488079071,4.767667770385742
AE-31,AE-31.jpg,3,0.07304618507623672,1.235040307044983
AE-32,AE-32.jpg,3,-1.416276216506958,1.4537585973739624
AE-33,AE-33.jpg,11,1.625346064567566,-5.0266828536987305
AE-34,AE-34.jpg,9,0.8957290053367615,-1.8967052698135376
AE-35,AE-35.jpg,9,1.6477372646331787,-2.0118367671966553
AE-36,AE-36.jpg,7,9.723400115966797,0.02152429334819317
AE-37,AE-37.jpg,1,8.979698181152344,0.8764691352844238
AE-38,AE-38.jpg,0,-0.7772433757781982,-4.813968658447266
AE-39,AE-39.jpg,4,1.6218029260635376,1.5782986879348755
AE-40,AE-40.jpg,7,7.385467529296875,3.9416706562042236
AE-41,AE-41.jpg,11,-2.9064767360687256,-3.1711089611053467
AE-42,AE-42.jpg,3,-0.12993517518043518,-0.3834552466869354
AE-43,AE-43.jpg,8,0.006233433727174997,2.802733898162842
AE-44,AE-44.jpg,6,-7.73738956451416,6.496732711791992
AE-45,AE-45.jpg,4,3.2082502841949463,2.355128288269043
AE-46,AE-46.jpg,2,-3.717231273651123,-0.7634685039520264
AE-47,AE-47.jpg,7,7.333828926086426,-0.0818600207567215
AE-48,AE-48.jpg,4,3.600245952606201,3.6068525314331055
AE-49,AE-49.jpg,9,-0.3219376802444458,-1.2045395374298096
AE-50,AE-50.jpg,9,0.5243604183197021,-0.9936881065368652
AF-1,AF-1.jpg,9,-0.8527393341064453,-1.5850127935409546
AF-2,AF-2.jpg,8,-2.764430046081543,3.951625108718872
AF-3,AF-3.jpg,2,-5.418346881866455,1.332122564315796
AF-4,AF-4.jpg,3,-2.124664545059204,1.7770189046859741
AF-5,AF-5.jpg,8,-3.0312933921813965,1.6998809576034546
AF-6,AF-6.jpg,2,-2.898367166519165,-1.6250851154327393
AF-7,AF-7.jpg,3,-3.076338768005371,0.5305134057998657
AF-8,AF-8.jpg,9,0.9547066688537598,0.506489634513855
AF-9,AF-9.jpg,8,-2.6263363361358643,2.8342723846435547
AF-10,AF-10.jpg,9,-2.1325385570526123,-1.3645820617675781
AF-11,AF-11.jpg,5,0.13561107218265533,1.354188323020935
AF-12,AF-12.jpg,9,-2.4483449459075928,-0.6678333878517151
AF-13,AF-13.jpg,8,-2.6506614685058594,1.7861146926879883
AF-14,AF-14.jpg,2,-2.8295063972473145,-0.6365380883216858
AF-15,AF-15.jpg,9,0.09085655957460403,-3.000845432281494
AF-16,AF-16.jpg,8,0.6595860123634338,6.223367214202881
AF-17,AF-17.jpg,0,-0.6237073540687561,-3.3472325801849365
AF-18,AF-18.jpg,4,3.1366920471191406,0.34273046255111694
AF-19,AF-19.jpg,4,1.6730481386184692,2.6706554889678955
AF-20,AF-20.jpg,11,-5.786323547363281,-5.012826442718506
AF-21,AF-21.jpg,8,-2.154576301574707,0.660575270652771
AF-22,AF-22.jpg,9,0.006543903145939112,-1.814867377281189
AF-23,AF-23.jpg,3,-2.632985830307007,-0.7182546257972717
AF-24,AF-24.jpg,2,-5.510194778442383,-1.7601431608200073
AF-25,AF-25.jpg,11,-3.600980043411255,-7.702509880065918
AF-26,AF-26.jpg,9,-1.067414402961731,-0.307437002658844
AF-27,AF-27.jpg,6,-3.9986486434936523,3.0565760135650635
AF-28,AF-28.jpg,4,2.1345152854919434,6.094217300415039
AF-29,AF-29.jpg,8,-4.245194911956787,3.175346851348877
AF-30,AF-30.jpg,8,-3.0312933921813965,1.6998809576034546
AF-31,AF-31.jpg,8,-3.4860341548919678,3.7077882289886475
AF-32,AF-32.jpg,3,-0.2342683970928192,0.7389514446258545
AF-33,AF-33.jpg,3,-3.7256627082824707,-0.7544997334480286
AF-34,AF-34.jpg,3,-2.1460909843444824,0.1677989512681961
AF-35,AF-35.jpg,9,-2.153794527053833,0.45372840762138367
AF-36,AF-36.jpg,3,-4.314500331878662,-2.977358102798462
AF-37,AF-37.jpg,4,2.0583646297454834,4.970501899719238
AF-38,AF-38.jpg,2,-2.8859622478485107,-3.042541027069092
AF-39,AF-39.jpg,3,1.5823760032653809,2.1686630249023438
AF-40,AF-40.jpg,8,-0.7673160433769226,5.938833236694336
AF-41,AF-41.jpg,8,-3.522048234939575,2.3938958644866943
AF-42,AF-42.jpg,2,-2.4618136882781982,-2.7653121948242188
AF-43,AF-43.jpg,8,-3.9226696491241455,0.4216247797012329
AF-44,AF-44.jpg,6,-4.846914291381836,1.4356449842453003
AF-45,AF-45.jpg,3,0.9344770908355713,-0.26972758769989014
AF-46,AF-46.jpg,8,-1.1335376501083374,3.136615037918091
AF-47,AF-47.jpg,9,-0.481334388256073,-2.5069282054901123
AF-48,AF-48.jpg,4,2.3781087398529053,5.479994773864746
AF-49,AF-49.jpg,9,4.121054649353027,-2.683892250061035
AF-50,AF-50.jpg,9,-1.0940083265304565,1.0593342781066895
AG-1,AG-1.jpg,3,-1.8376127481460571,-2.0407793521881104
AG-2,AG-2.jpg,5,-0.25762030482292175,0.14722880721092224
AG-3,AG-3.jpg,4,1.515465259552002,3.5420188903808594
AG-4,AG-4.jpg,8,0.13844503462314606,5.1146697998046875
AG-5,AG-5.jpg,11,-0.37999093532562256,-4.320323944091797
AG-6,AG-6.jpg,6,-7.630100250244141,3.195054769515991
AG-7,AG-7.jpg,11,-4.2281951904296875,-8.599066734313965
AG-8,AG-8.jpg,7,4.228054046630859,-4.392682075500488
AG-9,AG-9.jpg,3,-3.604015350341797,-1.8319964408874512
AG-10,AG-10.jpg,7,4.733725070953369,-0.5124385952949524
AG-11,AG-11.jpg,0,3.623880624771118,-6.404364585876465
AG-12,AG-12.jpg,5,2.574995994567871,-1.1935065984725952
AG-13,AG-13.jpg,5,1.1180967092514038,-1.290799856185913
AG-14,AG-14.jpg,2,-3.0769906044006348,-0.9812103509902954
AG-15,AG-15.jpg,2,-8.108646392822266,0.27413466572761536
AG-16,AG-16.jpg,5,-1.1382756233215332,-1.2208640575408936
AG-17,AG-17.jpg,11,1.3694251775741577,-4.984867095947266
AG-18,AG-18.jpg,5,2.541306257247925,0.17327098548412323
AG-19,AG-19.jpg,6,-3.6313822269439697,5.881124973297119
AG-20,AG-20.jpg,0,2.6845662593841553,-5.233884334564209
AG-21,AG-21.jpg,5,0.8819112777709961,-0.939559280872345
AG-22,AG-22.jpg,11,-2.135226011276245,-4.933971405029297
AG-23,AG-23.jpg,7,4.881689071655273,0.4280271530151367
AG-24,AG-24.jpg,5,0.22135308384895325,0.44348716735839844
AG-25,AG-25.jpg,9,0.23458245396614075,-2.2845914363861084
AG-26,AG-26.jpg,5,-0.04391806945204735,-3.4625401496887207
AG-27,AG-27.jpg,9,3.209585666656494,-2.2761881351470947
AG-28,AG-28.jpg,7,10.006770133972168,2.3181893825531006
AG-29,AG-29.jpg,6,-6.36259126663208,-0.358176589012146
AG-30,AG-30.jpg,9,-1.4760022163391113,-1.451419472694397
AG-31,AG-31.jpg,10,0.36826688051223755,8.738302230834961
AG-32,AG-32.jpg,0,4.57697868347168,-6.864629745483398
AG-33,AG-33.jpg,3,-0.060258831828832626,-2.9883387088775635
AG-34,AG-34.jpg,10,-5.818842887878418,8.733930587768555
AG-35,AG-35.jpg,0,1.4876295328140259,-3.3821957111358643
AG-36,AG-36.jpg,7,7.184408664703369,-3.8135123252868652
AG-37,AG-37.jpg,5,-0.6882898807525635,0.10523024946451187
AG-38,AG-38.jpg,7,8.749312400817871,-1.8245760202407837
AG-39,AG-39.jpg,5,-0.732111394405365,-3.215679407119751
AG-40,AG-40.jpg,8,-2.0223987102508545,4.570326328277588
AG-41,AG-41.jpg,2,-6.440550804138184,-3.462015390396118
AG-42,AG-42.jpg,5,1.8846948146820068,-0.8925090432167053
AG-43,AG-43.jpg,11,0.22348393499851227,-5.363935470581055
AG-44,AG-44.jpg,7,8.244991302490234,1.027960181236267
AG-45,AG-45.jpg,7,9.203829765319824,-0.3399207890033722
AG-46,AG-46.jpg,5,-4.242623329162598,-3.8218882083892822
AG-47,AG-47.jpg,3,-3.1262152194976807,-1.7827035188674927
AG-48,AG-48.jpg,5,-1.2894153594970703,-3.069371223449707
AG-49,AG-49.jpg,11,1.305605411529541,-6.026276588439941
AG-50,AG-50.jpg,2,-3.7814698219299316,-1.0402776002883911
AI-1,AI-1.jpg,4,3.0460174083709717,2.6892871856689453
AI-2,AI-2.jpg,4,3.205676317214966,2.481595993041992
AI-3,AI-3.jpg,10,-4.708367824554443,4.949410915374756
AI-4,AI-4.jpg,4,3.9155967235565186,8.575708389282227
AI-5,AI-5.jpg,4,5.618810176849365,4.397648334503174
AI-6,AI-6.jpg,10,-2.9701366424560547,8.466227531433105
AI-7,AI-7.jpg,4,5.836594581604004,3.6366915702819824
AI-8,AI-8.jpg,5,-2.557260274887085,-1.2722723484039307
AI-9,AI-9.jpg,11,0.7048405408859253,-7.521786212921143
AI-10,AI-10.jpg,3,-3.331488609313965,-3.1524593830108643
AI-11,AI-11.jpg,1,9.171731948852539,2.7546401023864746
AI-12,AI-12.jpg,7,7.087478160858154,1.1269043684005737
AI-13,AI-13.jpg,9,0.9698054790496826,-2.8010220527648926
AI-14,AI-14.jpg,5,0.9767228364944458,-1.9447952508926392
AI-15,AI-15.jpg,3,-2.8347411155700684,-2.087956666946411
AI-16,AI-16.jpg,5,-2.557260274887085,-1.2722723484039307
AI-17,AI-17.jpg,5,2.6480376720428467,-0.34680870175361633
AI-18,AI-18.jpg,4,3.0460174083709717,2.6892871856689453
AI-19,AI-19.jpg,1,8.333722114562988,1.897110939025879
AI-20,AI-20.jpg,5,-2.0605649948120117,-3.930530309677124
AI-21,AI-21.jpg,0,3.8075530529022217,-8.468803405761719
AI-22,AI-22.jpg,8,-4.822071552276611,6.929890155792236
AI-23,AI-23.jpg,2,-6.087246417999268,-0.9937878847122192
AI-24,AI-24.jpg,1,8.333722114562988,1.897110939025879
AI-25,AI-25.jpg,7,4.841919898986816,-0.036128316074609756
AI-26,AI-26.jpg,10,-4.312176704406738,10.497729301452637
AI-27,AI-27.jpg,10,-5.211686611175537,7.9586615562438965
AI-28,AI-28.jpg,4,4.574541091918945,3.845674514770508
AI-29,AI-29.jpg,0,3.8075530529022217,-8.468803405761719
AI-30,AI-30.jpg,4,3.0460174083709717,2.6892871856689453
AI-31,AI-31.jpg,10,-4.649752140045166,9.587566375732422
AI-32,AI-32.jpg,10,-4.657083511352539,9.084820747375488
AI-33,AI-33.jpg,4,4.779788017272949,1.6365424394607544
AI-34,AI-34.jpg,4,3.0460174083709717,2.6892871856689453
AI-35,AI-35.jpg,4,4.531782150268555,6.177186489105225
AI-36,AI-36.jpg,7,8.071248054504395,2.7871813774108887
AI-37,AI-37.jpg,4,3.0460174083709717,2.6892871856689453
AI-38,AI-38.jpg,8,1.241047978401184,6.738202095031738
AI-39,AI-39.jpg,9,1.8550902605056763,-1.4179892539978027
AI-40,AI-40.jpg,3,-4.447710037231445,0.6145918369293213
AI-41,AI-41.jpg,8,-3.308976888656616,2.4282355308532715
AI-42,AI-42.jpg,9,-1.780474305152893,-0.6836631894111633
AI-43,AI-43.jpg,4,4.574541091918945,3.845674514770508
AI-44,AI-44.jpg,5,-2.0605649948120117,-3.930530309677124
AI-45,AI-45.jpg,4,3.205676317214966,2.481595993041992
AI-46,AI-46.jpg,1,5.807225227355957,7.193413257598877
AI-47,AI-47.jpg,10,-1.4573454856872559,11.58216381072998
AI-48,AI-48.jpg,8,-2.2899794578552246,2.3547840118408203
AI-49,AI-49.jpg,8,0.6071709394454956,7.331408500671387
AI-50,AI-50.jpg,9,0.07657729834318161,-0.6707750558853149
AL-1,AL-1.jpg,5,-1.7607144117355347,-1.8481484651565552
AL-2,AL-2.jpg,9,-0.5660455226898193,-0.4213026762008667
AL-3,AL-3.jpg,1,7.863905429840088,2.9767539501190186
AL-4,AL-4.jpg,0,5.360086441040039,-3.7634081840515137
AL-5,AL-5.jpg,8,-4.5974812507629395,0.945568859577179
AL-6,AL-6.jpg,2,-7.254580497741699,-2.2604153156280518
AL-7,AL-7.jpg,11,0.10497694462537766,-3.191361427307129
AL-8,AL-8.jpg,8,-2.355020523071289,2.1968259811401367
AL-9,AL-9.jpg,3,0.04874945804476738,-3.598299503326416
AL-10,AL-10.jpg,2,-3.832491874694824,-0.7422652244567871
AL-11,AL-11.jpg,9,-0.3874136209487915,0.2483825981616974
AL-12,AL-12.jpg,11,-1.0613270998001099,-4.346668243408203
AL-13,AL-13.jpg,9,-1.6460511684417725,-0.10235580056905746
AL-14,AL-14.jpg,9,0.2681955099105835,-3.3811187744140625
AL-15,AL-15.jpg,9,-0.5660455226898193,-0.4213026762008667
AL-16,AL-16.jpg,11,-2.7682948112487793,-3.464435338973999
AL-17,AL-17.jpg,0,4.617547988891602,-3.4863295555114746
AL-18,AL-18.jpg,9,2.1711266040802,-1.4268527030944824
AL-19,AL-19.jpg,9,0.7004550099372864,1.6482890844345093
AL-20,AL-20.jpg,2,-6.687019348144531,-4.416819095611572
AL-21,AL-21.jpg,4,1.3238476514816284,1.201424241065979
AL-22,AL-22.jpg,9,-2.880119800567627,-1.135573387145996
AL-23,AL-23.jpg,9,-0.5660455226898193,-0.4213026762008667
AL-24,AL-24.jpg,9,-0.5660455226898193,-0.4213026762008667
AL-25,AL-25.jpg,2,-5.90445613861084,-4.438990116119385
AL-26,AL-26.jpg,9,-1.7694686651229858,-0.02346225269138813
AL-27,AL-27.jpg,9,-2.246906042098999,-2.9096734523773193
AL-28,AL-28.jpg,3,-2.2974462509155273,-3.885279893875122
AL-29,AL-29.jpg,5,1.443761944770813,0.3229166865348816
AL-30,AL-30.jpg,2,-4.204237937927246,-2.3505048751831055
AL-31,AL-31.jpg,7,3.292583465576172,-1.6613409519195557
AL-32,AL-32.jpg,2,-6.414528846740723,-2.4376463890075684
AL-33,AL-33.jpg,11,-1.9273918867111206,-3.80237078666687
AL-34,AL-34.jpg,0,1.7284783124923706,-2.507689952850342
AL-35,AL-35.jpg,2,-2.998645544052124,-2.2577550411224365
AL-36,AL-36.jpg,2,-1.8357186317443848,-0.5128446817398071
AL-37,AL-37.jpg,0,4.321978569030762,-2.9690632820129395
AL-38,AL-38.jpg,11,1.1417372226715088,-5.355118751525879
AL-39,AL-39.jpg,9,0.3831348717212677,-3.343228340148926
AL-40,AL-40.jpg,1,9.607686042785645,4.336612701416016
AL-41,AL-41.jpg,2,-4.353857517242432,-2.451683521270752
AL-42,AL-42.jpg,5,-1.068735957145691,-0.5543508529663086
AL-43,AL-43.jpg,8,-2.9939768314361572,6.574829578399658
AL-44,AL-44.jpg,9,-0.6824880838394165,-0.8237773180007935
AL-45,AL-45.jpg,9,1.6040749549865723,-2.186974287033081
AL-46,AL-46.jpg,8,-3.0127522945404053,3.6873462200164795
AL-47,AL-47.jpg,5,-1.262515664100647,-0.3570806682109833
AL-48,AL-48.jpg,9,-0.5660455226898193,-0.4213026762008667
AL-49,AL-49.jpg,7,5.974232196807861,-0.3502660393714905
AL-50,AL-50.jpg,9,-0.3824218511581421,1.4836581945419312
AM-1,AM-1.jpg,2,-5.891942977905273,-2.4504263401031494
AM-2,AM-2.jpg,4,3.9382407665252686,4.625369548797607
AM-3,AM-3.jpg,9,-1.816475510597229,-1.1427812576293945
AM-4,AM-4.jpg,2,-4.719686985015869,0.6035338640213013
AM-5,AM-5.jpg,11,-0.8837357759475708,-4.191761493682861
AM-6,AM-6.jpg,9,-1.9292596578598022,-1.6039910316467285
AM-7,AM-7.jpg,8,-3.6580798625946045,2.2536962032318115
AM-8,AM-8.jpg,6,-8.62104320526123,2.0414016246795654
AM-9,AM-9.jpg,5,-0.14761707186698914,-3.222944974899292
AM-10,AM-10.jpg,6,-3.389531373977661,1.6675399541854858
AM-11,AM-11.jpg,9,0.3726491928100586,-2.4951155185699463
AM-12,AM-12.jpg,7,5.456218719482422,0.6247740387916565
AM-13,AM-13.jpg,3,1.5015981197357178,0.5181377530097961
AM-14,AM-14.jpg,5,-0.5994431376457214,-4.718145370483398
AM-15,AM-15.jpg,2,-6.054969310760498,-4.612998962402344
AM-16,AM-16.jpg,6,-10.517067909240723,2.115903377532959
AM-17,AM-17.jpg,7,4.9180498123168945,0.7643694281578064
AM-18,AM-18.jpg,7,4.702182769775391,-2.5843236446380615
AM-19,AM-19.jpg,5,0.848216712474823,0.8765457272529602
AM-20,AM-20.jpg,11,-0.0956626757979393,-8.594572067260742
AM-21,AM-21.jpg,0,4.415832996368408,-2.1571848392486572
AM-22,AM-22.jpg,5,2.1503236293792725,1.523703932762146
AM-23,AM-23.jpg,0,2.6077346801757812,-9.528520584106445
AM-24,AM-24.jpg,8,-3.45046329498291,3.347018241882324
AM-25,AM-25.jpg,0,2.495445728302002,-3.212878942489624
AM-26,AM-26.jpg,4,2.6891393661499023,0.8547946810722351
AM-27,AM-27.jpg,1,10.284554481506348,3.5401828289031982
AM-28,AM-28.jpg,7,5.355496406555176,1.368744134902954
AM-29,AM-29.jpg,2,-7.7703680992126465,-1.2766441106796265
AM-30,AM-30.jpg,2,-6.360933303833008,0.11611519008874893
AM-31,AM-31.jpg,7,8.166016578674316,5.004117488861084
AM-32,AM-32.jpg,6,-7.379067420959473,0.8301653265953064
AM-33,AM-33.jpg,7,4.630590438842773,-0.6502084732055664
AM-34,AM-34.jpg,11,-2.8945364952087402,-5.837920665740967
AM-35,AM-35.jpg,4,5.2116804122924805,1.8830139636993408
AM-36,AM-36.jpg,2,-4.699166774749756,2.8792808055877686
AM-37,AM-37.jpg,11,-1.6150540113449097,-3.736072540283203
AM-38,AM-38.jpg,7,6.198103904724121,-1.0337543487548828
AM-39,AM-39.jpg,10,4.739113807678223,5.669184684753418
AM-40,AM-40.jpg,2,-3.2565581798553467,0.3361354172229767
AM-41,AM-41.jpg,9,1.0277220010757446,-0.7700185179710388
AM-42,AM-42.jpg,1,4.045544147491455,6.136158466339111
AM-43,AM-43.jpg,4,1.0535296201705933,1.3420348167419434
AM-44,AM-44.jpg,5,-2.520265817642212,-0.5589638352394104
AM-45,AM-45.jpg,10,2.116128921508789,9.213658332824707
AM-46,AM-46.jpg,3,-0.972187340259552,-0.15396128594875336
AM-47,AM-47.jpg,2,-5.360198497772217,-2.3854565620422363
AM-48,AM-48.jpg,6,-6.434162139892578,6.872314929962158
AM-49,AM-49.jpg,8,-1.1596958637237549,1.7851603031158447
AM-50,AM-50.jpg,8,0.8149466514587402,3.243067502975464
AQ-1,AQ-1.jpg,11,-0.7890840172767639,-4.366860866546631
AQ-2,AQ-2.jpg,1,6.978318214416504,6.119597911834717
AQ-3,AQ-3.jpg,0,3.2189695835113525,-4.97143030166626
AQ-4,AQ-4.jpg,0,1.1481437683105469,-2.965311050415039
AQ-5,AQ-5.jpg,5,-1.9207779169082642,-4.486421585083008
AQ-6,AQ-6.jpg,11,-4.975710868835449,-5.402281284332275
AQ-7,AQ-7.jpg,5,1.1096810102462769,0.7821071743965149
AQ-8,AQ-8.jpg,4,2.451874256134033,1.2567611932754517
AQ-9,AQ-9.jpg,7,6.0353617668151855,6.3839311599731445
AQ-10,AQ-10.jpg,0,0.7738220691680908,-7.12841272354126
AQ-11,AQ-11.jpg,11,-4.975710868835449,-5.402281284332275
AQ-12,AQ-12.jpg,5,1.1096810102462769,0.7821071743965149
AQ-13,AQ-13.jpg,4,4.034411907196045,3.8134169578552246
AQ-14,AQ-14.jpg,9,2.1087357997894287,-0.9206945896148682
AQ-15,AQ-15.jpg,9,-0.23228047788143158,0.22162671387195587
AQ-16,AQ-16.jpg,11,0.00255714263767004,-6.477597713470459
AQ-17,AQ-17.jpg,4,4.43709135055542,3.2181167602539062
AQ-18,AQ-18.jpg,11,-3.1410317420959473,-3.0736637115478516
AQ-19,AQ-19.jpg,11,1.1009327173233032,-5.883197784423828
AQ-20,AQ-20.jpg,9,-1.6115374565124512,-1.872334599494934
AQ-21,AQ-21.jpg,0,1.1099759340286255,-5.792237281799316
AQ-22,AQ-22.jpg,4,5.115970611572266,2.0567357540130615
AQ-23,AQ-23.jpg,0,1.1933023929595947,-5.7602009773254395
AQ-24,AQ-24.jpg,7,3.336879253387451,2.5368659496307373
AQ-25,AQ-25.jpg,5,1.1096810102462769,0.7821071743965149
AQ-26,AQ-26.jpg,5,1.1096810102462769,0.7821071743965149
AQ-27,AQ-27.jpg,7,7.188385009765625,-1.2276033163070679
AQ-28,AQ-28.jpg,5,1.1096810102462769,0.7821071743965149
AQ-29,AQ-29.jpg,11,-2.101722002029419,-5.089339256286621
AQ-30,AQ-30.jpg,7,7.188385009765625,-1.2276033163070679
AQ-31,AQ-31.jpg,9,0.09991328418254852,0.014151543378829956
AQ-32,AQ-32.jpg,7,3.212242603302002,-0.44093653559684753
AQ-33,AQ-33.jpg,9,1.060560703277588,0.9768546223640442
AQ-34,AQ-34.jpg,4,1.651940941810608,1.4295560121536255
AQ-35,AQ-35.jpg,5,1.1096810102462769,0.7821071743965149
AQ-36,AQ-36.jpg,7,7.188385009765625,-1.2276033163070679
AQ-37,AQ-37.jpg,5,1.1096810102462769,0.7821071743965149
AQ-38,AQ-38.jpg,5,1.1096810102462769,0.7821071743965149
AQ-39,AQ-39.jpg,9,3.271761894226074,-1.5730069875717163
AQ-40,AQ-40.jpg,7,7.188385009765625,-1.2276033163070679
AQ-41,AQ-41.jpg,5,4.4686784744262695,-0.7747031450271606
AQ-42,AQ-42.jpg,0,3.3027126789093018,-4.312190055847168
AQ-43,AQ-43.jpg,2,-8.540722846984863,0.8354316353797913
AQ-44,AQ-44.jpg,5,1.1096810102462769,0.7821071743965149
AQ-45,AQ-45.jpg,0,-0.09168945252895355,-3.4183249473571777
AQ-46,AQ-46.jpg,4,3.632622241973877,3.627990961074829
AQ-47,AQ-47.jpg,1,7.09907865524292,5.4820637702941895
AQ-48,AQ-48.jpg,4,1.4946357011795044,6.190693378448486
AQ-49,AQ-49.jpg,7,3.235161066055298,-0.12331844121217728
AQ-50,AQ-50.jpg,5,1.1096810102462769,0.7821071743965149
AS-1,AS-1.jpg,3,0.968270480632782,0.7527309060096741
AS-2,AS-2.jpg,3,0.968270480632782,0.7527309060096741
AS-3,AS-3.jpg,8,-0.017239278182387352,2.092475652694702
AS-4,AS-4.jpg,11,-3.349857807159424,-4.128328323364258
AS-5,AS-5.jpg,9,0.8510991334915161,-3.6713016033172607
AS-6,AS-6.jpg,9,1.8077970743179321,-2.5199527740478516
AS-7,AS-7.jpg,3,0.9403941631317139,0.7374809384346008
AS-8,AS-8.jpg,9,0.32007256150245667,-4.448325157165527
AS-9,AS-9.jpg,3,-4.118161678314209,-0.4341442286968231
AS-10,AS-10.jpg,8,-0.9634197950363159,2.0168862342834473
AS-11,AS-11.jpg,5,0.3364475965499878,4.663232326507568
AS-12,AS-12.jpg,0,7.34258508682251,-3.9749274253845215
AS-13,AS-13.jpg,8,-0.9634197950363159,2.0168862342834473
AS-14,AS-14.jpg,8,-0.9634197950363159,2.0168862342834473
AS-15,AS-15.jpg,10,-2.372941017150879,6.432893753051758
AS-16,AS-16.jpg,5,0.3092634081840515,4.634686470031738
AS-17,AS-17.jpg,8,0.24258965253829956,2.216524124145508
AS-18,AS-18.jpg,3,0.9403941631317139,0.7374809384346008
AS-19,AS-19.jpg,3,0.968270480632782,0.7527309060096741
AS-20,AS-20.jpg,0,3.540442705154419,-3.2733070850372314
AS-21,AS-21.jpg,2,-6.148468017578125,4.841839790344238
AS-22,AS-22.jpg,10,-5.699686527252197,8.886858940124512
AS-23,AS-23.jpg,10,-2.372941017150879,6.432893753051758
AS-24,AS-24.jpg,3,0.968270480632782,0.7527309060096741
AS-25,AS-25.jpg,1,9.127883911132812,5.8139142990112305
AS-26,AS-26.jpg,0,3.540442705154419,-3.2733070850372314
AS-27,AS-27.jpg,2,-2.288177251815796,-0.43995043635368347
AS-28,AS-28.jpg,5,0.3092634081840515,4.634686470031738
AS-29,AS-29.jpg,3,0.968270480632782,0.7527309060096741
AS-30,AS-30.jpg,5,2.159820795059204,1.2744356393814087
AS-31,AS-31.jpg,9,-2.151859998703003,-0.042117323726415634
AS-32,AS-32.jpg,0,3.540442705154419,-3.2733070850372314
AS-33,AS-33.jpg,9,1.5952961444854736,-2.0286786556243896
AS-34,AS-34.jpg,2,-2.368699550628662,-0.4684728682041168
AS-35,AS-35.jpg,0,-0.00395516911521554,-2.9410226345062256
AS-36,AS-36.jpg,5,0.3092634081840515,4.634686470031738
AS-37,AS-37.jpg,0,3.540442705154419,-3.2733070850372314
AS-38,AS-38.jpg,5,-1.0353293418884277,-0.0025116032920777798
AS-39,AS-39.jpg,10,-7.074159145355225,4.209422588348389
AS-40,AS-40.jpg,10,-2.384451389312744,6.438100814819336
AS-41,AS-41.jpg,7,5.132772922515869,-1.4955060482025146
AS-42,AS-42.jpg,0,0.046934910118579865,-2.9445862770080566
AS-43,AS-43.jpg,0,3.540442705154419,-3.2733070850372314
AS-44,AS-44.jpg,2,-2.6491475105285645,0.31934016942977905
AS-45,AS-45.jpg,10,-2.372941017150879,6.432893753051758
AS-46,AS-46.jpg,4,4.909358978271484,0.6103614568710327
AS-47,AS-47.jpg,7,5.132772922515869,-1.4955060482025146
AS-48,AS-48.jpg,0,3.540442705154419,-3.2733070850372314
AS-49,AS-49.jpg,4,4.988322734832764,6.027759075164795
AS-50,AS-50.jpg,3,0.968270480632782,0.7527309060096741
AT-1,AT-1.jpg,7,3.6132006645202637,-0.2690475583076477
AT-2,AT-2.jpg,9,2.936061382293701,-2.913522481918335
AT-3,AT-3.jpg,5,-3.378145694732666,0.155173659324646
AT-4,AT-4.jpg,4,1.896045207977295,5.347327709197998
AT-5,AT-5.jpg,6,-8.786102294921875,3.4699525833129883
AT-6,AT-6.jpg,5,0.3880034387111664,-0.5877963304519653
AT-7,AT-7.jpg,10,-3.175241231918335,12.354854583740234
AT-8,AT-8.jpg,7,8.157906532287598,1.9159666299819946
AT-9,AT-9.jpg,4,3.143014669418335,4.374744892120361
AT-10,AT-10.jpg,1,6.18605899810791,0.5673538446426392
AT-11,AT-11.jpg,4,4.847734451293945,1.8244545459747314
AT-12,AT-12.jpg,5,-1.7508598566055298,-1.3870409727096558
AT-13,AT-13.jpg,9,-0.7576665282249451,-3.5658957958221436
AT-14,AT-14.jpg,8,-2.075441360473633,1.1676899194717407
AT-15,AT-15.jpg,2,-4.299216270446777,-2.717453718185425
AT-16,AT-16.jpg,8,-3.166764497756958,0.06091985106468201
AT-17,AT-17.jpg,9,0.6389085650444031,0.12622420489788055
AT-18,AT-18.jpg,4,3.3130712509155273,5.368068695068359
AT-19,AT-19.jpg,3,-3.5347163677215576,0.023567432537674904
AT-20,AT-20.jpg,5,-1.7604340314865112,0.4098060727119446
AT-21,AT-21.jpg,9,2.3083600997924805,1.8164787292480469
AT-22,AT-22.jpg,11,1.0711548328399658,-3.181675434112549
AT-23,AT-23.jpg,0,5.012875556945801,-6.623815059661865
AT-24,AT-24.jpg,4,4.966383934020996,4.359106063842773
AT-25,AT-25.jpg,4,5.582101345062256,2.0815470218658447
AT-26,AT-26.jpg,2,-6.0255584716796875,-2.939744710922241
AT-27,AT-27.jpg,7,6.355596542358398,-2.708472728729248
AT-28,AT-28.jpg,9,-0.5863931775093079,-0.1665877401828766
AT-29,AT-29.jpg,4,2.1725666522979736,2.407787561416626
AT-30,AT-30.jpg,4,2.597450017929077,0.6943272352218628
AT-31,AT-31.jpg,5,1.0038422346115112,-3.744019031524658
AT-32,AT-32.jpg,2,-2.7435495853424072,-2.761244773864746
AT-33,AT-33.jpg,1,9.842646598815918,0.14183278381824493
AT-34,AT-34.jpg,7,5.199580192565918,2.54811954498291
AT-35,AT-35.jpg,3,-0.7539529800415039,0.3549410104751587
AT-36,AT-36.jpg,9,-1.504106044769287,-2.367741346359253
AT-37,AT-37.jpg,8,-1.7104310989379883,2.7048306465148926
AT-38,AT-38.jpg,9,0.6380608081817627,0.3396282494068146
AT-39,AT-39.jpg,3,0.8545434474945068,1.594909429550171
AT-40,AT-40.jpg,4,5.603357791900635,2.9724175930023193
AT-41,AT-41.jpg,9,-0.6665800213813782,-2.917626142501831
AT-42,AT-42.jpg,8,-2.4299776554107666,1.756333351135254
AT-43,AT-43.jpg,11,-1.8160114288330078,-4.229365825653076
AT-44,AT-44.jpg,0,4.004919528961182,-1.8095123767852783
AT-45,AT-45.jpg,8,-2.2400436401367188,1.5891237258911133
AT-46,AT-46.jpg,7,7.607017517089844,0.082057423889637
AT-47,AT-47.jpg,11,-4.004872798919678,-5.722934246063232
AT-48,AT-48.jpg,4,4.818857669830322,3.689271926879883
AT-49,AT-49.jpg,4,-0.003517502686008811,3.1920435428619385
AT-50,AT-50.jpg,10,-2.5178396701812744,8.3419189453125
AU-1,AU-1.jpg,0,3.4235455989837646,-2.5119097232818604
AU-2,AU-2.jpg,4,3.2766058444976807,5.05344295501709
AU-3,AU-3.jpg,9,1.5835026502609253,-1.4882912635803223
AU-4,AU-4.jpg,5,3.0696308612823486,1.3930068016052246
AU-5,AU-5.jpg,8,-0.890384316444397,4.560309410095215
AU-6,AU-6.jpg,0,3.0458242893218994,-5.255420207977295
AU-7,AU-7.jpg,4,0.667576253414154,2.276362895965576
AU-8,AU-8.jpg,3,1.9133867025375366,-3.901365280151367
AU-9,AU-9.jpg,5,1.976525068283081,2.0953097343444824
AU-10,AU-10.jpg,6,-4.213727951049805,0.474118709564209
AU-11,AU-11.jpg,10,-4.763106822967529,5.187784671783447
AU-12,AU-12.jpg,2,-4.044234752655029,-0.39145535230636597
AU-13,AU-13.jpg,2,-6.912595748901367,0.1692487597465515
AU-14,AU-14.jpg,0,2.6117935180664062,-2.828369379043579
AU-15,AU-15.jpg,11,-3.090097665786743,-5.409785747528076
AU-16,AU-16.jpg,0,3.43857741355896,-5.264309406280518
AU-17,AU-17.jpg,9,0.16590864956378937,-2.676697254180908
AU-18,AU-18.jpg,2,-4.599556922912598,-4.895920753479004
AU-19,AU-19.jpg,8,-2.5835041999816895,0.7737012505531311
AU-20,AU-20.jpg,1,9.457865715026855,3.8614583015441895
AU-21,AU-21.jpg,3,-4.609601974487305,1.4347461462020874
AU-22,AU-22.jpg,2,-3.7687575817108154,-1.1895620822906494
AU-23,AU-23.jpg,6,-5.227631568908691,1.381806492805481
AU-24,AU-24.jpg,11,-0.9215677976608276,-10.506547927856445
AU-25,AU-25.jpg,8,-0.7651007175445557,3.0053560733795166
AU-26,AU-26.jpg,9,-1.4478428363800049,0.44563546776771545
AU-27,AU-27.jpg,0,3.810187816619873,-1.751737356185913
AU-28,AU-28.jpg,8,-3.6422922611236572,0.9136141538619995
AU-29,AU-29.jpg,2,-2.804762125015259,0.5271825194358826
AU-30,AU-30.jpg,9,0.883903443813324,0.3853294253349304
AU-31,AU-31.jpg,2,-4.721153736114502,-0.10717510432004929
AU-32,AU-32.jpg,8,0.9278420805931091,3.9050445556640625
AU-33,AU-33.jpg,7,6.3618268966674805,-1.9281378984451294
AU-34,AU-34.jpg,4,5.185117244720459,3.9679765701293945
AU-35,AU-35.jpg,2,-4.096303462982178,-4.046328544616699
AU-36,AU-36.jpg,7,9.39414119720459,1.1594775915145874
AU-37,AU-37.jpg,4,3.2054922580718994,3.9856507778167725
AU-38,AU-38.jpg,5,2.380100727081299,-4.134415626525879
AU-39,AU-39.jpg,0,3.6747260093688965,-3.7253220081329346
AU-40,AU-40.jpg,4,2.935603380203247,2.0987510681152344
AU-41,AU-41.jpg,9,-0.31956520676612854,-0.18860062956809998
AU-42,AU-42.jpg,2,-4.073808670043945,-3.2702455520629883
AU-43,AU-43.jpg,5,-1.2787092924118042,-4.9539642333984375
AU-44,AU-44.jpg,2,-4.709075927734375,-0.6449540257453918
AU-45,AU-45.jpg,6,-7.263415813446045,1.805226445198059
AU-46,AU-46.jpg,7,5.736409664154053,-1.0211776494979858
AU-47,AU-47.jpg,8,-2.14685320854187,4.321667671203613
AU-48,AU-48.jpg,10,-2.3318774700164795,8.467137336730957
AU-49,AU-49.jpg,6,-9.315150260925293,4.301823139190674
AU-50,AU-50.jpg,3,-0.8609256148338318,1.1730103492736816
AW-1,AW-1.jpg,11,-3.250344753265381,-2.3080077171325684
AW-2,AW-2.jpg,0,5.820406913757324,-5.583197593688965
AW-3,AW-3.jpg,1,6.812067985534668,3.981771945953369
AW-4,AW-4.jpg,5,-1.1728731393814087,-4.352834701538086
AW-5,AW-5.jpg,7,6.64600944519043,-2.413390636444092
AW-6,AW-6.jpg,5,-0.8492273688316345,-2.261460542678833
AW-7,AW-7.jpg,6,-7.896305084228516,0.2612454295158386
AW-8,AW-8.jpg,11,-1.7741751670837402,-3.172905206680298
AW-9,AW-9.jpg,5,4.3483195304870605,-3.06252121925354
AW-10,AW-10.jpg,2,-2.719155788421631,-2.3525216579437256
AW-11,AW-11.jpg,7,6.735021114349365,-0.9430381059646606
AW-12,AW-12.jpg,5,-1.3545417785644531,-4.521827697753906
AW-13,AW-13.jpg,9,2.94867205619812,-2.087341785430908
AW-14,AW-14.jpg,3,-4.039495468139648,-0.22253164649009705
AW-15,AW-15.jpg,0,3.009467124938965,-4.390322208404541
AW-16,AW-16.jpg,5,1.6603825092315674,-4.478259086608887
AW-17,AW-17.jpg,9,-2.4102468490600586,0.4970792829990387
AW-18,AW-18.jpg,0,2.683642625808716,-4.1982550621032715
AW-19,AW-19.jpg,3,-3.293429136276245,-1.2884690761566162
AW-20,AW-20.jpg,4,5.927424430847168,0.4846443235874176
AW-21,AW-21.jpg,9,3.656217336654663,-1.287921667098999
AW-22,AW-22.jpg,11,-0.6780153512954712,-5.002173900604248
AW-23,AW-23.jpg,9,1.9780809879302979,-1.0564264059066772
AW-24,AW-24.jpg,9,-1.1554850339889526,-0.7297067642211914
AW-25,AW-25.jpg,5,-0.28438740968704224,-5.296111583709717
AW-26,AW-26.jpg,4,2.54946231842041,3.1037423610687256
AW-27,AW-27.jpg,4,5.7613396644592285,0.7644547820091248
AW-28,AW-28.jpg,11,-0.5923932790756226,-5.849667549133301
AW-29,AW-29.jpg,2,-3.1364200115203857,-2.9228317737579346
AW-30,AW-30.jpg,5,2.5300979614257812,-2.9334216117858887
AW-31,AW-31.jpg,3,-0.9128313064575195,1.0323748588562012
AW-32,AW-32.jpg,11,0.4685037434101105,-4.1252121925354
AW-33,AW-33.jpg,11,-2.843137264251709,-3.2226779460906982
AW-34,AW-34.jpg,5,-1.5591754913330078,-4.705048084259033
AW-35,AW-35.jpg,3,-1.1905517578125,2.1571125984191895
AW-36,AW-36.jpg,9,-0.8743175864219666,-2.897606611251831
AW-37,AW-37.jpg,7,5.2453293800354,-1.575555682182312
AW-38,AW-38.jpg,0,5.9987101554870605,-4.854529857635498
AW-39,AW-39.jpg,5,-1.4572923183441162,-1.8212568759918213
AW-40,AW-40.jpg,3,-0.956863284111023,-2.9571051597595215
AW-41,AW-41.jpg,0,0.6746288537979126,-7.510990142822266
AW-42,AW-42.jpg,9,1.1551841497421265,1.4844319820404053
AW-43,AW-43.jpg,3,-1.7895952463150024,0.5356458425521851
AW-44,AW-44.jpg,9,0.08937855064868927,-3.1122334003448486
AW-45,AW-45.jpg,2,-4.914456844329834,-3.1509745121002197
AW-46,AW-46.jpg,11,-5.068563938140869,-3.4664056301116943
AW-47,AW-47.jpg,9,1.069236397743225,-2.43660044670105
AW-48,AW-48.jpg,11,-0.15439683198928833,-6.375975131988525
AW-49,AW-49.jpg,0,3.0813920497894287,-4.522548675537109
AW-50,AW-50.jpg,11,0.1928306519985199,-5.97920560836792
AX-1,AX-1.jpg,7,6.49354887008667,-3.6055548191070557
AX-2,AX-2.jpg,3,-4.259722709655762,-0.7417452931404114
AX-3,AX-3.jpg,2,-2.944828748703003,-2.7587318420410156
AX-4,AX-4.jpg,4,1.2098685503005981,2.996638298034668
AX-5,AX-5.jpg,7,9.140844345092773,1.8087167739868164
AX-6,AX-6.jpg,11,-2.7037222385406494,-2.57037615776062
AX-7,AX-7.jpg,4,2.5441644191741943,0.5850732922554016
AX-8,AX-8.jpg,2,-3.9190781116485596,-2.0418341159820557
AX-9,AX-9.jpg,9,0.7473669052124023,1.3703389167785645
AX-10,AX-10.jpg,1,9.744682312011719,3.1876025199890137
AX-11,AX-11.jpg,7,8.213865280151367,1.1972393989562988
AX-12,AX-12.jpg,1,9.244881629943848,3.2381322383880615
AX-13,AX-13.jpg,9,-0.11631052941083908,-1.2664885520935059
AX-14,AX-14.jpg,9,-1.1430277824401855,-2.9934375286102295
AX-15,AX-15.jpg,7,6.697028636932373,3.4328911304473877
AX-16,AX-16.jpg,11,2.721323251724243,-5.46520471572876
AX-17,AX-17.jpg,6,-9.66201114654541,4.7057952880859375
AX-18,AX-18.jpg,0,4.492283344268799,-2.935743570327759
AX-19,AX-19.jpg,11,-1.991750717163086,-5.146121025085449
AX-20,AX-20.jpg,11,-1.2377207279205322,-5.268585681915283
AX-21,AX-21.jpg,8,-4.087195873260498,2.1959502696990967
AX-22,AX-22.jpg,3,-0.46914058923721313,-4.651788711547852
AX-23,AX-23.jpg,11,-0.5649391412734985,-2.417050361633301
AX-24,AX-24.jpg,8,-1.4118229150772095,2.2258028984069824
AX-25,AX-25.jpg,0,2.5540764331817627,-6.607256889343262
AX-26,AX-26.jpg,7,5.400988578796387,-2.389902353286743
AX-27,AX-27.jpg,9,1.7756839990615845,-2.065701961517334
AX-28,AX-28.jpg,2,-5.192748546600342,-1.1956651210784912
AX-29,AX-29.jpg,8,-4.9365997314453125,2.4514431953430176
AX-30,AX-30.jpg,9,1.156941533088684,0.23755185306072235
AX-31,AX-31.jpg,0,1.1233254671096802,-2.0605075359344482
AX-32,AX-32.jpg,0,3.5429649353027344,-2.462188720703125
AX-33,AX-33.jpg,0,2.5265085697174072,-5.73653507232666
AX-34,AX-34.jpg,8,-2.182823896408081,1.8432748317718506
AX-35,AX-35.jpg,5,-0.8599545955657959,-3.6312992572784424
AX-36,AX-36.jpg,11,-1.7799053192138672,-3.851097583770752
AX-37,AX-37.jpg,11,0.24851883947849274,-4.227213382720947
AX-38,AX-38.jpg,7,6.941136360168457,-3.1199429035186768
AX-39,AX-39.jpg,1,7.171675682067871,3.2174293994903564
AX-40,AX-40.jpg,11,-4.49014139175415,-3.9189672470092773
AX-41,AX-41.jpg,9,2.075316905975342,0.41463494300842285
AX-42,AX-42.jpg,5,-2.85380220413208,0.011168365366756916
AX-43,AX-43.jpg,9,0.7473669052124023,1.3703389167785645
AX-44,AX-44.jpg,6,-8.410914421081543,2.4545700550079346
AX-45,AX-45.jpg,8,-3.0374794006347656,2.779967784881592
AX-46,AX-46.jpg,1,9.797185897827148,3.4497220516204834
AX-47,AX-47.jpg,5,0.9195793271064758,1.9755622148513794
AX-48,AX-48.jpg,0,0.9810289740562439,-2.1433448791503906
AX-49,AX-49.jpg,11,-1.4886553287506104,-2.093777656555176
AX-50,AX-50.jpg,4,2.6023495197296143,2.318021059036255
AZ-1,AZ-1.jpg,3,-4.788573741912842,1.5422807931900024
AZ-2,AZ-2.jpg,7,3.575821876525879,0.40766310691833496
AZ-3,AZ-3.jpg,8,2.151682138442993,3.6383543014526367
AZ-4,AZ-4.jpg,11,-1.4433270692825317,-5.341932773590088
AZ-5,AZ-5.jpg,11,-1.043550968170166,-5.049733638763428
AZ-6,AZ-6.jpg,9,3.9561572074890137,-1.1332796812057495
AZ-7,AZ-7.jpg,9,0.4487626850605011,-3.0583128929138184
AZ-8,AZ-8.jpg,6,-5.039655685424805,2.622459888458252
AZ-9,AZ-9.jpg,1,5.620731353759766,4.34516716003418
AZ-10,AZ-10.jpg,9,3.438102960586548,-0.2378646731376648
AZ-11,AZ-11.jpg,2,-3.854180335998535,0.06193990632891655
AZ-12,AZ-12.jpg,2,-4.569192409515381,-2.938572883605957
AZ-13,AZ-13.jpg,0,3.714761972427368,-2.752624273300171
AZ-14,AZ-14.jpg,2,-3.349158763885498,-0.4465767443180084
AZ-15,AZ-15.jpg,4,4.302972316741943,1.7184852361679077
AZ-16,AZ-16.jpg,2,-5.282689094543457,1.7359521389007568
AZ-17,AZ-17.jpg,3,-0.13272452354431152,-0.6442384123802185
AZ-18,AZ-18.jpg,9,-0.19946224987506866,-2.1740846633911133
AZ-19,AZ-19.jpg,9,-0.6663929224014282,-1.4844636917114258
AZ-20,AZ-20.jpg,11,-2.984607219696045,-4.169630527496338
AZ-21,AZ-21.jpg,4,5.64145040512085,3.801877498626709
AZ-22,AZ-22.jpg,4,2.7763283252716064,1.423612356185913
AZ-23,AZ-23.jpg,4,1.684000015258789,6.2812113761901855
AZ-24,AZ-24.jpg,2,-4.420141696929932,0.5185954570770264
AZ-25,AZ-25.jpg,0,3.0466525554656982,-3.2125487327575684
AZ-26,AZ-26.jpg,8,0.44474607706069946,1.610848069190979
AZ-27,AZ-27.jpg,7,3.2250194549560547,1.8058773279190063
AZ-28,AZ-28.jpg,8,-1.1632813215255737,0.4181271493434906
AZ-29,AZ-29.jpg,4,4.389349460601807,6.140710830688477
AZ-30,AZ-30.jpg,11,-0.4297243356704712,-9.418598175048828
AZ-31,AZ-31.jpg,2,-7.017522811889648,-2.6243486404418945
AZ-32,AZ-32.jpg,9,3.6847305297851562,-2.5001726150512695
AZ-33,AZ-33.jpg,3,-2.2179512977600098,-2.1925525665283203
AZ-34,AZ-34.jpg,9,1.0072745084762573,0.6371752023696899
AZ-35,AZ-35.jpg,7,8.628589630126953,-0.7242270708084106
AZ-36,AZ-36.jpg,9,0.9894178509712219,-1.9007083177566528
AZ-37,AZ-37.jpg,0,3.570160150527954,-5.997555732727051
AZ-38,AZ-38.jpg,3,-0.24124732613563538,-0.213638573884964
AZ-39,AZ-39.jpg,11,-3.9437358379364014,-4.640705585479736
AZ-40,AZ-40.jpg,8,-2.5593369007110596,2.8617966175079346
AZ-41,AZ-41.jpg,4,1.1002881526947021,0.9435980916023254
AZ-42,AZ-42.jpg,8,-2.1009271144866943,6.775895595550537
AZ-43,AZ-43.jpg,9,2.128906726837158,-2.8051276206970215
AZ-44,AZ-44.jpg,0,3.8626105785369873,-2.381598711013794
AZ-45,AZ-45.jpg,6,-6.22596549987793,1.283145785331726
AZ-46,AZ-46.jpg,9,2.0387487411499023,-0.7042975425720215
AZ-47,AZ-47.jpg,6,-8.965912818908691,-0.9820497035980225
AZ-48,AZ-48.jpg,4,3.338789701461792,1.218652606010437
AZ-49,AZ-49.jpg,7,5.207847595214844,-1.194767951965332
AZ-50,AZ-50.jpg,0,4.225284576416016,-5.078686237335205
BA-1,BA-1.jpg,4,1.3019996881484985,1.2226330041885376
BA-2,BA-2.jpg,8,-0.9312154650688171,2.742595911026001
BA-3,BA-3.jpg,1,7.495567798614502,5.328376770019531
BA-4,BA-4.jpg,9,1.9212557077407837,1.0769542455673218
BA-5,BA-5.jpg,8,-3.2375454902648926,5.898134708404541
BA-6,BA-6.jpg,8,-3.4880948066711426,2.90759539604187
BA-7,BA-7.jpg,8,-1.0855211019515991,2.0724573135375977
BA-8,BA-8.jpg,4,3.2136270999908447,2.4571616649627686
BA-9,BA-9.jpg,9,2.027907133102417,-1.4920027256011963
BA-10,BA-10.jpg,9,2.0423357486724854,-2.6560699939727783
BA-11,BA-11.jpg,9,2.3685312271118164,-1.28815495967865
BA-12,BA-12.jpg,2,-2.680133581161499,-0.4248572289943695
BA-13,BA-13.jpg,9,2.0423357486724854,-2.6560699939727783
BA-14,BA-14.jpg,8,-2.7615127563476562,3.2322564125061035
BA-15,BA-15.jpg,7,3.7909774780273438,-2.63230562210083
BA-16,BA-16.jpg,0,-1.213775873184204,-0.13746455311775208
BA-17,BA-17.jpg,10,-4.703302383422852,4.285536766052246
BA-18,BA-18.jpg,3,-1.9590296745300293,-4.371294021606445
BA-19,BA-19.jpg,9,0.3073195815086365,0.1843322515487671
BA-20,BA-20.jpg,4,2.5851244926452637,5.93524694442749
BA-21,BA-21.jpg,2,-4.067111015319824,-4.044628620147705
BA-22,BA-22.jpg,4,0.9619977474212646,4.7791290283203125
BA-23,BA-23.jpg,9,-0.7605618834495544,1.3461098670959473
BA-24,BA-24.jpg,8,-2.02182674407959,1.636376142501831
BA-25,BA-25.jpg,8,-1.9397923946380615,2.3801381587982178
BA-26,BA-26.jpg,9,-0.41522279381752014,0.014467109926044941
BA-27,BA-27.jpg,7,4.677647113800049,0.36972156167030334
BA-28,BA-28.jpg,9,1.4393097162246704,0.05908277630805969
BA-29,BA-29.jpg,9,2.366482734680176,-1.3582843542099
BA-30,BA-30.jpg,8,-2.3843276500701904,-0.04211578145623207
BA-31,BA-31.jpg,8,-0.05643453449010849,8.748394012451172
BA-32,BA-32.jpg,4,0.5601984858512878,8.157967567443848
BA-33,BA-33.jpg,5,2.216207981109619,-1.94004487991333
BA-34,BA-34.jpg,11,0.49650949239730835,-4.518566608428955
BA-35,BA-35.jpg,8,-2.98287034034729,7.62954044342041
BA-36,BA-36.jpg,8,-4.3623480796813965,6.070850372314453
BA-37,BA-37.jpg,2,-2.9697766304016113,-0.7742559909820557
BA-38,BA-38.jpg,8,-1.913960576057434,5.287097930908203
BA-39,BA-39.jpg,2,-2.801410436630249,-0.9581751823425293
BA-40,BA-40.jpg,9,0.8187625408172607,-1.5946012735366821
BA-41,BA-41.jpg,10,-5.120856761932373,3.8525197505950928
BA-42,BA-42.jpg,8,-3.0745437145233154,1.8859319686889648
BA-43,BA-43.jpg,9,0.5966063737869263,1.335648775100708
BA-44,BA-44.jpg,7,6.1880083084106445,-3.0737099647521973
BA-45,BA-45.jpg,2,-3.323685646057129,0.10913864523172379
BA-46,BA-46.jpg,0,3.7877273559570312,-5.235230922698975
BA-47,BA-47.jpg,4,6.181194305419922,3.339033842086792
BA-48,BA-48.jpg,7,6.358917236328125,0.6136189699172974
BA-49,BA-49.jpg,9,0.2967556118965149,-0.52653968334198
BA-50,BA-50.jpg,11,1.9511852264404297,-4.595813751220703
BB-1,BB-1.jpg,4,4.481515884399414,2.9247970581054688
BB-2,BB-2.jpg,3,-2.10239315032959,-0.36106160283088684
BB-3,BB-3.jpg,2,-7.6728973388671875,-5.647426605224609
BB-4,BB-4.jpg,4,3.1033782958984375,1.843293309211731
BB-5,BB-5.jpg,2,-4.465191841125488,-3.2408931255340576
BB-6,BB-6.jpg,7,6.864621162414551,-1.7090206146240234
BB-7,BB-7.jpg,4,6.213625907897949,0.34003040194511414
BB-8,BB-8.jpg,4,2.4788122177124023,4.767323970794678
BB-9,BB-9.jpg,7,6.124628067016602,1.3964183330535889
BB-10,BB-10.jpg,4,2.4788122177124023,4.767323970794678
BB-11,BB-11.jpg,0,2.75557541847229,-6.168820381164551
BB-12,BB-12.jpg,5,-0.5055785775184631,0.28384697437286377
BB-13,BB-13.jpg,7,5.668760776519775,-0.9709987640380859
BB-14,BB-14.jpg,0,5.836241245269775,-1.361788272857666
BB-15,BB-15.jpg,4,4.0617218017578125,1.9682471752166748
BB-16,BB-16.jpg,4,3.74820876121521,2.077641248703003
BB-17,BB-17.jpg,4,0.9721673727035522,3.221041202545166
BB-18,BB-18.jpg,0,1.3350728750228882,-8.980939865112305
BB-19,BB-19.jpg,4,2.331589937210083,2.6931679248809814
BB-20,BB-20.jpg,6,-7.694132328033447,6.33618688583374
BB-21,BB-21.jpg,9,0.9555308222770691,-0.021612534299492836
BB-22,BB-22.jpg,9,-0.9980751276016235,-3.6716620922088623
BB-23,BB-23.jpg,3,-2.8966782093048096,-1.9388712644577026
BB-24,BB-24.jpg,11,-3.0718765258789062,-2.616478681564331
BB-25,BB-25.jpg,7,6.864621162414551,-1.7090206146240234
BB-26,BB-26.jpg,1,6.014257907867432,5.732970714569092
BB-27,BB-27.jpg,2,-3.8644773960113525,-0.9286635518074036
BB-28,BB-28.jpg,8,-4.461674213409424,2.1090688705444336
BB-29,BB-29.jpg,4,2.4788122177124023,4.767323970794678
BB-30,BB-30.jpg,5,3.9295718669891357,-3.328953266143799
BB-31,BB-31.jpg,5,1.0006639957427979,-1.2204821109771729
BB-32,BB-32.jpg,11,-2.6353821754455566,-4.270828723907471
BB-33,BB-33.jpg,9,-0.14405907690525055,0.04484230652451515
BB-34,BB-34.jpg,4,1.889988899230957,0.9491628408432007
BB-35,BB-35.jpg,4,3.6129140853881836,5.2779622077941895
BB-36,BB-36.jpg,11,-1.0296823978424072,-7.199377536773682
BB-37,BB-37.jpg,4,1.0733377933502197,5.448033332824707
BB-38,BB-38.jpg,9,1.3512592315673828,-3.6778624057769775
BB-39,BB-39.jpg,0,1.5342586040496826,-3.8325700759887695
BB-40,BB-40.jpg,4,3.6129140853881836,5.2779622077941895
BB-41,BB-41.jpg,9,-1.6878430843353271,-1.5006707906723022
BB-42,BB-42.jpg,2,-4.386486053466797,-2.3567142486572266
BB-43,BB-43.jpg,4,3.74820876121521,2.077641248703003
BB-44,BB-44.jpg,1,9.726783752441406,4.755691051483154
BB-45,BB-45.jpg,9,2.691485643386841,-2.355804920196533
BB-46,BB-46.jpg,4,1.3515210151672363,4.76942777633667
BB-47,BB-47.jpg,7,6.176724433898926,-2.107450246810913
BB-48,BB-48.jpg,7,5.548317909240723,-3.2065906524658203
BB-49,BB-49.jpg,2,-4.436455249786377,1.3406703472137451
BB-50,BB-50.jpg,1,7.535621166229248,2.227066993713379
BD-1,BD-1.jpg,0,1.8596606254577637,-5.353979110717773
BD-2,BD-2.jpg,7,4.507347106933594,-0.7315582633018494
BD-3,BD-3.jpg,8,-5.359729766845703,2.742453098297119
BD-4,BD-4.jpg,4,4.5003228187561035,2.1792969703674316
BD-5,BD-5.jpg,3,-1.5333402156829834,-1.6978694200515747
BD-6,BD-6.jpg,0,4.6427226066589355,-4.432394027709961
BD-7,BD-7.jpg,2,-4.211384296417236,-2.890878200531006
BD-8,BD-8.jpg,3,-0.8999121785163879,-3.82564377784729
BD-9,BD-9.jpg,7,10.435578346252441,0.8609117269515991
BD-10,BD-10.jpg,4,2.886622428894043,-0.03318488597869873
BD-11,BD-11.jpg,8,-0.8747596144676208,7.911768436431885
BD-12,BD-12.jpg,8,-1.432288408279419,4.844782829284668
BD-13,BD-13.jpg,7,10.435578346252441,0.8609117269515991
BD-14,BD-14.jpg,9,-1.0815939903259277,-1.7808760404586792
BD-15,BD-15.jpg,8,-1.2439230680465698,2.0275611877441406
BD-16,BD-16.jpg,6,-5.299259185791016,2.843842029571533
BD-17,BD-17.jpg,7,3.6767802238464355,-2.3164570331573486
BD-18,BD-18.jpg,9,-0.6997750401496887,-1.3350696563720703
BD-19,BD-19.jpg,0,-0.8889079689979553,-4.167913436889648
BD-20,BD-20.jpg,9,1.2487034797668457,0.2521253228187561
BD-21,BD-21.jpg,9,0.34224584698677063,-3.682882070541382
BD-22,BD-22.jpg,7,3.4613544940948486,-0.7447490692138672
BD-23,BD-23.jpg,8,-0.4700256884098053,4.3541436195373535
BD-24,BD-24.jpg,6,-5.703289985656738,2.773770332336426
BD-25,BD-25.jpg,2,-4.773022174835205,-3.3980085849761963
BD-26,BD-26.jpg,11,0.6169041395187378,-4.742525100708008
BD-27,BD-27.jpg,3,2.703019380569458,-2.0636866092681885
BD-28,BD-28.jpg,8,-0.0017771837301552296,4.724798202514648
BD-29,BD-29.jpg,9,-1.3236230611801147,-3.9963412284851074
BD-30,BD-30.jpg,7,10.435578346252441,0.8609117269515991
BD-31,BD-31.jpg,5,-1.5717625617980957,-1.6375551223754883
BD-32,BD-32.jpg,9,-1.5827064514160156,0.0694630891084671
BD-33,BD-33.jpg,7,10.435578346252441,0.8609117269515991
BD-34,BD-34.jpg,7,10.435578346252441,0.8609117269515991
BD-35,BD-35.jpg,0,3.562600612640381,-0.5633818507194519
BD-36,BD-36.jpg,9,-1.276713252067566,-2.432124614715576
BD-37,BD-37.jpg,3,-6.523655891418457,0.0768253356218338
BD-38,BD-38.jpg,7,7.5990753173828125,4.123485565185547
BD-39,BD-39.jpg,8,-0.12072111666202545,3.021634817123413
BD-40,BD-40.jpg,11,-0.007195577025413513,-6.165531158447266
BD-41,BD-41.jpg,9,1.3009511232376099,1.1336021423339844
BD-42,BD-42.jpg,9,-1.1710160970687866,-0.4411802589893341
BD-43,BD-43.jpg,0,3.3374898433685303,-4.445835113525391
BD-44,BD-44.jpg,7,10.435578346252441,0.8609117269515991
BD-45,BD-45.jpg,9,0.250394344329834,-3.2960729598999023
BD-46,BD-46.jpg,2,-4.4037394523620605,-1.3038831949234009
BD-47,BD-47.jpg,7,7.4835429191589355,0.9088622331619263
BD-48,BD-48.jpg,5,-1.9680544137954712,-4.721346378326416
BD-49,BD-49.jpg,3,-3.2478280067443848,-2.1536686420440674
BD-50,BD-50.jpg,9,1.6695853471755981,-2.440284252166748
AR-1,AR-1.jpg,4,5.210056304931641,-0.07102562487125397
AR-2,AR-2.jpg,9,0.7261366248130798,-2.5311999320983887
AR-3,AR-3.jpg,4,4.531924724578857,0.32608240842819214
AR-4,AR-4.jpg,2,-2.602216958999634,1.4560565948486328
AR-5,AR-5.jpg,9,0.1762239634990692,-2.3466598987579346
AR-6,AR-6.jpg,9,-1.227663278579712,-0.42275121808052063
AR-7,AR-7.jpg,2,-5.32832670211792,1.780582070350647
AR-8,AR-8.jpg,2,-4.643918991088867,-0.28857746720314026
AR-9,AR-9.jpg,0,2.0841481685638428,-2.994229555130005
AR-10,AR-10.jpg,11,0.7084771990776062,-5.06527042388916
AR-11,AR-11.jpg,9,1.2668486833572388,0.7525421380996704
AR-12,AR-12.jpg,8,-0.7748540639877319,5.076447486877441
AR-13,AR-13.jpg,8,-4.521854877471924,1.3124223947525024
AR-14,AR-14.jpg,11,-2.4937193393707275,-4.568463325500488
AR-15,AR-15.jpg,9,0.5190964341163635,-4.269464015960693
AR-16,AR-16.jpg,1,6.3619303703308105,4.807610511779785
AR-17,AR-17.jpg,9,-0.5294798016548157,-1.0282436609268188
AR-18,AR-18.jpg,4,3.8219387531280518,2.306946277618408
AR-19,AR-19.jpg,2,-3.8095057010650635,0.14556075632572174
AR-20,AR-20.jpg,0,4.372997283935547,-5.461825847625732
AR-21,AR-21.jpg,9,-2.9579548835754395,-1.1010254621505737
AR-22,AR-22.jpg,4,3.693955183029175,-0.22790907323360443
AR-23,AR-23.jpg,11,0.9205833077430725,-2.8289856910705566
AR-24,AR-24.jpg,4,5.659477710723877,3.173473596572876
AR-25,AR-25.jpg,3,0.5009176135063171,-2.185967445373535
AR-26,AR-26.jpg,9,2.5424699783325195,0.5759991407394409
AR-27,AR-27.jpg,2,-1.3138221502304077,-2.28647780418396
AR-28,AR-28.jpg,7,4.468893527984619,-1.5706993341445923
AR-29,AR-29.jpg,7,8.077190399169922,2.643921136856079
AR-30,AR-30.jpg,2,-3.823727607727051,-2.036755084991455
AR-31,AR-31.jpg,6,-5.287755012512207,0.013063423335552216
AR-32,AR-32.jpg,2,-5.149962425231934,-2.5138838291168213
AR-33,AR-33.jpg,5,-2.6601970195770264,-0.36869409680366516
AR-34,AR-34.jpg,2,-4.488865852355957,-4.066081523895264
AR-35,AR-35.jpg,2,-4.808786869049072,-2.0219058990478516
AR-36,AR-36.jpg,2,-6.793450355529785,-0.8698379397392273
AR-37,AR-37.jpg,9,-0.7119278907775879,-2.7038772106170654
AR-38,AR-38.jpg,7,4.375949382781982,-0.09226257354021072
AR-39,AR-39.jpg,6,-5.703219413757324,1.6520631313323975
AR-40,AR-40.jpg,7,6.83726167678833,-1.0521209239959717
AR-41,AR-41.jpg,9,0.5049757361412048,-2.2022368907928467
AR-42,AR-42.jpg,8,-2.3989803791046143,-0.13564179837703705
AR-43,AR-43.jpg,11,2.2658517360687256,-7.745178699493408
AR-44,AR-44.jpg,9,-1.1624698638916016,-1.3474327325820923
AR-45,AR-45.jpg,9,1.3473409414291382,-0.7859245538711548
AR-46,AR-46.jpg,2,-6.465431213378906,0.8605189919471741
AR-47,AR-47.jpg,3,-3.7107908725738525,3.1450188159942627
AR-48,AR-48.jpg,2,-5.97745418548584,-0.3966122269630432
AR-49,AR-49.jpg,0,0.35841837525367737,-4.422578811645508
AR-50,AR-50.jpg,3,0.014838585630059242,0.9622485637664795
BO-1,BO-1.jpg,9,-0.9879083633422852,-3.8336570262908936
BO-2,BO-2.jpg,11,-2.5110769271850586,-4.529059886932373
BO-3,BO-3.jpg,11,-1.3949077129364014,-3.2043983936309814
BO-4,BO-4.jpg,11,-1.542797327041626,-2.3018431663513184
BO-5,BO-5.jpg,0,0.270532488822937,-2.2898662090301514
BO-6,BO-6.jpg,6,-10.221094131469727,2.441610336303711
BO-7,BO-7.jpg,0,4.542158603668213,-2.6094985008239746
BO-8,BO-8.jpg,9,0.3979022204875946,-1.4121840000152588
BO-9,BO-9.jpg,9,-1.3742387294769287,-1.188951015472412
BO-10,BO-10.jpg,2,-3.578960418701172,-2.6302218437194824
BO-11,BO-11.jpg,5,3.2747678756713867,-1.7143826484680176
BO-12,BO-12.jpg,11,-1.5044991970062256,-4.672296047210693
BO-13,BO-13.jpg,11,0.05563244968652725,-3.488445520401001
BO-14,BO-14.jpg,7,6.733883380889893,-0.2738592028617859
BO-15,BO-15.jpg,9,0.5216596126556396,-0.0374855138361454
BO-16,BO-16.jpg,4,4.5612969398498535,1.3987027406692505
BO-17,BO-17.jpg,2,-4.518996238708496,0.43478330969810486
BO-18,BO-18.jpg,3,-0.008936258032917976,-0.042423464357852936
BO-19,BO-19.jpg,3,-2.6137521266937256,0.13213737308979034
BO-20,BO-20.jpg,11,-3.194101333618164,-3.914215087890625
BO-21,BO-21.jpg,9,-0.3442564308643341,-1.8288954496383667
BO-22,BO-22.jpg,9,-2.1776270866394043,-1.0968341827392578
BO-23,BO-23.jpg,0,2.5994904041290283,-4.151915550231934
BO-24,BO-24.jpg,2,-3.302523136138916,-0.1711992472410202
BO-25,BO-25.jpg,9,-0.7026005983352661,-1.488637924194336
BO-26,BO-26.jpg,0,2.6864469051361084,-2.2001984119415283
BO-27,BO-27.jpg,11,-0.19890227913856506,-7.739814281463623
BO-28,BO-28.jpg,3,-5.3657145500183105,-2.3588709831237793
BO-29,BO-29.jpg,3,-3.449971914291382,-1.2490426301956177
BO-30,BO-30.jpg,2,-3.530637502670288,0.976883053779602
BO-31,BO-31.jpg,2,-4.833518028259277,-2.8085925579071045
BO-32,BO-32.jpg,11,-0.6551485657691956,-7.440608024597168
BO-33,BO-33.jpg,9,-1.6873703002929688,-1.6493841409683228
BO-34,BO-34.jpg,8,-1.829923391342163,2.6432383060455322
BO-35,BO-35.jpg,9,1.9747498035430908,-1.2232365608215332
BO-36,BO-36.jpg,9,0.8707395195960999,-0.702528178691864
BO-37,BO-37.jpg,9,-0.8027939796447754,-1.9751969575881958
BO-38,BO-38.jpg,4,2.954725742340088,0.9538601040840149
BO-39,BO-39.jpg,11,-4.7570881843566895,-2.224905490875244
BO-40,BO-40.jpg,8,0.65435791015625,4.769672870635986
BO-41,BO-41.jpg,9,1.1486221551895142,-3.6867122650146484
BO-42,BO-42.jpg,8,-4.6043806076049805,1.8227519989013672
BO-43,BO-43.jpg,11,-1.1080647706985474,-2.9089913368225098
BO-44,BO-44.jpg,11,-1.3263434171676636,-3.250443935394287
BO-45,BO-45.jpg,8,-2.9281582832336426,1.8198719024658203
BO-46,BO-46.jpg,3,-2.1638407707214355,0.4867861866950989
BO-47,BO-47.jpg,11,-0.19890227913856506,-7.739814281463623
BO-48,BO-48.jpg,8,-3.4758424758911133,3.2879841327667236
BO-49,BO-49.jpg,7,3.3512051105499268,1.8717586994171143
BO-50,BO-50.jpg,2,-4.744558334350586,-3.737929582595825
CH-1,CH-1.jpg,0,1.3967406749725342,-4.898609161376953
CH-2,CH-2.jpg,9,-2.4981634616851807,-1.6330695152282715
CH-3,CH-3.jpg,7,4.003615856170654,-2.1005001068115234
CH-4,CH-4.jpg,10,-4.782474517822266,9.498292922973633
CH-5,CH-5.jpg,2,-3.6298177242279053,-0.6026961803436279
CH-6,CH-6.jpg,8,-2.332655668258667,1.4400980472564697
CH-7,CH-7.jpg,2,-4.2198638916015625,1.083709478378296
CH-8,CH-8.jpg,3,-3.313016176223755,-1.590009093284607
CH-9,CH-9.jpg,1,7.029000282287598,0.7354490756988525
CH-10,CH-10.jpg,1,6.560759544372559,1.0169767141342163
CH-11,CH-11.jpg,3,-6.219303131103516,-0.40860143303871155
CH-12,CH-12.jpg,2,-2.658947229385376,-1.7081656455993652
CH-13,CH-13.jpg,2,-4.7373881340026855,-0.5699073672294617
CH-14,CH-14.jpg,0,8.55952262878418,-5.385072231292725
CH-15,CH-15.jpg,6,-5.736392974853516,6.390921592712402
CH-16,CH-16.jpg,8,1.5297831296920776,2.3609073162078857
CH-17,CH-17.jpg,4,4.2398481369018555,4.248210906982422
CH-18,CH-18.jpg,7,6.307908058166504,-2.247924566268921
CH-19,CH-19.jpg,7,3.7701363563537598,0.9255293607711792
CH-20,CH-20.jpg,0,3.813354253768921,-3.506789207458496
CH-21,CH-21.jpg,11,-2.4089112281799316,-4.281326770782471
CH-22,CH-22.jpg,9,0.8273795247077942,-0.5699091553688049
CH-23,CH-23.jpg,11,-1.5814915895462036,-6.465036869049072
CH-24,CH-24.jpg,11,1.289570689201355,-5.175267696380615
CH-25,CH-25.jpg,2,-6.158187389373779,0.6981728076934814
CH-26,CH-26.jpg,5,-3.1933939456939697,-4.062607288360596
CH-27,CH-27.jpg,11,-3.309886932373047,-5.923272609710693
CH-28,CH-28.jpg,2,-3.7314164638519287,0.6216239929199219
CH-29,CH-29.jpg,4,2.968627691268921,2.904034376144409
CH-30,CH-30.jpg,2,-4.139336585998535,0.2854834496974945
CH-31,CH-31.jpg,0,0.8538535237312317,-3.9949731826782227
CH-32,CH-32.jpg,2,-4.799511432647705,-1.0580846071243286
CH-33,CH-33.jpg,9,-1.3628289699554443,-1.0443419218063354
CH-34,CH-34.jpg,8,-3.1378889083862305,4.785639762878418
CH-35,CH-35.jpg,0,6.22847843170166,-2.578618288040161
CH-36,CH-36.jpg,3,-0.48397353291511536,-0.3314875662326813
CH-37,CH-37.jpg,9,-0.882468044757843,-0.809208869934082
CH-38,CH-38.jpg,3,-5.290866374969482,-1.87300705909729
CH-39,CH-39.jpg,6,-5.258251667022705,1.2328218221664429
CH-40,CH-40.jpg,3,-4.127371311187744,-0.5260543823242188
CH-41,CH-41.jpg,9,-2.1267783641815186,-1.1733087301254272
CH-42,CH-42.jpg,2,-4.330257415771484,-2.0695412158966064
CH-43,CH-43.jpg,0,1.0592968463897705,-5.9100728034973145
CH-44,CH-44.jpg,2,-7.903947353363037,-0.31419289112091064
CH-45,CH-45.jpg,7,7.042182445526123,-0.644281804561615
CH-46,CH-46.jpg,9,-1.378662347793579,-1.3294707536697388
CH-47,CH-47.jpg,9,2.914125442504883,-2.154686689376831
CH-48,CH-48.jpg,9,-1.933003306388855,-1.4542763233184814
CH-49,CH-49.jpg,9,-2.3215668201446533,-1.9584065675735474
CH-50,CH-50.jpg,11,-2.9848575592041016,-4.098893642425537
DZ-1,DZ-1.jpg,2,-2.773792266845703,1.0625330209732056
DZ-2,DZ-2.jpg,8,1.1632964611053467,3.437223434448242
DZ-3,DZ-3.jpg,9,0.12033454328775406,0.8655585050582886
DZ-4,DZ-4.jpg,4,1.2312960624694824,4.855213165283203
DZ-5,DZ-5.jpg,1,9.166668891906738,1.4493672847747803
DZ-6,DZ-6.jpg,8,-2.402580738067627,1.0867468118667603
DZ-7,DZ-7.jpg,3,0.2725732922554016,-0.09634094685316086
DZ-8,DZ-8.jpg,2,-4.474579334259033,-2.025865316390991
DZ-9,DZ-9.jpg,9,1.369920015335083,0.13285663723945618
DZ-10,DZ-10.jpg,3,1.388713002204895,-2.1821787357330322
DZ-11,DZ-11.jpg,5,-3.4106807708740234,-0.4968489110469818
DZ-12,DZ-12.jpg,9,-1.5831063985824585,0.35072195529937744
DZ-13,DZ-13.jpg,9,0.9460845589637756,-2.6309266090393066
DZ-14,DZ-14.jpg,4,2.1375930309295654,1.6943012475967407
DZ-15,DZ-15.jpg,8,0.08010107278823853,2.490800380706787
DZ-16,DZ-16.jpg,9,3.0444631576538086,-1.0276174545288086
DZ-17,DZ-17.jpg,4,3.0261800289154053,4.160431385040283
DZ-18,DZ-18.jpg,9,1.2160049676895142,-1.1593873500823975
DZ-19,DZ-19.jpg,6,-5.00183629989624,4.1241655349731445
DZ-20,DZ-20.jpg,9,-1.7705533504486084,-1.4844884872436523
DZ-21,DZ-21.jpg,0,0.6708928942680359,-2.132894992828369
DZ-22,DZ-22.jpg,10,1.0953614711761475,12.489168167114258
DZ-23,DZ-23.jpg,9,2.723095655441284,-0.9518871307373047
DZ-24,DZ-24.jpg,11,-1.3463531732559204,-6.569211959838867
DZ-25,DZ-25.jpg,4,2.954893112182617,3.431889533996582
DZ-26,DZ-26.jpg,8,0.9851878881454468,1.5816843509674072
DZ-27,DZ-27.jpg,4,1.799049735069275,2.825521469116211
DZ-28,DZ-28.jpg,11,-4.260073661804199,-3.319384813308716
DZ-29,DZ-29.jpg,0,3.8700459003448486,-2.9911327362060547
DZ-30,DZ-30.jpg,3,0.2725732922554016,-0.09634094685316086
DZ-31,DZ-31.jpg,3,0.2729537785053253,-0.09537017345428467
DZ-32,DZ-32.jpg,4,3.4019575119018555,3.42488169670105
DZ-33,DZ-33.jpg,3,-0.38718581199645996,-6.304872512817383
DZ-34,DZ-34.jpg,9,0.7416019439697266,0.9508650898933411
DZ-35,DZ-35.jpg,4,1.2237491607666016,5.664076805114746
DZ-36,DZ-36.jpg,9,-0.9853379130363464,-2.0212061405181885
DZ-37,DZ-37.jpg,3,0.2729537785053253,-0.09537017345428467
DZ-38,DZ-38.jpg,3,2.574021100997925,0.6417278051376343
DZ-39,DZ-39.jpg,3,0.2725732922554016,-0.09634094685316086
DZ-40,DZ-40.jpg,9,-0.8323128819465637,-1.1067442893981934
DZ-41,DZ-41.jpg,9,1.2463676929473877,-4.206498622894287
DZ-42,DZ-42.jpg,11,-1.2643797397613525,-3.9050822257995605
DZ-43,DZ-43.jpg,3,0.16801375150680542,-1.4615260362625122
DZ-44,DZ-44.jpg,4,0.581581175327301,5.12200403213501
DZ-45,DZ-45.jpg,4,2.6998190879821777,3.358271598815918
DZ-46,DZ-46.jpg,8,-2.402580738067627,1.0867468118667603
DZ-47,DZ-47.jpg,3,-3.6450204849243164,-1.8963391780853271
DZ-48,DZ-48.jpg,8,-0.08323170244693756,7.243164539337158
DZ-49,DZ-49.jpg,3,0.2725732922554016,-0.09634094685316086
DZ-50,DZ-50.jpg,4,4.280576705932617,2.9373645782470703
GG-1,GG-1.jpg,2,-5.527991771697998,0.572454035282135
GG-2,GG-2.jpg,3,2.7352213859558105,0.7792354226112366
GG-3,GG-3.jpg,8,-5.015672206878662,3.439220666885376
GG-4,GG-4.jpg,8,-2.896710157394409,3.741730213165283
GG-5,GG-5.jpg,8,-2.6060590744018555,2.932823419570923
GG-6,GG-6.jpg,5,1.3612515926361084,-0.46360069513320923
GG-7,GG-7.jpg,6,-5.361380100250244,6.853652477264404
GG-8,GG-8.jpg,7,8.17541790008545,-0.9737431406974792
GG-9,GG-9.jpg,1,9.03054428100586,3.6419129371643066
GG-10,GG-10.jpg,4,-0.12927770614624023,4.565234184265137
GG-11,GG-11.jpg,4,2.7482597827911377,5.903895854949951
GG-12,GG-12.jpg,4,1.5998282432556152,1.9974267482757568
GG-13,GG-13.jpg,8,-0.022305192425847054,2.9120965003967285
GG-14,GG-14.jpg,8,-2.4907374382019043,3.373971939086914
GG-15,GG-15.jpg,3,0.5331947207450867,-0.8527741432189941
GG-16,GG-16.jpg,8,0.8457677960395813,2.2642080783843994
GG-17,GG-17.jpg,8,-2.2156105041503906,1.323948621749878
GG-18,GG-18.jpg,8,-2.77028751373291,2.7526936531066895
GG-19,GG-19.jpg,2,-2.498067617416382,0.6234404444694519
GG-20,GG-20.jpg,8,-2.6540088653564453,1.1019997596740723
GG-21,GG-21.jpg,3,-3.1814441680908203,-1.6830129623413086
GG-22,GG-22.jpg,7,5.062417507171631,0.15494489669799805
GG-23,GG-23.jpg,9,0.7202003002166748,-2.5209429264068604
GG-24,GG-24.jpg,4,3.7734718322753906,1.539056420326233
GG-25,GG-25.jpg,9,3.0299758911132812,1.202936053276062
GG-26,GG-26.jpg,7,6.179033279418945,-1.901268720626831
GG-27,GG-27.jpg,8,1.1370007991790771,5.139376163482666
GG-28,GG-28.jpg,6,-7.358399391174316,5.345551490783691
GG-29,GG-29.jpg,4,5.131618499755859,-1.28526771068573
GG-30,GG-30.jpg,9,1.4818216562271118,-2.3915936946868896
GG-31,GG-31.jpg,3,0.6391323804855347,3.1849052906036377
GG-32,GG-32.jpg,2,-7.093416213989258,0.16756746172904968
GG-33,GG-33.jpg,4,1.2922053337097168,2.355224370956421
GG-34,GG-34.jpg,9,0.19302882254123688,-0.9775954484939575
GG-35,GG-35.jpg,7,6.618868827819824,4.031410217285156
GG-36,GG-36.jpg,8,-3.9018352031707764,0.8885898590087891
GG-37,GG-37.jpg,7,6.05713415145874,-1.5758198499679565
GG-38,GG-38.jpg,4,4.486407279968262,0.7398672699928284
GG-39,GG-39.jpg,11,-3.1415698528289795,-5.298724174499512
GG-40,GG-40.jpg,7,5.933690547943115,-0.3237896263599396
GG-41,GG-41.jpg,8,-1.0037574768066406,4.0382819175720215
GG-42,GG-42.jpg,8,-3.0408902168273926,0.33072444796562195
GG-43,GG-43.jpg,9,0.05628759786486626,1.255268931388855
GG-44,GG-44.jpg,2,-3.325705051422119,0.4787072539329529
GG-45,GG-45.jpg,0,4.731967926025391,-5.294018745422363
GG-46,GG-46.jpg,9,-0.27591535449028015,0.7357845306396484
GG-47,GG-47.jpg,2,-5.649251461029053,1.5544707775115967
GG-48,GG-48.jpg,4,2.2467598915100098,1.2809979915618896
GG-49,GG-49.jpg,9,0.41390690207481384,-1.0796496868133545
GG-50,GG-50.jpg,11,-0.7539993524551392,-7.712979793548584
IT-1,IT-1.jpg,3,-2.7175869941711426,-2.0312693119049072
IT-2,IT-2.jpg,6,-5.465376377105713,1.2721436023712158
IT-3,IT-3.jpg,11,-1.1355772018432617,-4.013835906982422
IT-4,IT-4.jpg,2,-5.00599479675293,-0.9108613729476929
IT-5,IT-5.jpg,5,2.1678600311279297,-4.185649871826172
IT-6,IT-6.jpg,9,-0.9557619094848633,-1.3660690784454346
IT-7,IT-7.jpg,2,-8.697783470153809,-2.4266750812530518
IT-8,IT-8.jpg,9,-0.6343185901641846,-3.216588258743286
IT-9,IT-9.jpg,8,-1.1354312896728516,1.957826852798462
IT-10,IT-10.jpg,2,-8.173199653625488,-1.6832125186920166
IT-11,IT-11.jpg,2,-5.938786506652832,-0.3965921700000763
IT-12,IT-12.jpg,7,3.439044237136841,-3.022736072540283
IT-13,IT-13.jpg,0,5.203882694244385,-2.007938861846924
IT-14,IT-14.jpg,3,3.167576551437378,1.4128490686416626
IT-15,IT-15.jpg,4,3.282701015472412,0.005764319095760584
IT-16,IT-16.jpg,11,-4.557064056396484,-4.137609958648682
IT-17,IT-17.jpg,11,-1.5558398962020874,-6.0883660316467285
IT-18,IT-18.jpg,9,1.1414411067962646,-1.4752250909805298
IT-19,IT-19.jpg,0,0.5592924952507019,-2.9692981243133545
IT-20,IT-20.jpg,11,-4.915789604187012,-6.554169654846191
IT-21,IT-21.jpg,11,0.16824428737163544,-3.866976499557495
IT-22,IT-22.jpg,11,-0.6790550351142883,-6.36889123916626
IT-23,IT-23.jpg,8,-3.9027888774871826,0.33146244287490845
IT-24,IT-24.jpg,2,-6.269739627838135,-3.1851437091827393
IT-25,IT-25.jpg,3,-1.4333966970443726,-2.5538763999938965
IT-26,IT-26.jpg,8,0.7128532528877258,2.169677257537842
IT-27,IT-27.jpg,2,-2.541901111602783,-1.9682780504226685
IT-28,IT-28.jpg,4,3.6183102130889893,3.874906063079834
IT-29,IT-29.jpg,9,0.7839452028274536,-2.770142078399658
IT-30,IT-30.jpg,2,-5.572507858276367,-0.19472472369670868
IT-31,IT-31.jpg,9,-0.10157613456249237,-1.5838968753814697
IT-32,IT-32.jpg,2,-4.81421422958374,0.10004329681396484
IT-33,IT-33.jpg,7,5.2121262550354,-1.2475205659866333
IT-34,IT-34.jpg,9,2.45351243019104,-2.082425832748413
IT-35,IT-35.jpg,4,4.049257755279541,-0.16588875651359558
IT-36,IT-36.jpg,11,-3.9003701210021973,-3.583007335662842
IT-37,IT-37.jpg,2,-4.481342315673828,1.369044542312622
IT-38,IT-38.jpg,3,1.366808295249939,-1.776350975036621
IT-39,IT-39.jpg,11,-5.862964153289795,-5.429544448852539
IT-40,IT-40.jpg,11,-2.444084644317627,-4.059945106506348
IT-41,IT-41.jpg,9,-2.081059694290161,-1.9970247745513916
IT-42,IT-42.jpg,2,-2.9296138286590576,-0.4636059105396271
IT-43,IT-43.jpg,4,2.9226572513580322,1.5065926313400269
IT-44,IT-44.jpg,7,4.710268974304199,0.9473744630813599
IT-45,IT-45.jpg,8,-2.4263947010040283,5.78660249710083
IT-46,IT-46.jpg,3,-0.6330748796463013,-1.7241814136505127
IT-47,IT-47.jpg,5,2.3630154132843018,-1.621982216835022
IT-48,IT-48.jpg,4,3.2329132556915283,0.773993194103241
IT-49,IT-49.jpg,2,-4.118627548217773,-0.8297185301780701
IT-50,IT-50.jpg,6,-6.831398963928223,0.9298907518386841
LI-1,LI-1.jpg,0,6.40948486328125,-4.1494669914245605
LI-2,LI-2.jpg,5,0.11479513347148895,-1.0583637952804565
LI-3,LI-3.jpg,8,-1.6517114639282227,2.246598958969116
LI-4,LI-4.jpg,7,9.83945083618164,1.0380409955978394
LI-5,LI-5.jpg,2,-6.653419494628906,-1.6165478229522705
LI-6,LI-6.jpg,2,-3.104846715927124,-3.2919201850891113
LI-7,LI-7.jpg,9,0.9366761445999146,-1.9091476202011108
LI-8,LI-8.jpg,2,-5.918807029724121,-0.7485314011573792
LI-9,LI-9.jpg,7,4.5120062828063965,-1.3305121660232544
LI-10,LI-10.jpg,9,-0.8434004187583923,-2.4886701107025146
LI-11,LI-11.jpg,9,2.9910778999328613,-2.1867682933807373
LI-12,LI-12.jpg,7,9.730413436889648,1.6637465953826904
LI-13,LI-13.jpg,10,-5.74301815032959,2.85992693901062
LI-14,LI-14.jpg,4,1.8327279090881348,4.031041622161865
LI-15,LI-15.jpg,10,-7.2753167152404785,8.02163314819336
LI-16,LI-16.jpg,0,4.583536624908447,-6.310144424438477
LI-17,LI-17.jpg,3,-1.6014407873153687,-2.876917600631714
LI-18,LI-18.jpg,3,1.837047815322876,3.9614315032958984
LI-19,LI-19.jpg,7,7.231943607330322,-0.15550653636455536
LI-20,LI-20.jpg,8,-1.6718355417251587,2.668729543685913
LI-21,LI-21.jpg,5,-3.198465585708618,-0.8300943970680237
LI-22,LI-22.jpg,9,-0.3667362928390503,0.22239722311496735
LI-23,LI-23.jpg,9,-1.3107614517211914,0.29721173644065857
LI-24,LI-24.jpg,2,-6.606314659118652,1.5865384340286255
LI-25,LI-25.jpg,0,0.5732595920562744,-6.233424186706543
LI-26,LI-26.jpg,6,-6.742478847503662,2.167351722717285
LI-27,LI-27.jpg,9,-1.930476188659668,-0.6153561472892761
LI-28,LI-28.jpg,3,-0.8209061622619629,-3.018738269805908
LI-29,LI-29.jpg,8,-2.93570613861084,1.4562036991119385
LI-30,LI-30.jpg,7,4.05537223815918,-2.9580905437469482
LI-31,LI-31.jpg,9,1.3003493547439575,-1.0663435459136963
LI-32,LI-32.jpg,2,-3.5469839572906494,-0.7250732183456421
LI-33,LI-33.jpg,4,0.6604498028755188,2.373612880706787
LI-34,LI-34.jpg,9,1.4216480255126953,0.3893454670906067
LI-35,LI-35.jpg,3,-1.9746164083480835,1.1524872779846191
LI-36,LI-36.jpg,7,4.487372398376465,-0.4147343933582306
LI-37,LI-37.jpg,7,8.5191650390625,0.18241524696350098
LI-38,LI-38.jpg,9,4.085669040679932,-2.092304229736328
LI-39,LI-39.jpg,8,-3.5718531608581543,0.018427152186632156
LI-40,LI-40.jpg,8,-3.263716697692871,3.297419786453247
LI-41,LI-41.jpg,6,-5.412441253662109,8.692336082458496
LI-42,LI-42.jpg,5,-3.5292742252349854,1.523188829421997
LI-43,LI-43.jpg,11,-0.01562443096190691,-4.439637660980225
LI-44,LI-44.jpg,4,4.345788955688477,2.5394065380096436
LI-45,LI-45.jpg,9,-2.7052674293518066,-1.6236449480056763
LI-46,LI-46.jpg,9,-0.5174319744110107,-2.460493564605713
LI-47,LI-47.jpg,8,-2.1449966430664062,3.773256778717041
LI-48,LI-48.jpg,5,-0.22496043145656586,-0.4268604815006256
LI-49,LI-49.jpg,9,1.011474370956421,-1.166455864906311
LI-50,LI-50.jpg,9,-1.031878113746643,-0.12050680071115494
MY-1,MY-1.jpg,2,-6.398902893066406,-2.04528546333313
MY-2,MY-2.jpg,0,7.207233905792236,-4.094854354858398
MY-3,MY-3.jpg,4,3.048353910446167,1.6559630632400513
MY-4,MY-4.jpg,8,0.09319984167814255,2.5017781257629395
MY-5,MY-5.jpg,8,-1.6073980331420898,3.138159990310669
MY-6,MY-6.jpg,9,-2.4523375034332275,-1.957329511642456
MY-7,MY-7.jpg,7,7.764627456665039,-0.07969352602958679
MY-8,MY-8.jpg,0,2.8702521324157715,-2.2982661724090576
MY-9,MY-9.jpg,7,10.578856468200684,1.7928663492202759
MY-10,MY-10.jpg,1,7.515866756439209,3.343395233154297
MY-11,MY-11.jpg,2,-3.506524085998535,-0.8145613074302673
MY-12,MY-12.jpg,7,8.11167049407959,-1.4757027626037598
MY-13,MY-13.jpg,4,1.182920217514038,1.732672929763794
MY-14,MY-14.jpg,11,-2.623389959335327,-4.164655685424805
MY-15,MY-15.jpg,4,6.260861396789551,5.493820667266846
MY-16,MY-16.jpg,10,1.3602654933929443,9.387556076049805
MY-17,MY-17.jpg,10,-4.206013202667236,6.605126857757568
MY-18,MY-18.jpg,5,3.1598994731903076,-0.35557541251182556
MY-19,MY-19.jpg,2,-5.1596198081970215,-2.227961778640747
MY-20,MY-20.jpg,4,3.418022632598877,0.807422935962677
MY-21,MY-21.jpg,5,1.96168053150177,1.552539348602295
MY-22,MY-22.jpg,2,-4.909687042236328,-0.7418202757835388
MY-23,MY-23.jpg,8,-3.678307294845581,4.621264457702637
MY-24,MY-24.jpg,4,4.109586715698242,-0.7682966589927673
MY-25,MY-25.jpg,1,7.855088233947754,3.2920432090759277
MY-26,MY-26.jpg,2,-3.061493158340454,-2.3704044818878174
MY-27,MY-27.jpg,7,7.217623710632324,1.9736629724502563
MY-28,MY-28.jpg,9,2.178013324737549,-2.6241607666015625
MY-29,MY-29.jpg,10,-0.8122823238372803,7.471114635467529
MY-30,MY-30.jpg,8,-4.098077297210693,2.1501266956329346
MY-31,MY-31.jpg,3,0.9704242944717407,-0.3519778549671173
MY-32,MY-32.jpg,5,0.740780234336853,-1.3765546083450317
MY-33,MY-33.jpg,11,-0.8693670630455017,-10.639567375183105
MY-34,MY-34.jpg,3,2.4064829349517822,-0.6482515335083008
MY-35,MY-35.jpg,8,-0.028578191995620728,8.017602920532227
MY-36,MY-36.jpg,10,-1.7915031909942627,1.7519863843917847
MY-37,MY-37.jpg,10,-1.5237854719161987,4.746408939361572
MY-38,MY-38.jpg,2,-4.808064937591553,-0.4338642358779907
MY-39,MY-39.jpg,7,3.6431119441986084,1.3165786266326904
MY-40,MY-40.jpg,8,-2.789430856704712,2.8803250789642334
MY-41,MY-41.jpg,2,-4.383142948150635,-2.7197935581207275
MY-42,MY-42.jpg,11,-2.2609362602233887,-3.374452829360962
MY-43,MY-43.jpg,5,0.3557501435279846,0.23593494296073914
MY-44,MY-44.jpg,8,-1.1060734987258911,7.3498663902282715
MY-45,MY-45.jpg,9,0.9159824252128601,0.31417423486709595
MY-46,MY-46.jpg,2,-4.345207691192627,-0.6467041969299316
MY-47,MY-47.jpg,0,4.949527263641357,-0.9188619256019592
MY-48,MY-48.jpg,8,0.9314454793930054,3.699148654937744
MY-49,MY-49.jpg,1,9.51474666595459,2.7350211143493652
MY-50,MY-50.jpg,2,-3.1400504112243652,-0.43731820583343506
PH-1,PH-1.jpg,9,-0.26250481605529785,1.2654093503952026
PH-2,PH-2.jpg,4,2.6728460788726807,1.889550805091858
PH-3,PH-3.jpg,9,-1.9864698648452759,-1.4017573595046997
PH-4,PH-4.jpg,1,8.089329719543457,2.9994754791259766
PH-5,PH-5.jpg,5,0.6994497776031494,2.521472692489624
PH-6,PH-6.jpg,8,0.07961369305849075,1.8940049409866333
PH-7,PH-7.jpg,8,-1.6292551755905151,4.519798278808594
PH-8,PH-8.jpg,9,2.352682590484619,-2.7196741104125977
PH-9,PH-9.jpg,11,-0.5658078789710999,-8.547605514526367
PH-10,PH-10.jpg,8,-4.041423797607422,0.8673874139785767
PH-11,PH-11.jpg,9,3.169473171234131,-0.4217337369918823
PH-12,PH-12.jpg,11,-3.885395050048828,-7.171756267547607
PH-13,PH-13.jpg,7,6.352357864379883,0.6155763268470764
PH-14,PH-14.jpg,11,-0.14268659055233002,-3.8921501636505127
PH-15,PH-15.jpg,11,-1.4347689151763916,-9.38529109954834
PH-16,PH-16.jpg,2,-3.4265263080596924,-0.39587733149528503
PH-17,PH-17.jpg,0,1.2001246213912964,-1.779163122177124
PH-18,PH-18.jpg,7,6.7610182762146,-1.2540833950042725
PH-19,PH-19.jpg,11,-3.850165843963623,-8.480803489685059
PH-20,PH-20.jpg,11,0.6506522297859192,-10.5077543258667
PH-21,PH-21.jpg,11,-3.0487895011901855,-6.204601287841797
PH-22,PH-22.jpg,2,-5.690971374511719,-3.1060264110565186
PH-23,PH-23.jpg,3,-2.6137754917144775,-3.016345977783203
PH-24,PH-24.jpg,5,1.661678433418274,-0.4707707166671753
PH-25,PH-25.jpg,8,-3.5395758152008057,4.371809482574463
PH-26,PH-26.jpg,9,-1.279098391532898,-1.3260689973831177
PH-27,PH-27.jpg,8,-2.0416488647460938,1.0989145040512085
PH-28,PH-28.jpg,11,-4.141505718231201,-6.821413993835449
PH-29,PH-29.jpg,9,0.30123862624168396,-0.367692768573761
PH-30,PH-30.jpg,8,-3.6466851234436035,2.6574885845184326
PH-31,PH-31.jpg,11,-0.3087705969810486,-7.057811260223389
PH-32,PH-32.jpg,3,-1.7360516786575317,-0.11109615862369537
PH-33,PH-33.jpg,10,-2.1636040210723877,4.771919250488281
PH-34,PH-34.jpg,4,3.7636420726776123,3.1829380989074707
PH-35,PH-35.jpg,9,-1.6939144134521484,-2.4335527420043945
PH-36,PH-36.jpg,7,7.57698917388916,-3.0106778144836426
PH-37,PH-37.jpg,4,4.167492389678955,1.4487249851226807
PH-38,PH-38.jpg,8,-2.5369796752929688,4.680720806121826
PH-39,PH-39.jpg,8,-4.494509696960449,2.013756275177002
PH-40,PH-40.jpg,9,0.1449621170759201,-1.5688716173171997
PH-41,PH-41.jpg,7,7.2505645751953125,-3.0247790813446045
PH-42,PH-42.jpg,0,7.9371442794799805,-6.462290287017822
PH-43,PH-43.jpg,9,0.24974654614925385,-0.8904904127120972
PH-44,PH-44.jpg,2,-1.8670235872268677,-0.8352429270744324
PH-45,PH-45.jpg,9,0.022344404831528664,0.46450453996658325
PH-46,PH-46.jpg,2,-8.829891204833984,-0.43354254961013794
PH-47,PH-47.jpg,2,-2.3492631912231445,-0.7460776567459106
PH-48,PH-48.jpg,9,-0.5184091329574585,-2.3577003479003906
PH-49,PH-49.jpg,9,-1.0039819478988647,-0.13535630702972412
PH-50,PH-50.jpg,9,2.3290724754333496,-0.4774288237094879
UY-1,UY-1.jpg,9,0.6981998682022095,-1.5301319360733032
UY-2,UY-2.jpg,7,7.967225551605225,-1.5665841102600098
UY-3,UY-3.jpg,9,1.0386732816696167,-2.196951389312744
UY-4,UY-4.jpg,8,-0.5967175960540771,4.458728313446045
UY-5,UY-5.jpg,9,1.1094928979873657,-2.5133914947509766
UY-6,UY-6.jpg,8,-3.5638959407806396,6.337541580200195
UY-7,UY-7.jpg,2,-4.869532585144043,-2.4944560527801514
UY-8,UY-8.jpg,9,0.5307776927947998,-1.9726864099502563
UY-9,UY-9.jpg,9,-1.2353286743164062,-1.1136611700057983
UY-10,UY-10.jpg,8,-1.4847099781036377,1.2429951429367065
UY-11,UY-11.jpg,1,8.849040031433105,4.714005947113037
UY-12,UY-12.jpg,8,-4.894070625305176,1.7097506523132324
UY-13,UY-13.jpg,2,-2.984666585922241,-0.6361377239227295
UY-14,UY-14.jpg,2,-3.911400318145752,-3.024392604827881
UY-15,UY-15.jpg,0,4.296326637268066,-0.7756438851356506
UY-16,UY-16.jpg,0,1.0782256126403809,-5.585400104522705
UY-17,UY-17.jpg,3,-2.6159372329711914,-1.47689950466156
UY-18,UY-18.jpg,11,-1.4234707355499268,-7.204786777496338
UY-19,UY-19.jpg,2,-6.871678829193115,-0.6337016224861145
UY-20,UY-20.jpg,9,1.8351200819015503,-1.3037418127059937
UY-21,UY-21.jpg,9,2.02251935005188,0.7201887965202332
UY-22,UY-22.jpg,4,2.728292465209961,1.4784096479415894
UY-23,UY-23.jpg,11,-1.4203848838806152,-4.227838039398193
UY-24,UY-24.jpg,8,-2.6794540882110596,5.1511383056640625
UY-25,UY-25.jpg,11,-2.615555763244629,-4.019373416900635
UY-26,UY-26.jpg,9,0.5727884769439697,-0.7984291911125183
UY-27,UY-27.jpg,10,-5.560518741607666,8.318212509155273
UY-28,UY-28.jpg,6,-7.010363578796387,5.54876184463501
UY-29,UY-29.jpg,8,-3.783295154571533,1.6120489835739136
UY-30,UY-30.jpg,9,0.10089040547609329,-1.909386157989502
UY-31,UY-31.jpg,4,2.6780638694763184,6.553631782531738
UY-32,UY-32.jpg,3,-3.2669363021850586,-0.06801357865333557
UY-33,UY-33.jpg,11,-1.077695608139038,-6.20525598526001
UY-34,UY-34.jpg,10,-6.219517707824707,5.4469990730285645
UY-35,UY-35.jpg,9,-2.0650875568389893,-0.022197062149643898
UY-36,UY-36.jpg,4,1.8346068859100342,0.7796738147735596
UY-37,UY-37.jpg,11,0.9241405129432678,-7.8929443359375
UY-38,UY-38.jpg,2,-4.355627536773682,-0.9519226551055908
UY-39,UY-39.jpg,9,1.6169259548187256,-1.205524206161499
UY-40,UY-40.jpg,11,-2.2822654247283936,-4.496196269989014
UY-41,UY-41.jpg,10,-8.200404167175293,6.242392063140869
UY-42,UY-42.jpg,8,-4.189270496368408,1.8347500562667847
UY-43,UY-43.jpg,0,1.6164506673812866,-4.057946681976318
UY-44,UY-44.jpg,0,2.363279342651367,-2.9818849563598633
UY-45,UY-45.jpg,9,0.17499317228794098,-0.6497347950935364
UY-46,UY-46.jpg,2,-4.070572853088379,0.06487445533275604
UY-47,UY-47.jpg,11,-2.607576608657837,-8.084549903869629
UY-48,UY-48.jpg,8,-2.747081756591797,1.6072238683700562
UY-49,UY-49.jpg,5,-3.3866612911224365,-2.012277126312256
UY-50,UY-50.jpg,8,-4.2025980949401855,4.126412868499756
BE-1,BE-1.jpg,4,5.587398052215576,2.73953914642334
BE-2,BE-2.jpg,3,-4.5210723876953125,1.3954540491104126
BE-3,BE-3.jpg,5,-1.0414327383041382,-0.2635984420776367
BE-4,BE-4.jpg,8,-2.1253814697265625,0.9314771890640259
BE-5,BE-5.jpg,6,-8.344000816345215,1.3068645000457764
BE-6,BE-6.jpg,7,7.7842206954956055,0.5738538503646851
BE-7,BE-7.jpg,11,-3.313467264175415,-5.585875511169434
BE-8,BE-8.jpg,9,-0.8608259558677673,-2.2964274883270264
BE-9,BE-9.jpg,5,4.956655502319336,2.2694125175476074
BE-10,BE-10.jpg,8,1.1252540349960327,4.362778186798096
BE-11,BE-11.jpg,2,-6.935884475708008,-1.1157946586608887
BE-12,BE-12.jpg,11,-1.4784313440322876,-7.268301963806152
BE-13,BE-13.jpg,11,-5.744723320007324,-5.029393672943115
BE-14,BE-14.jpg,0,2.5995302200317383,-4.684850692749023
BE-15,BE-15.jpg,10,-7.574160099029541,6.333250999450684
BE-16,BE-16.jpg,11,-0.4172966480255127,-4.045772552490234
BE-17,BE-17.jpg,8,0.6331510543823242,4.100462436676025
BE-18,BE-18.jpg,8,-0.6215608716011047,2.0269179344177246
BE-19,BE-19.jpg,11,0.014393644407391548,-7.980886936187744
BE-20,BE-20.jpg,8,-2.7392499446868896,5.921879291534424
BE-21,BE-21.jpg,11,-4.9790239334106445,-8.268619537353516
BE-22,BE-22.jpg,3,-0.001160092419013381,-2.4972779750823975
BE-23,BE-23.jpg,5,1.9477251768112183,-1.8513097763061523
BE-24,BE-24.jpg,8,-0.43563133478164673,3.2796759605407715
BE-25,BE-25.jpg,2,-3.9614219665527344,1.9680695533752441
BE-26,BE-26.jpg,1,9.778077125549316,2.692384719848633
BE-27,BE-27.jpg,8,-2.770294189453125,3.3477251529693604
BE-28,BE-28.jpg,0,3.258864641189575,-8.706182479858398
BE-29,BE-29.jpg,4,1.6190680265426636,1.0360686779022217
BE-30,BE-30.jpg,7,7.789249420166016,1.3998459577560425
BE-31,BE-31.jpg,4,0.5761850476264954,4.1983489990234375
BE-32,BE-32.jpg,7,10.893563270568848,0.5883322358131409
BE-33,BE-33.jpg,8,-0.35768070816993713,-0.5948703289031982
BE-34,BE-34.jpg,7,8.544455528259277,-1.4176321029663086
BE-35,BE-35.jpg,8,-2.79040265083313,5.921971797943115
BE-36,BE-36.jpg,2,-8.340921401977539,0.08643388003110886
BE-37,BE-37.jpg,2,-5.11044454574585,-1.6995577812194824
BE-38,BE-38.jpg,10,-2.798621654510498,5.400921821594238
BE-39,BE-39.jpg,4,4.690430164337158,1.5192575454711914
BE-40,BE-40.jpg,7,10.153338432312012,-1.0909030437469482
BE-41,BE-41.jpg,6,-4.4579339027404785,3.751624822616577
BE-42,BE-42.jpg,7,10.53484058380127,1.409912347793579
BE-43,BE-43.jpg,8,-2.9539601802825928,0.18335692584514618
BE-44,BE-44.jpg,8,1.0464638471603394,3.372343063354492
BE-45,BE-45.jpg,4,4.162217140197754,4.158669471740723
BE-46,BE-46.jpg,7,9.909242630004883,2.906426191329956
BE-47,BE-47.jpg,8,-0.6430764198303223,1.6051702499389648
BE-48,BE-48.jpg,0,3.2823495864868164,-2.3317911624908447
BE-49,BE-49.jpg,5,-0.142863467335701,-0.9360419511795044
BE-50,BE-50.jpg,7,4.275482654571533,-3.087385892868042
BF-1,BF-1.jpg,4,4.617417812347412,7.389807224273682
BF-2,BF-2.jpg,7,4.683505058288574,-0.5575628876686096
BF-3,BF-3.jpg,7,8.837135314941406,0.875083863735199
BF-4,BF-4.jpg,9,1.9367942810058594,-0.06833238899707794
BF-5,BF-5.jpg,4,3.816746711730957,1.6191526651382446
BF-6,BF-6.jpg,7,9.18472957611084,0.13654369115829468
BF-7,BF-7.jpg,9,4.188963890075684,-1.4558812379837036
BF-8,BF-8.jpg,3,-0.014362147077918053,-4.129026412963867
BF-9,BF-9.jpg,6,-3.6442577838897705,4.096145153045654
BF-10,BF-10.jpg,2,-4.143993377685547,-1.893261194229126
BF-11,BF-11.jpg,4,1.9958982467651367,0.6173070073127747
BF-12,BF-12.jpg,7,4.069718360900879,-1.543574333190918
BF-13,BF-13.jpg,7,3.664376735687256,2.163586139678955
BF-14,BF-14.jpg,4,5.45394229888916,3.0677642822265625
BF-15,BF-15.jpg,11,1.0961418151855469,-2.9475507736206055
BF-16,BF-16.jpg,4,3.485661268234253,2.0966153144836426
BF-17,BF-17.jpg,4,2.6432082653045654,3.6645052433013916
BF-18,BF-18.jpg,9,0.49232199788093567,1.462181568145752
BF-19,BF-19.jpg,4,3.9221060276031494,2.1734964847564697
BF-20,BF-20.jpg,4,4.0713372230529785,-1.0169895887374878
BF-21,BF-21.jpg,4,4.458105087280273,-0.07442586869001389
BF-22,BF-22.jpg,11,2.3998169898986816,-4.355210304260254
BF-23,BF-23.jpg,0,1.25971257686615,-1.3027862310409546
BF-24,BF-24.jpg,3,0.21220530569553375,1.8202413320541382
BF-25,BF-25.jpg,7,3.9735801219940186,0.6192139387130737
BF-26,BF-26.jpg,6,-4.832950115203857,4.747030258178711
BF-27,BF-27.jpg,7,3.5029900074005127,1.6645463705062866
BF-28,BF-28.jpg,9,0.13406868278980255,-0.5197031497955322
BF-29,BF-29.jpg,4,2.289022207260132,2.0287890434265137
BF-30,BF-30.jpg,11,-1.924543857574463,-5.334132671356201
BF-31,BF-31.jpg,3,1.2820197343826294,0.3717053234577179
BF-32,BF-32.jpg,3,0.011858527548611164,1.1685380935668945
BF-33,BF-33.jpg,3,-3.8507771492004395,-4.782787322998047
BF-34,BF-34.jpg,9,0.03971070423722267,-0.8210383653640747
BF-35,BF-35.jpg,7,3.673322916030884,0.9547864198684692
BF-36,BF-36.jpg,9,2.102933883666992,1.1468204259872437
BF-37,BF-37.jpg,9,3.090771436691284,-0.7082118988037109
BF-38,BF-38.jpg,0,2.689053535461426,-1.7321906089782715
BF-39,BF-39.jpg,9,1.7410436868667603,-2.8067173957824707
BF-40,BF-40.jpg,4,3.421851873397827,2.5996344089508057
BF-41,BF-41.jpg,3,0.43044766783714294,0.9803215265274048
BF-42,BF-42.jpg,3,-2.164059638977051,-0.15836507081985474
BF-43,BF-43.jpg,4,3.0545291900634766,0.9722417593002319
BF-44,BF-44.jpg,7,3.535787343978882,1.4938428401947021
BF-45,BF-45.jpg,8,-1.5588151216506958,1.7623587846755981
BF-46,BF-46.jpg,11,-3.7010278701782227,-6.632761478424072
BF-47,BF-47.jpg,0,-1.3169734477996826,-3.0336995124816895
BF-48,BF-48.jpg,9,1.921517014503479,-1.7662116289138794
BF-49,BF-49.jpg,7,5.268256664276123,-1.4954036474227905
BF-50,BF-50.jpg,9,2.583106756210327,-1.126059889793396
BG-1,BG-1.jpg,5,-2.097987413406372,-1.0248465538024902
BG-2,BG-2.jpg,9,-1.0150532722473145,-0.21978887915611267
BG-3,BG-3.jpg,8,-1.0296095609664917,1.9483041763305664
BG-4,BG-4.jpg,3,-2.117847204208374,-1.2984049320220947
BG-5,BG-5.jpg,4,1.8623229265213013,1.369614839553833
BG-6,BG-6.jpg,4,1.4679925441741943,3.96138072013855
BG-7,BG-7.jpg,0,3.570384979248047,-3.518754720687866
BG-8,BG-8.jpg,9,0.9762546420097351,-0.35390961170196533
BG-9,BG-9.jpg,8,-2.684680700302124,3.457101583480835
BG-10,BG-10.jpg,0,2.6418187618255615,-5.513796329498291
BG-11,BG-11.jpg,8,-2.277646780014038,0.42996081709861755
BG-12,BG-12.jpg,2,-3.7334744930267334,1.0917729139328003
BG-13,BG-13.jpg,2,-3.372704029083252,-3.589338541030884
BG-14,BG-14.jpg,0,3.454261302947998,-7.76600456237793
BG-15,BG-15.jpg,8,-3.40897536277771,3.0966579914093018
BG-16,BG-16.jpg,9,-1.4659861326217651,-1.7175358533859253
BG-17,BG-17.jpg,11,-0.6423724293708801,-5.936972618103027
BG-18,BG-18.jpg,2,-3.274998188018799,-1.0064910650253296
BG-19,BG-19.jpg,6,-7.15537691116333,0.9885334372520447
BG-20,BG-20.jpg,9,-1.159325122833252,0.21250192821025848
BG-21,BG-21.jpg,9,-1.7532224655151367,0.043512534350156784
BG-22,BG-22.jpg,5,-1.7257379293441772,-3.8757553100585938
BG-23,BG-23.jpg,2,-5.528313159942627,-3.8308589458465576
BG-24,BG-24.jpg,8,-0.6153823733329773,1.4246679544448853
BG-25,BG-25.jpg,4,0.7532463073730469,2.9040372371673584
BG-26,BG-26.jpg,2,-5.258504867553711,-2.4862797260284424
BG-27,BG-27.jpg,9,2.141084671020508,-4.593221187591553
BG-28,BG-28.jpg,11,-0.8097988367080688,-4.261620044708252
BG-29,BG-29.jpg,6,-8.084308624267578,0.019661838188767433
BG-30,BG-30.jpg,8,-2.393726110458374,1.30894935131073
BG-31,BG-31.jpg,8,0.3852982521057129,4.804121017456055
BG-32,BG-32.jpg,4,1.6907423734664917,4.8598527908325195
BG-33,BG-33.jpg,4,3.784912109375,3.680349349975586
BG-34,BG-34.jpg,3,-3.927213191986084,-1.614639163017273
BG-35,BG-35.jpg,3,-1.4293583631515503,-2.7684292793273926
BG-36,BG-36.jpg,6,-6.774744987487793,2.115128755569458
BG-37,BG-37.jpg,8,-0.2874141335487366,1.5142207145690918
BG-38,BG-38.jpg,1,6.853322982788086,3.493502140045166
BG-39,BG-39.jpg,9,-1.3446402549743652,-1.8997224569320679
BG-40,BG-40.jpg,7,9.320548057556152,-0.2562258839607239
BG-41,BG-41.jpg,9,-1.292120337486267,-1.6648143529891968
BG-42,BG-42.jpg,8,-3.201496124267578,4.5149407386779785
BG-43,BG-43.jpg,7,4.506642818450928,0.20778682827949524
BG-44,BG-44.jpg,8,-1.041549801826477,4.205697059631348
BG-45,BG-45.jpg,9,-1.0028960704803467,0.0768725797533989
BG-46,BG-46.jpg,6,-4.8356194496154785,3.2097277641296387
BG-47,BG-47.jpg,6,-4.0991291999816895,1.7366082668304443
BG-48,BG-48.jpg,2,-5.881157398223877,-2.26505446434021
BG-49,BG-49.jpg,11,-1.2973767518997192,-4.495597839355469
BG-50,BG-50.jpg,9,0.27147376537323,-1.8334888219833374
BH-1,BH-1.jpg,7,8.58830738067627,-2.137152671813965
BH-2,BH-2.jpg,3,-0.7155968546867371,-0.48143312335014343
BH-3,BH-3.jpg,5,0.556673526763916,1.3386131525039673
BH-4,BH-4.jpg,7,5.6486663818359375,-1.5719494819641113
BH-5,BH-5.jpg,9,1.8194957971572876,-1.1535969972610474
BH-6,BH-6.jpg,6,-6.004960536956787,3.6120095252990723
BH-7,BH-7.jpg,9,2.341167688369751,-2.1193931102752686
BH-8,BH-8.jpg,8,0.16068485379219055,1.4992873668670654
BH-9,BH-9.jpg,9,0.07209987938404083,-0.1597919464111328
BH-10,BH-10.jpg,8,-0.3431944251060486,1.2665143013000488
BH-11,BH-11.jpg,6,-8.2467679977417,3.430518627166748
BH-12,BH-12.jpg,4,6.163290023803711,5.97328519821167
BH-13,BH-13.jpg,8,-0.9115353226661682,6.070119380950928
BH-14,BH-14.jpg,9,0.2912582457065582,2.336517810821533
BH-15,BH-15.jpg,9,0.5020267367362976,-1.0451335906982422
BH-16,BH-16.jpg,4,6.053581714630127,2.3302290439605713
BH-17,BH-17.jpg,9,2.4475672245025635,-1.8601657152175903
BH-18,BH-18.jpg,6,-9.030115127563477,0.9016656279563904
BH-19,BH-19.jpg,3,3.1351752281188965,-1.4469716548919678
BH-20,BH-20.jpg,1,11.392538070678711,1.928809404373169
BH-21,BH-21.jpg,8,-1.7716522216796875,4.773172378540039
BH-22,BH-22.jpg,7,3.1771538257598877,0.7772994637489319
BH-23,BH-23.jpg,4,3.455075979232788,0.3580871522426605
BH-24,BH-24.jpg,8,-2.408156156539917,2.456535816192627
BH-25,BH-25.jpg,8,0.39407044649124146,3.6414718627929688
BH-26,BH-26.jpg,10,-0.2351250797510147,8.04399585723877
BH-27,BH-27.jpg,2,-8.167503356933594,-0.0759047120809555
BH-28,BH-28.jpg,4,3.1298303604125977,0.6332597732543945
BH-29,BH-29.jpg,6,-6.292828559875488,2.9376957416534424
BH-30,BH-30.jpg,3,1.1620159149169922,1.0249673128128052
BH-31,BH-31.jpg,1,11.493553161621094,1.7938951253890991
BH-32,BH-32.jpg,3,1.1531181335449219,-2.7463247776031494
BH-33,BH-33.jpg,11,-2.036597728729248,-3.002286911010742
BH-34,BH-34.jpg,9,0.08756697922945023,-1.4230962991714478
BH-35,BH-35.jpg,2,-2.1033782958984375,-2.1905438899993896
BH-36,BH-36.jpg,9,0.8916858434677124,-1.382996678352356
BH-37,BH-37.jpg,0,0.8700671195983887,-2.9413256645202637
BH-38,BH-38.jpg,4,4.719429016113281,0.10563377290964127
BH-39,BH-39.jpg,8,-2.096031904220581,1.525607943534851
BH-40,BH-40.jpg,7,4.146337509155273,-0.7902585864067078
BH-41,BH-41.jpg,9,-0.892413318157196,-2.6423115730285645
BH-42,BH-42.jpg,4,-0.7399394512176514,1.0583159923553467
BH-43,BH-43.jpg,11,0.3153190314769745,-8.068359375
BH-44,BH-44.jpg,0,0.9329738616943359,-3.222774028778076
BH-45,BH-45.jpg,9,-0.16707457602024078,-1.814208984375
BH-46,BH-46.jpg,2,-2.734492540359497,2.796128034591675
BH-47,BH-47.jpg,11,0.09909114241600037,-5.73926305770874
BH-48,BH-48.jpg,6,-6.464645862579346,1.3855907917022705
BH-49,BH-49.jpg,11,-1.3589904308319092,-5.969013214111328
BH-50,BH-50.jpg,5,0.18728996813297272,-3.973072052001953
BM-1,BM-1.jpg,3,-4.358920574188232,1.1424345970153809
BM-2,BM-2.jpg,0,4.859450817108154,-6.308610439300537
BM-3,BM-3.jpg,3,2.0038108825683594,-0.6992801427841187
BM-4,BM-4.jpg,9,-0.44905897974967957,-0.3773534893989563
BM-5,BM-5.jpg,11,-3.0838849544525146,-2.4918105602264404
BM-6,BM-6.jpg,7,6.33160400390625,2.0135204792022705
BM-7,BM-7.jpg,7,7.9236907958984375,-0.6794103384017944
BM-8,BM-8.jpg,9,1.0859242677688599,-2.87410831451416
BM-9,BM-9.jpg,9,1.6539958715438843,0.040974926203489304
BM-10,BM-10.jpg,8,-4.205870628356934,2.9707183837890625
BM-11,BM-11.jpg,8,-1.735680341720581,0.7538005709648132
BM-12,BM-12.jpg,4,4.490191459655762,4.714276313781738
BM-13,BM-13.jpg,4,3.7949862480163574,2.009136915206909
BM-14,BM-14.jpg,5,-2.8294641971588135,0.49838730692863464
BM-15,BM-15.jpg,9,0.6476641297340393,-0.26790326833724976
BM-16,BM-16.jpg,7,4.646746635437012,0.9002418518066406
BM-17,BM-17.jpg,2,-5.062888145446777,-3.5714290142059326
BM-18,BM-18.jpg,5,-0.08667685091495514,-0.6354677677154541
BM-19,BM-19.jpg,11,-1.4995607137680054,-5.918484210968018
BM-20,BM-20.jpg,5,-0.7341064810752869,-4.658749103546143
BM-21,BM-21.jpg,0,4.819980621337891,-6.007357120513916
BM-22,BM-22.jpg,9,-0.7038841247558594,-0.31377264857292175
BM-23,BM-23.jpg,2,-2.8061563968658447,-2.8184926509857178
BM-24,BM-24.jpg,8,-4.061955451965332,1.4259065389633179
BM-25,BM-25.jpg,9,1.2268685102462769,-0.10100610554218292
BM-26,BM-26.jpg,2,-2.6850662231445312,-2.5305216312408447
BM-27,BM-27.jpg,5,-4.1837639808654785,-2.6243820190429688
BM-28,BM-28.jpg,11,-2.126657724380493,-2.7166249752044678
BM-29,BM-29.jpg,2,-3.772623062133789,1.0101808309555054
BM-30,BM-30.jpg,9,-0.5281129479408264,-1.3808832168579102
BM-31,BM-31.jpg,7,4.0235490798950195,0.5006619095802307
BM-32,BM-32.jpg,2,-4.468362331390381,-0.108702652156353
BM-33,BM-33.jpg,9,0.06939677149057388,-2.132514476776123
BM-34,BM-34.jpg,8,1.2743240594863892,2.946002960205078
BM-35,BM-35.jpg,2,-3.772623062133789,1.0101808309555054
BM-36,BM-36.jpg,0,2.9747674465179443,-1.773306965827942
BM-37,BM-37.jpg,7,6.904285430908203,-2.8709025382995605
BM-38,BM-38.jpg,9,0.19271227717399597,-3.0738401412963867
BM-39,BM-39.jpg,9,-0.9312580823898315,-0.11446751654148102
BM-40,BM-40.jpg,2,-4.995319843292236,-1.0795496702194214
BM-41,BM-41.jpg,0,1.0733778476715088,-4.552466869354248
BM-42,BM-42.jpg,0,1.130171775817871,-2.155999183654785
BM-43,BM-43.jpg,3,-4.53062629699707,-2.242534637451172
BM-44,BM-44.jpg,2,-2.9074511528015137,-2.415013313293457
BM-45,BM-45.jpg,6,-5.6817169189453125,2.636009693145752
BM-46,BM-46.jpg,2,-3.772623062133789,1.0101808309555054
BM-47,BM-47.jpg,2,-2.979278564453125,-3.020770788192749
BM-48,BM-48.jpg,5,-1.0838881731033325,3.1272032260894775
BM-49,BM-49.jpg,4,2.4339489936828613,2.4086546897888184
BM-50,BM-50.jpg,9,1.5994880199432373,-2.327805995941162
BN-1,BN-1.jpg,4,3.344555377960205,2.3746957778930664
BN-2,BN-2.jpg,11,-2.540693759918213,-5.647220134735107
BN-3,BN-3.jpg,6,-8.23060131072998,6.0455145835876465
BN-4,BN-4.jpg,7,6.093924522399902,-0.07066953182220459
BN-5,BN-5.jpg,4,0.5258147716522217,4.496293067932129
BN-6,BN-6.jpg,4,2.0406603813171387,4.8644866943359375
BN-7,BN-7.jpg,4,1.320125937461853,6.182865142822266
BN-8,BN-8.jpg,9,1.259981393814087,-1.099815011024475
BN-9,BN-9.jpg,3,-0.061936717480421066,5.148562431335449
BN-10,BN-10.jpg,0,2.4183483123779297,-5.5808258056640625
BN-11,BN-11.jpg,9,0.47098493576049805,0.26221799850463867
BN-12,BN-12.jpg,8,-4.929682731628418,2.3382835388183594
BN-13,BN-13.jpg,11,1.726375937461853,-5.002791881561279
BN-14,BN-14.jpg,11,-0.2318304479122162,-4.839829444885254
BN-15,BN-15.jpg,11,-2.2884559631347656,-5.7971110343933105
BN-16,BN-16.jpg,0,1.5975091457366943,-5.500242233276367
BN-17,BN-17.jpg,9,-1.5185627937316895,0.5421985983848572
BN-18,BN-18.jpg,4,4.0571722984313965,1.5437734127044678
BN-19,BN-19.jpg,7,5.999320983886719,0.33160126209259033
BN-20,BN-20.jpg,4,2.523102283477783,2.1024649143218994
BN-21,BN-21.jpg,0,5.119548320770264,-4.103961944580078
BN-22,BN-22.jpg,9,1.1641262769699097,-1.9646437168121338
BN-23,BN-23.jpg,8,-3.920250654220581,0.8807157278060913
BN-24,BN-24.jpg,0,-0.04484405741095543,-3.05824613571167
BN-25,BN-25.jpg,4,3.124887466430664,1.8049432039260864
BN-26,BN-26.jpg,8,0.9499623775482178,2.7895030975341797
BN-27,BN-27.jpg,4,3.393012285232544,-1.0227845907211304
BN-28,BN-28.jpg,8,-0.21356482803821564,2.9963033199310303
BN-29,BN-29.jpg,2,-2.6118130683898926,-2.478304386138916
BN-30,BN-30.jpg,3,2.6121785640716553,-1.3854953050613403
BN-31,BN-31.jpg,4,0.31781962513923645,6.844264507293701
BN-32,BN-32.jpg,9,0.42371731996536255,0.5854446291923523
BN-33,BN-33.jpg,4,2.498020648956299,2.3360559940338135
BN-34,BN-34.jpg,4,3.116856098175049,5.289604663848877
BN-35,BN-35.jpg,1,10.15410327911377,0.7038105726242065
BN-36,BN-36.jpg,9,-1.018929362297058,0.24728398025035858
BN-37,BN-37.jpg,4,1.6694066524505615,6.676606178283691
BN-38,BN-38.jpg,4,1.6619950532913208,0.46209514141082764
BN-39,BN-39.jpg,9,0.2395605742931366,0.15297691524028778
BN-40,BN-40.jpg,9,1.612925410270691,-1.1442819833755493
BN-41,BN-41.jpg,5,1.0738465785980225,2.9057023525238037
BN-42,BN-42.jpg,5,-3.4595439434051514,0.15758666396141052
BN-43,BN-43.jpg,7,4.564332008361816,-1.6360926628112793
BN-44,BN-44.jpg,7,6.458410739898682,-0.6059995889663696
BN-45,BN-45.jpg,4,0.9309357404708862,6.630646705627441
BN-46,BN-46.jpg,8,-0.01649685576558113,1.9250725507736206
BN-47,BN-47.jpg,3,-0.23425662517547607,-0.9671122431755066
BN-48,BN-48.jpg,4,3.1228597164154053,2.2028095722198486
BN-49,BN-49.jpg,6,-4.723326206207275,6.559078693389893
BN-50,BN-50.jpg,3,-1.0824310779571533,3.661149263381958
CK-1,CK-1.jpg,7,5.712806224822998,-2.446758508682251
CK-2,CK-2.jpg,3,0.4480084776878357,-6.431244850158691
CK-3,CK-3.jpg,9,-0.2820146977901459,0.5483973026275635
CK-4,CK-4.jpg,9,-1.0932728052139282,0.7376677393913269
CK-5,CK-5.jpg,4,1.5557409524917603,0.9271910190582275
CK-6,CK-6.jpg,8,-0.5246255993843079,3.3684804439544678
CK-7,CK-7.jpg,4,2.1053645610809326,2.9811127185821533
CK-8,CK-8.jpg,2,-4.04644775390625,-0.7802073955535889
CK-9,CK-9.jpg,2,-3.866917610168457,0.7542599439620972
CK-10,CK-10.jpg,4,2.5562448501586914,6.000242233276367
CK-11,CK-11.jpg,9,0.7966795563697815,-0.6549713611602783
CK-12,CK-12.jpg,5,2.0534095764160156,-0.2927394211292267
CK-13,CK-13.jpg,8,-1.6066195964813232,2.32231068611145
CK-14,CK-14.jpg,3,0.1493861973285675,0.9226447343826294
CK-15,CK-15.jpg,3,-2.253361701965332,1.0074902772903442
CK-16,CK-16.jpg,2,-3.1682443618774414,-1.873070240020752
CK-17,CK-17.jpg,4,1.3021641969680786,2.8656861782073975
CK-18,CK-18.jpg,9,1.6623384952545166,-1.8602294921875
CK-19,CK-19.jpg,5,-0.9486839175224304,-0.692272961139679
CK-20,CK-20.jpg,5,2.8598427772521973,-1.6596959829330444
CK-21,CK-21.jpg,3,0.49197444319725037,-1.4380635023117065
CK-22,CK-22.jpg,2,-5.619367599487305,-2.4996438026428223
CK-23,CK-23.jpg,7,4.75321102142334,-1.0707167387008667
CK-24,CK-24.jpg,2,-4.213194370269775,0.4975309371948242
CK-25,CK-25.jpg,9,1.5756160020828247,0.694190502166748
CK-26,CK-26.jpg,5,0.3901471197605133,0.8701505661010742
CK-27,CK-27.jpg,9,-0.7831157445907593,-2.27292537689209
CK-28,CK-28.jpg,1,7.9217329025268555,4.693319797515869
CK-29,CK-29.jpg,5,1.0042330026626587,0.8010352849960327
CK-30,CK-30.jpg,5,4.422807216644287,-0.35220709443092346
CK-31,CK-31.jpg,9,-0.41957104206085205,1.4769647121429443
CK-32,CK-32.jpg,6,-4.212617874145508,2.9216129779815674
CK-33,CK-33.jpg,9,0.027463581413030624,-0.029567426070570946
CK-34,CK-34.jpg,7,4.198788642883301,0.35154709219932556
CK-35,CK-35.jpg,5,0.3855694532394409,-4.7156596183776855
CK-36,CK-36.jpg,5,-0.8388771414756775,1.4701515436172485
CK-37,CK-37.jpg,11,-2.5922412872314453,-5.325653553009033
CK-38,CK-38.jpg,7,2.864586591720581,1.3023661375045776
CK-39,CK-39.jpg,4,1.5138514041900635,3.52677583694458
CK-40,CK-40.jpg,1,6.056126594543457,7.510435581207275
CK-41,CK-41.jpg,5,-0.9798570871353149,0.9880133867263794
CK-42,CK-42.jpg,9,-2.423495054244995,-0.7570273280143738
CK-43,CK-43.jpg,4,0.44186314940452576,4.1716413497924805
CK-44,CK-44.jpg,9,-0.6632542610168457,1.5595581531524658
CK-45,CK-45.jpg,8,-5.175919055938721,2.141854763031006
CK-46,CK-46.jpg,9,-0.06034348905086517,1.9635225534439087
CK-47,CK-47.jpg,7,5.068075656890869,-2.200667142868042
CK-48,CK-48.jpg,9,1.5442630052566528,-3.976541519165039
CK-49,CK-49.jpg,1,8.57011890411377,2.456282615661621
CK-50,CK-50.jpg,3,-1.5261011123657227,-1.9542944431304932
CL-1,CL-1.jpg,2,-2.6118078231811523,-0.12741859257221222
CL-2,CL-2.jpg,8,-3.4903931617736816,1.906788945198059
CL-3,CL-3.jpg,4,2.2431299686431885,1.043520450592041
CL-4,CL-4.jpg,2,-5.719833850860596,-1.7011321783065796
CL-5,CL-5.jpg,9,-0.8105149269104004,-1.563225269317627
CL-6,CL-6.jpg,3,-4.4068922996521,-0.924659788608551
CL-7,CL-7.jpg,7,10.137181282043457,-1.2301504611968994
CL-8,CL-8.jpg,4,4.135687351226807,2.4459400177001953
CL-9,CL-9.jpg,8,-4.130725383758545,2.0841224193573
CL-10,CL-10.jpg,9,-2.6780428886413574,-2.3156888484954834
CL-11,CL-11.jpg,9,0.4703926146030426,1.306386947631836
CL-12,CL-12.jpg,4,2.8478517532348633,3.533112049102783
CL-13,CL-13.jpg,0,8.215270042419434,-3.04304575920105
CL-14,CL-14.jpg,9,-1.263540506362915,-0.6072201132774353
CL-15,CL-15.jpg,1,10.557720184326172,3.8489491939544678
CL-16,CL-16.jpg,5,-1.6414220333099365,-2.5914411544799805
CL-17,CL-17.jpg,9,0.05693585425615311,1.5652797222137451
CL-18,CL-18.jpg,2,-4.506248474121094,1.0988134145736694
CL-19,CL-19.jpg,11,-0.688286304473877,-6.698546886444092
CL-20,CL-20.jpg,11,-2.0498437881469727,-5.371825218200684
CL-21,CL-21.jpg,9,-2.2273261547088623,-0.8356781005859375
CL-22,CL-22.jpg,2,-4.612673282623291,-0.18874379992485046
CL-23,CL-23.jpg,7,11.24352741241455,-2.3730947971343994
CL-24,CL-24.jpg,0,7.026037693023682,-3.8554248809814453
CL-25,CL-25.jpg,2,-4.228487491607666,-1.2668356895446777
CL-26,CL-26.jpg,0,0.826949417591095,-4.211399078369141
CL-27,CL-27.jpg,8,-4.049497127532959,3.447417974472046
CL-28,CL-28.jpg,9,0.1828264743089676,-0.7417759299278259
CL-29,CL-29.jpg,4,1.3666213750839233,0.06683147698640823
CL-30,CL-30.jpg,9,-0.6426328420639038,0.3746306300163269
CL-31,CL-31.jpg,9,-1.7592381238937378,-1.8102295398712158
CL-32,CL-32.jpg,8,-1.0614900588989258,3.08864426612854
CL-33,CL-33.jpg,2,-2.7393457889556885,0.06676122546195984
CL-34,CL-34.jpg,8,-4.621091842651367,1.7088277339935303
CL-35,CL-35.jpg,5,0.8646575212478638,1.95023512840271
CL-36,CL-36.jpg,7,7.277333736419678,-2.8942956924438477
CL-37,CL-37.jpg,7,8.649269104003906,-0.15268145501613617
CL-38,CL-38.jpg,2,-5.423470497131348,-1.7535510063171387
CL-39,CL-39.jpg,4,2.29440975189209,2.3356895446777344
CL-40,CL-40.jpg,7,9.146187782287598,0.057134177535772324
CL-41,CL-41.jpg,9,-0.3912930190563202,-0.026857785880565643
CL-42,CL-42.jpg,2,-2.8096327781677246,-3.1981894969940186
CL-43,CL-43.jpg,7,3.59171986579895,0.531333863735199
CL-44,CL-44.jpg,0,3.49761962890625,-5.178369998931885
CL-45,CL-45.jpg,8,-0.4209434986114502,1.4526734352111816
CL-46,CL-46.jpg,4,3.382422924041748,2.6375157833099365
CL-47,CL-47.jpg,7,5.511315822601318,-1.6349925994873047
CL-48,CL-48.jpg,9,-0.9634854197502136,-2.2537174224853516
CL-49,CL-49.jpg,11,-2.377988815307617,-4.112751483917236
CL-50,CL-50.jpg,2,-5.823659896850586,-1.6331300735473633
CM-1,CM-1.jpg,2,-3.332838773727417,-2.077277421951294
CM-2,CM-2.jpg,2,-2.6098735332489014,-1.7620658874511719
CM-3,CM-3.jpg,8,-0.0618005208671093,4.072371006011963
CM-4,CM-4.jpg,11,-1.3468679189682007,-12.766984939575195
CM-5,CM-5.jpg,9,-0.5770320892333984,-0.47827455401420593
CM-6,CM-6.jpg,3,-3.652906656265259,0.4419914782047272
CM-7,CM-7.jpg,4,2.2026712894439697,2.0995864868164062
CM-8,CM-8.jpg,9,-1.175513744354248,-3.0402703285217285
CM-9,CM-9.jpg,3,-2.506545305252075,0.43728145956993103
CM-10,CM-10.jpg,11,-2.914206027984619,-2.9080543518066406
CM-11,CM-11.jpg,2,-5.175847053527832,-0.15870100259780884
CM-12,CM-12.jpg,8,-0.5202827453613281,3.3461153507232666
CM-13,CM-13.jpg,8,-1.9870741367340088,1.2940534353256226
CM-14,CM-14.jpg,2,-4.026534557342529,-1.4104037284851074
CM-15,CM-15.jpg,11,-3.1991610527038574,-4.4215850830078125
CM-16,CM-16.jpg,2,-8.007365226745605,-0.5632603168487549
CM-17,CM-17.jpg,0,1.9505501985549927,-4.917138576507568
CM-18,CM-18.jpg,0,1.7352077960968018,-7.863856315612793
CM-19,CM-19.jpg,11,1.283308982849121,-11.215392112731934
CM-20,CM-20.jpg,2,-4.321934223175049,-2.054110288619995
CM-21,CM-21.jpg,8,1.2803267240524292,3.9918649196624756
CM-22,CM-22.jpg,0,2.419060468673706,-6.961869716644287
CM-23,CM-23.jpg,11,-0.1539158672094345,-7.700834274291992
CM-24,CM-24.jpg,9,-0.3155398666858673,-1.1437060832977295
CM-25,CM-25.jpg,8,-1.248109221458435,-0.10754270106554031
CM-26,CM-26.jpg,11,-1.3921347856521606,-3.1021721363067627
CM-27,CM-27.jpg,10,-2.694490909576416,5.202104568481445
CM-28,CM-28.jpg,2,-4.19275426864624,-3.3932249546051025
CM-29,CM-29.jpg,2,-5.254887580871582,1.87065851688385
CM-30,CM-30.jpg,11,-1.7749733924865723,-5.632723808288574
CM-31,CM-31.jpg,11,-1.923214077949524,-5.675136089324951
CM-32,CM-32.jpg,9,1.2166547775268555,-2.9503369331359863
CM-33,CM-33.jpg,11,-2.8596432209014893,-5.796558856964111
CM-34,CM-34.jpg,2,-4.136051654815674,-2.7972307205200195
CM-35,CM-35.jpg,9,-1.6531893014907837,1.1421043872833252
CM-36,CM-36.jpg,9,-1.5704536437988281,-2.576090097427368
CM-37,CM-37.jpg,11,-4.550865173339844,-6.956173419952393
CM-38,CM-38.jpg,11,-1.065431833267212,-5.4351630210876465
CM-39,CM-39.jpg,8,-1.632571816444397,2.4265291690826416
CM-40,CM-40.jpg,9,-1.574520230293274,-1.3551195859909058
CM-41,CM-41.jpg,2,-3.898712396621704,2.038799524307251
CM-42,CM-42.jpg,2,-3.3815388679504395,-0.15101905167102814
CM-43,CM-43.jpg,6,-5.178661823272705,3.1071128845214844
CM-44,CM-44.jpg,3,-4.15362548828125,-1.6138848066329956
CM-45,CM-45.jpg,11,-2.377920389175415,-2.9796364307403564
CM-46,CM-46.jpg,9,-1.2233067750930786,-2.5085294246673584
CM-47,CM-47.jpg,5,-2.278439998626709,-5.011433124542236
CM-48,CM-48.jpg,9,-1.4374021291732788,-3.1560287475585938
CM-49,CM-49.jpg,11,-0.6021050214767456,-8.06597900390625
CM-50,CM-50.jpg,2,-3.7559101581573486,-2.662302017211914
CN-1,CN-1.jpg,9,-0.8120614886283875,0.7566502690315247
CN-2,CN-2.jpg,0,-0.9863203763961792,-2.725515365600586
CN-3,CN-3.jpg,11,-2.2205262184143066,-6.061995506286621
CN-4,CN-4.jpg,7,6.724281311035156,0.10055091232061386
CN-5,CN-5.jpg,3,-3.7082455158233643,-1.9863115549087524
CN-6,CN-6.jpg,1,8.523711204528809,2.670069456100464
CN-7,CN-7.jpg,6,-5.202524185180664,3.7047805786132812
CN-8,CN-8.jpg,5,0.7206447124481201,-0.5796646475791931
CN-9,CN-9.jpg,2,-5.178088665008545,0.22674785554409027
CN-10,CN-10.jpg,1,8.352612495422363,4.265340805053711
CN-11,CN-11.jpg,2,-8.497762680053711,-2.271218776702881
CN-12,CN-12.jpg,9,0.888661801815033,0.46976667642593384
CN-13,CN-13.jpg,1,7.2961883544921875,2.953852415084839
CN-14,CN-14.jpg,0,4.459987640380859,-1.9282407760620117
CN-15,CN-15.jpg,3,4.364269256591797,-3.5149471759796143
CN-16,CN-16.jpg,4,2.2215938568115234,3.4252431392669678
CN-17,CN-17.jpg,7,7.096786975860596,1.2210673093795776
CN-18,CN-18.jpg,8,-0.496277391910553,1.992255449295044
CN-19,CN-19.jpg,0,1.7158313989639282,-4.910528182983398
CN-20,CN-20.jpg,10,-2.633051633834839,3.5120115280151367
CN-21,CN-21.jpg,3,-0.49062827229499817,-1.4198589324951172
CN-22,CN-22.jpg,8,-0.3342273533344269,1.8252723217010498
CN-23,CN-23.jpg,7,3.7621097564697266,3.1766011714935303
CN-24,CN-24.jpg,3,-1.5842938423156738,-2.0484817028045654
CN-25,CN-25.jpg,2,-5.316244602203369,-3.0010428428649902
CN-26,CN-26.jpg,7,6.575250625610352,1.7760366201400757
CN-27,CN-27.jpg,0,4.847209930419922,-3.8676207065582275
CN-28,CN-28.jpg,1,6.132138729095459,8.18798542022705
CN-29,CN-29.jpg,9,0.13234762847423553,1.2365403175354004
CN-30,CN-30.jpg,8,-0.42308783531188965,3.313858985900879
CN-31,CN-31.jpg,7,5.641305923461914,0.9963932633399963
CN-32,CN-32.jpg,9,-0.201524555683136,-4.014901638031006
CN-33,CN-33.jpg,8,-4.199117660522461,6.953177452087402
CN-34,CN-34.jpg,8,-2.2294352054595947,2.3501946926116943
CN-35,CN-35.jpg,7,7.158915996551514,1.3944252729415894
CN-36,CN-36.jpg,4,2.8180384635925293,5.385263919830322
CN-37,CN-37.jpg,6,-10.505369186401367,2.3452303409576416
CN-38,CN-38.jpg,7,11.374347686767578,0.6288051605224609
CN-39,CN-39.jpg,0,2.748715877532959,-8.416065216064453
CN-40,CN-40.jpg,0,1.4660428762435913,-4.90079927444458
CN-41,CN-41.jpg,1,8.931208610534668,2.550670862197876
CN-42,CN-42.jpg,3,-2.4557418823242188,-0.569490373134613
CN-43,CN-43.jpg,4,5.643458366394043,2.430833578109741
CN-44,CN-44.jpg,2,-7.318003177642822,-3.5256006717681885
CN-45,CN-45.jpg,8,-3.7055368423461914,1.6336114406585693
CN-46,CN-46.jpg,0,3.3719024658203125,1.5582350492477417
CN-47,CN-47.jpg,7,3.622696876525879,0.12984313070774078
CN-48,CN-48.jpg,9,1.403489589691162,1.1667776107788086
CN-49,CN-49.jpg,9,-2.593475818634033,-1.3553763628005981
CN-50,CN-50.jpg,4,6.650514125823975,2.3787412643432617
CO-1,CO-1.jpg,10,0.39263197779655457,7.114738941192627
CO-2,CO-2.jpg,2,-4.684450149536133,0.6783714890480042
CO-3,CO-3.jpg,8,-3.360868215560913,3.533804178237915
CO-4,CO-4.jpg,2,-6.104046821594238,-1.7714413404464722
CO-5,CO-5.jpg,8,-0.6079919338226318,5.610956192016602
CO-6,CO-6.jpg,9,0.15547972917556763,-1.6954609155654907
CO-7,CO-7.jpg,8,-2.7689478397369385,6.0627055168151855
CO-8,CO-8.jpg,11,-3.9005508422851562,-7.8860297203063965
CO-9,CO-9.jpg,7,4.200493812561035,1.6509109735488892
CO-10,CO-10.jpg,6,-6.578885555267334,4.342296123504639
CO-11,CO-11.jpg,11,0.10104430466890335,-4.694606781005859
CO-12,CO-12.jpg,9,0.012795845977962017,1.029606819152832
CO-13,CO-13.jpg,2,-3.9564993381500244,-3.7480931282043457
CO-14,CO-14.jpg,2,-2.8555004596710205,-1.316059947013855
CO-15,CO-15.jpg,8,-3.255153179168701,5.21812629699707
CO-16,CO-16.jpg,8,-1.588984489440918,0.6816759705543518
CO-17,CO-17.jpg,8,-2.793164014816284,0.6237245798110962
CO-18,CO-18.jpg,8,-0.6079919338226318,5.610956192016602
CO-19,CO-19.jpg,8,-3.3148624897003174,3.964416265487671
CO-20,CO-20.jpg,10,0.513423502445221,11.93246841430664
CO-21,CO-21.jpg,8,-1.7515562772750854,3.118798017501831
CO-22,CO-22.jpg,9,1.3975826501846313,-0.43669065833091736
CO-23,CO-23.jpg,3,-1.7251360416412354,-0.4467153549194336
CO-24,CO-24.jpg,6,-6.376326084136963,2.952427387237549
CO-25,CO-25.jpg,3,2.156531810760498,1.038226842880249
CO-26,CO-26.jpg,8,-3.1800076961517334,0.4611082971096039
CO-27,CO-27.jpg,6,-5.869893550872803,0.9714372754096985
CO-28,CO-28.jpg,0,1.868456244468689,-3.60683536529541
CO-29,CO-29.jpg,9,-1.6592580080032349,-1.6006629467010498
CO-30,CO-30.jpg,2,-5.015300750732422,-5.216912269592285
CO-31,CO-31.jpg,4,3.50369930267334,-0.21286462247371674
CO-32,CO-32.jpg,7,4.613932132720947,-0.7396199107170105
CO-33,CO-33.jpg,2,-6.509580135345459,-3.8829562664031982
CO-34,CO-34.jpg,4,3.3626537322998047,2.0203473567962646
CO-35,CO-35.jpg,0,2.9716248512268066,-2.0266833305358887
CO-36,CO-36.jpg,11,-3.8992104530334473,-7.880859851837158
CO-37,CO-37.jpg,3,-4.0054707527160645,-2.153745174407959
CO-38,CO-38.jpg,11,-0.05787869915366173,-4.910879135131836
CO-39,CO-39.jpg,3,3.7173011302948,1.445900559425354
CO-40,CO-40.jpg,11,-2.615093231201172,-4.299483299255371
CO-41,CO-41.jpg,8,-1.3491016626358032,5.252864837646484
CO-42,CO-42.jpg,6,-9.06408977508545,3.0186619758605957
CO-43,CO-43.jpg,6,-5.299252033233643,5.324560642242432
CO-44,CO-44.jpg,8,-2.210921287536621,2.0367305278778076
CO-45,CO-45.jpg,2,-4.684450149536133,0.6783714890480042
CO-46,CO-46.jpg,4,1.304267168045044,2.8680949211120605
CO-47,CO-47.jpg,11,0.5430297255516052,-4.486405849456787
CO-48,CO-48.jpg,9,0.07213910669088364,-0.9857504367828369
CO-49,CO-49.jpg,9,-0.5504580736160278,-0.5665163397789001
CO-50,CO-50.jpg,4,1.8504302501678467,3.0187668800354004
CR-1,CR-1.jpg,9,0.09629460424184799,-0.6730760931968689
CR-2,CR-2.jpg,9,-0.2310895025730133,-3.1419472694396973
CR-3,CR-3.jpg,8,-1.7118462324142456,2.3046486377716064
CR-4,CR-4.jpg,11,-3.7596232891082764,-3.3259692192077637
CR-5,CR-5.jpg,8,-1.2752931118011475,2.2122490406036377
CR-6,CR-6.jpg,4,4.836610794067383,0.08316653966903687
CR-7,CR-7.jpg,5,2.8037362098693848,0.6938074827194214
CR-8,CR-8.jpg,9,1.6283059120178223,-0.2298373132944107
CR-9,CR-9.jpg,9,-0.5224907398223877,0.09439054876565933
CR-10,CR-10.jpg,9,2.2693443298339844,-1.2625209093093872
CR-11,CR-11.jpg,7,6.927393436431885,-0.47088494896888733
CR-12,CR-12.jpg,4,0.34410035610198975,1.3443522453308105
CR-13,CR-13.jpg,4,3.8731353282928467,5.528327465057373
CR-14,CR-14.jpg,2,-4.112467288970947,-3.2221035957336426
CR-15,CR-15.jpg,0,-0.26513466238975525,-1.0228458642959595
CR-16,CR-16.jpg,0,-0.6608138680458069,-4.179919719696045
CR-17,CR-17.jpg,0,0.34166401624679565,-5.975603103637695
CR-18,CR-18.jpg,9,-0.9320558905601501,-2.529461145401001
CR-19,CR-19.jpg,9,2.89780330657959,-2.412611961364746
CR-20,CR-20.jpg,8,0.20489554107189178,0.8426076173782349
CR-21,CR-21.jpg,0,-0.5000225305557251,0.18029586970806122
CR-22,CR-22.jpg,4,4.431972980499268,2.9366214275360107
CR-23,CR-23.jpg,4,4.886687278747559,5.189869403839111
CR-24,CR-24.jpg,9,-0.5875434875488281,-1.598608374595642
CR-25,CR-25.jpg,8,-0.5107118487358093,2.9383544921875
CR-26,CR-26.jpg,2,-4.622400283813477,-2.684579610824585
CR-27,CR-27.jpg,11,-1.8463478088378906,-4.362752437591553
CR-28,CR-28.jpg,4,4.8674235343933105,-1.8075138330459595
CR-29,CR-29.jpg,8,-1.138874888420105,2.258887529373169
CR-30,CR-30.jpg,4,0.7912347316741943,4.732276439666748
CR-31,CR-31.jpg,8,-3.4266510009765625,4.453965187072754
CR-32,CR-32.jpg,3,0.5117635130882263,2.0320396423339844
CR-33,CR-33.jpg,4,3.958937406539917,0.7740753293037415
CR-34,CR-34.jpg,8,-1.4853731393814087,4.216760635375977
CR-35,CR-35.jpg,9,1.4596439599990845,-0.13306660950183868
CR-36,CR-36.jpg,11,1.0765488147735596,-3.3976385593414307
CR-37,CR-37.jpg,9,2.1721248626708984,-0.8895280361175537
CR-38,CR-38.jpg,7,6.22929573059082,0.07698562741279602
CR-39,CR-39.jpg,4,0.26659661531448364,4.065575122833252
CR-40,CR-40.jpg,8,-3.8849847316741943,4.061460494995117
CR-41,CR-41.jpg,5,-1.9741994142532349,2.367643356323242
CR-42,CR-42.jpg,2,-5.5273871421813965,-2.308993101119995
CR-43,CR-43.jpg,3,0.9618146419525146,1.1367865800857544
CR-44,CR-44.jpg,9,-0.26378458738327026,-1.6766300201416016
CR-45,CR-45.jpg,7,7.3710408210754395,-3.514662742614746
CR-46,CR-46.jpg,2,-5.182687759399414,-0.3985719680786133
CR-47,CR-47.jpg,10,-0.5711160898208618,7.130934715270996
CR-48,CR-48.jpg,9,-0.41791456937789917,0.4781147837638855
CR-49,CR-49.jpg,9,-0.37604185938835144,0.8058478236198425
CR-50,CR-50.jpg,9,-0.7938816547393799,1.2703230381011963
CU-1,CU-1.jpg,2,-2.6254355907440186,0.0944523811340332
CU-2,CU-2.jpg,9,-0.9723846912384033,0.6112662553787231
CU-3,CU-3.jpg,4,5.057760715484619,4.883092403411865
CU-4,CU-4.jpg,9,-1.5198954343795776,0.4258878231048584
CU-5,CU-5.jpg,9,-0.8349075317382812,-1.1987106800079346
CU-6,CU-6.jpg,9,0.652329683303833,-0.4323923885822296
CU-7,CU-7.jpg,9,-0.3140842914581299,-2.2402029037475586
CU-8,CU-8.jpg,10,-4.543344497680664,8.83562183380127
CU-9,CU-9.jpg,6,-8.62712574005127,2.813101291656494
CU-10,CU-10.jpg,4,4.723230838775635,1.2709840536117554
CU-11,CU-11.jpg,4,6.107377529144287,1.1443474292755127
CU-12,CU-12.jpg,5,-0.7735721468925476,-2.730214834213257
CU-13,CU-13.jpg,10,-2.6259360313415527,8.07073974609375
CU-14,CU-14.jpg,11,-4.985212802886963,-5.859091281890869
CU-15,CU-15.jpg,4,2.36631178855896,0.2800157964229584
CU-16,CU-16.jpg,5,0.7444883584976196,-2.5262835025787354
CU-17,CU-17.jpg,7,7.040582180023193,1.106257438659668
CU-18,CU-18.jpg,7,4.196125030517578,0.019349321722984314
CU-19,CU-19.jpg,9,2.0485892295837402,-0.867450475692749
CU-20,CU-20.jpg,5,2.6305439472198486,-3.9039366245269775
CU-21,CU-21.jpg,9,2.4975318908691406,0.2144472450017929
CU-22,CU-22.jpg,4,2.88077974319458,1.607163906097412
CU-23,CU-23.jpg,6,-10.186993598937988,1.0935167074203491
CU-24,CU-24.jpg,8,-1.8736481666564941,2.5359838008880615
CU-25,CU-25.jpg,0,3.872093915939331,-6.048454761505127
CU-26,CU-26.jpg,1,10.35200023651123,4.869323253631592
CU-27,CU-27.jpg,9,-0.5023878216743469,1.0895087718963623
CU-28,CU-28.jpg,4,4.362263202667236,2.402747631072998
CU-29,CU-29.jpg,6,-7.398703575134277,2.7836766242980957
CU-30,CU-30.jpg,4,6.380005359649658,4.344313144683838
CU-31,CU-31.jpg,7,6.129614353179932,1.3870714902877808
CU-32,CU-32.jpg,4,3.7906243801116943,2.2881834506988525
CU-33,CU-33.jpg,4,3.9444549083709717,1.237117052078247
CU-34,CU-34.jpg,9,-0.4937988221645355,1.2085962295532227
CU-35,CU-35.jpg,4,-0.06966757029294968,2.888576030731201
CU-36,CU-36.jpg,9,2.043850898742676,-1.77203369140625
CU-37,CU-37.jpg,9,1.958726406097412,-0.42970582842826843
CU-38,CU-38.jpg,3,-0.48163917660713196,-0.133170023560524
CU-39,CU-39.jpg,11,-0.1729152500629425,-3.502046585083008
CU-40,CU-40.jpg,0,5.460683345794678,-4.48696756362915
CU-41,CU-41.jpg,4,1.724639892578125,7.2895588874816895
CU-42,CU-42.jpg,2,-3.2030746936798096,0.2944718599319458
CU-43,CU-43.jpg,11,-2.23233699798584,-3.5306055545806885
CU-44,CU-44.jpg,4,0.9760860800743103,4.0344929695129395
CU-45,CU-45.jpg,2,-5.609992027282715,-3.006049871444702
CU-46,CU-46.jpg,9,1.2740671634674072,-0.9540080428123474
CU-47,CU-47.jpg,0,5.328939437866211,-3.94004225730896
CU-48,CU-48.jpg,4,3.569232702255249,-0.6728522777557373
CU-49,CU-49.jpg,5,0.4347231090068817,-1.970525860786438
CU-50,CU-50.jpg,2,-2.0310304164886475,-1.6032154560089111
CV-1,CV-1.jpg,9,0.19243770837783813,0.6877106428146362
CV-2,CV-2.jpg,2,-4.210689544677734,-2.7591826915740967
CV-3,CV-3.jpg,5,0.5360512733459473,-6.319579601287842
CV-4,CV-4.jpg,5,-0.5923586487770081,1.9054452180862427
CV-5,CV-5.jpg,9,1.0217196941375732,-2.774009943008423
CV-6,CV-6.jpg,0,2.3661181926727295,-1.775978446006775
CV-7,CV-7.jpg,5,1.1262184381484985,-1.1737545728683472
CV-8,CV-8.jpg,9,-0.19242027401924133,-0.04902811348438263
CV-9,CV-9.jpg,0,4.647263526916504,-5.398081302642822
CV-10,CV-10.jpg,1,9.085752487182617,4.338345527648926
CV-11,CV-11.jpg,11,-1.4813235998153687,-7.420765399932861
CV-12,CV-12.jpg,2,-2.2428433895111084,-0.19662316143512726
CV-13,CV-13.jpg,11,-1.148350715637207,-2.48941707611084
CV-14,CV-14.jpg,8,-0.812041699886322,2.5981342792510986
CV-15,CV-15.jpg,2,-5.39116096496582,-2.5621306896209717
CV-16,CV-16.jpg,8,-1.571618676185608,3.329097032546997
CV-17,CV-17.jpg,8,-2.8017287254333496,4.1656575202941895
CV-18,CV-18.jpg,4,2.8141345977783203,-1.0909641981124878
CV-19,CV-19.jpg,1,8.303210258483887,4.71906042098999
CV-20,CV-20.jpg,4,4.4320454597473145,1.3526479005813599
CV-21,CV-21.jpg,7,6.341217517852783,-2.629103660583496
CV-22,CV-22.jpg,5,3.112804651260376,0.22572576999664307
CV-23,CV-23.jpg,7,7.0100250244140625,0.8242089152336121
CV-24,CV-24.jpg,2,-4.546786785125732,-1.4621111154556274
CV-25,CV-25.jpg,7,5.144296169281006,-1.3186111450195312
CV-26,CV-26.jpg,7,5.821822166442871,-0.670166552066803
CV-27,CV-27.jpg,4,1.6668516397476196,1.1539747714996338
CV-28,CV-28.jpg,2,-4.005924224853516,-0.41800767183303833
CV-29,CV-29.jpg,9,0.5309303998947144,0.9961472153663635
CV-30,CV-30.jpg,9,1.9948378801345825,-1.1192041635513306
CV-31,CV-31.jpg,8,-4.345035076141357,3.2637810707092285
CV-32,CV-32.jpg,5,-2.393240213394165,-2.838801145553589
CV-33,CV-33.jpg,9,3.4051430225372314,-1.3568612337112427
CV-34,CV-34.jpg,9,0.3067885935306549,0.10310492664575577
CV-35,CV-35.jpg,11,-0.7603399753570557,-5.42512845993042
CV-36,CV-36.jpg,9,0.8832898139953613,-0.3720874786376953
CV-37,CV-37.jpg,9,0.7111653089523315,0.41340017318725586
CV-38,CV-38.jpg,2,-4.758725643157959,-1.6365323066711426
CV-39,CV-39.jpg,7,5.036992073059082,1.6716735363006592
CV-40,CV-40.jpg,5,-2.4938933849334717,3.3807718753814697
CV-41,CV-41.jpg,9,1.0015398263931274,-0.5248277187347412
CV-42,CV-42.jpg,1,7.9420366287231445,3.1496496200561523
CV-43,CV-43.jpg,4,3.4666836261749268,2.051520347595215
CV-44,CV-44.jpg,4,4.905839920043945,1.1071312427520752
CV-45,CV-45.jpg,5,1.420636773109436,0.5022338628768921
CV-46,CV-46.jpg,9,-0.7849798798561096,0.5110960006713867
CV-47,CV-47.jpg,7,8.773188591003418,-3.2821829319000244
CV-48,CV-48.jpg,4,4.905839920043945,1.1071312427520752
CV-49,CV-49.jpg,11,-1.9382206201553345,-3.490241527557373
CV-50,CV-50.jpg,2,-3.8038392066955566,-1.5497961044311523
CW-1,CW-1.jpg,2,-3.0659868717193604,-2.259700298309326
CW-2,CW-2.jpg,9,-1.5619730949401855,0.911629855632782
CW-3,CW-3.jpg,3,0.034639567136764526,0.467441588640213
CW-4,CW-4.jpg,3,0.5034276843070984,-2.333655834197998
CW-5,CW-5.jpg,5,0.15616804361343384,1.095861554145813
CW-6,CW-6.jpg,11,-4.674221515655518,-4.476352214813232
CW-7,CW-7.jpg,5,4.243597984313965,-2.1343939304351807
CW-8,CW-8.jpg,4,3.8973639011383057,2.3569042682647705
CW-9,CW-9.jpg,7,8.032215118408203,0.590300977230072
CW-10,CW-10.jpg,4,3.4578654766082764,2.2999470233917236
CW-11,CW-11.jpg,4,2.2114381790161133,2.2411913871765137
CW-12,CW-12.jpg,6,-6.242520809173584,1.4229974746704102
CW-13,CW-13.jpg,9,2.1194512844085693,-1.1352810859680176
CW-14,CW-14.jpg,8,-0.20062264800071716,5.79571008682251
CW-15,CW-15.jpg,3,-1.1586904525756836,-3.380969524383545
CW-16,CW-16.jpg,9,1.9459937810897827,-0.8949679136276245
CW-17,CW-17.jpg,4,0.9589886665344238,2.4829182624816895
CW-18,CW-18.jpg,8,-2.6967036724090576,2.2534210681915283
CW-19,CW-19.jpg,4,1.5387027263641357,3.03029203414917
CW-20,CW-20.jpg,8,1.5764294862747192,2.2551567554473877
CW-21,CW-21.jpg,8,-3.786101818084717,-0.10699516534805298
CW-22,CW-22.jpg,11,-2.1481590270996094,-3.2831058502197266
CW-23,CW-23.jpg,11,-0.8339200019836426,-13.25070858001709
CW-24,CW-24.jpg,8,-2.084275007247925,1.4799453020095825
CW-25,CW-25.jpg,9,0.3348242938518524,-1.0511327981948853
CW-26,CW-26.jpg,0,3.4485373497009277,-3.841496467590332
CW-27,CW-27.jpg,9,-1.8108675479888916,-2.401418685913086
CW-28,CW-28.jpg,5,1.60368013381958,-2.0004541873931885
CW-29,CW-29.jpg,10,-0.42563554644584656,6.78394079208374
CW-30,CW-30.jpg,0,1.3856613636016846,-6.317970275878906
CW-31,CW-31.jpg,4,4.591160774230957,8.915083885192871
CW-32,CW-32.jpg,2,-6.498468399047852,1.1147772073745728
CW-33,CW-33.jpg,8,-2.760141134262085,2.297966480255127
CW-34,CW-34.jpg,5,-2.126995801925659,-1.1193827390670776
CW-35,CW-35.jpg,5,0.3240602910518646,-0.8907486796379089
CW-36,CW-36.jpg,7,5.030893325805664,1.0981742143630981
CW-37,CW-37.jpg,8,-0.6905748248100281,2.649015188217163
CW-38,CW-38.jpg,7,5.825398921966553,1.562889814376831
CW-39,CW-39.jpg,8,-0.9433122873306274,2.2266342639923096
CW-40,CW-40.jpg,8,0.8188748955726624,3.1140270233154297
CW-41,CW-41.jpg,7,4.497852325439453,-0.2481318712234497
CW-42,CW-42.jpg,5,-1.8428782224655151,-0.7527632713317871
CW-43,CW-43.jpg,5,0.4240952730178833,-0.9301192164421082
CW-44,CW-44.jpg,5,-1.6944280862808228,-2.1649973392486572
CW-45,CW-45.jpg,5,3.9578564167022705,0.17339447140693665
CW-46,CW-46.jpg,2,-5.360381603240967,0.44431421160697937
CW-47,CW-47.jpg,5,-5.677137851715088,0.21353639662265778
CW-48,CW-48.jpg,4,5.814348220825195,1.1407408714294434
CW-49,CW-49.jpg,6,-4.114728927612305,3.5804390907287598
CW-50,CW-50.jpg,7,7.459158420562744,0.7480703592300415
CX-1,CX-1.jpg,3,-1.4324994087219238,-2.4941487312316895
CX-2,CX-2.jpg,2,-5.744589328765869,-1.7077746391296387
CX-3,CX-3.jpg,8,0.06947168707847595,2.434044361114502
CX-4,CX-4.jpg,3,-1.4323654174804688,-2.4941275119781494
CX-5,CX-5.jpg,8,0.06947168707847595,2.434044361114502
CX-6,CX-6.jpg,11,-1.9390943050384521,-2.7393386363983154
CX-7,CX-7.jpg,11,-1.812862515449524,-4.0871500968933105
CX-8,CX-8.jpg,3,-1.4323654174804688,-2.4941275119781494
CX-9,CX-9.jpg,4,3.7140023708343506,-0.21142423152923584
CX-10,CX-10.jpg,8,0.06949902325868607,2.4340264797210693
CX-11,CX-11.jpg,10,-2.2941536903381348,10.889973640441895
CX-12,CX-12.jpg,8,-1.976973295211792,0.9481484889984131
CX-13,CX-13.jpg,1,8.22525405883789,0.03518885746598244
CX-14,CX-14.jpg,9,-2.765772819519043,0.23417013883590698
CX-15,CX-15.jpg,4,3.7140023708343506,-0.21142423152923584
CX-16,CX-16.jpg,8,-2.3056182861328125,1.4611175060272217
CX-17,CX-17.jpg,8,0.06949902325868607,2.4340264797210693
CX-18,CX-18.jpg,8,0.06949902325868607,2.4340264797210693
CX-19,CX-19.jpg,9,-1.7766972780227661,0.35555729269981384
CX-20,CX-20.jpg,5,-4.7665886878967285,1.2613790035247803
CX-21,CX-21.jpg,6,-6.517548084259033,-0.34457656741142273
CX-22,CX-22.jpg,0,3.8135876655578613,-3.1703882217407227
CX-23,CX-23.jpg,9,-1.7766972780227661,0.35555729269981384
CX-24,CX-24.jpg,8,-2.173689365386963,2.7498273849487305
CX-25,CX-25.jpg,3,-3.720712900161743,-0.4512178301811218
CX-26,CX-26.jpg,11,-1.9390943050384521,-2.7393386363983154
CX-27,CX-27.jpg,3,-1.4324994087219238,-2.4941487312316895
CX-28,CX-28.jpg,1,8.291400909423828,1.7029869556427002
CX-29,CX-29.jpg,3,-3.158785104751587,0.26792871952056885
CX-30,CX-30.jpg,3,-1.4323654174804688,-2.4941275119781494
CX-31,CX-31.jpg,8,-2.3056182861328125,1.4611175060272217
CX-32,CX-32.jpg,2,-7.704131126403809,-4.969659805297852
CX-33,CX-33.jpg,3,-0.7168675661087036,-0.8840597867965698
CX-34,CX-34.jpg,1,8.291400909423828,1.7029869556427002
CX-35,CX-35.jpg,9,-0.9619053602218628,1.015144944190979
CX-36,CX-36.jpg,11,-2.811939001083374,-3.2931463718414307
CX-37,CX-37.jpg,0,3.2070608139038086,-3.0327324867248535
CX-38,CX-38.jpg,7,3.4614202976226807,1.0031163692474365
CX-39,CX-39.jpg,2,-6.858355522155762,0.3357853293418884
CX-40,CX-40.jpg,2,-4.6225199699401855,-1.0492687225341797
CX-41,CX-41.jpg,2,-3.5133631229400635,-2.019399642944336
CX-42,CX-42.jpg,3,-1.3952761888504028,-1.8993436098098755
CX-43,CX-43.jpg,8,0.06947168707847595,2.434044361114502
CX-44,CX-44.jpg,3,0.8892458081245422,-0.48994648456573486
CX-45,CX-45.jpg,8,-1.8901578187942505,4.386614799499512
CX-46,CX-46.jpg,10,-3.536100387573242,8.819328308105469
CX-47,CX-47.jpg,7,4.718027591705322,-1.8418699502944946
CX-48,CX-48.jpg,11,-2.811997413635254,-3.293217897415161
CX-49,CX-49.jpg,6,-7.942291736602783,1.721450924873352
CX-50,CX-50.jpg,2,-3.4984984397888184,-0.4387953281402588
CY-1,CY-1.jpg,4,0.7045734524726868,2.381031036376953
CY-2,CY-2.jpg,9,1.7552776336669922,-1.2597402334213257
CY-3,CY-3.jpg,5,-1.3821980953216553,-1.2058725357055664
CY-4,CY-4.jpg,7,6.467856407165527,-0.7009250521659851
CY-5,CY-5.jpg,11,0.49935096502304077,-4.933777332305908
CY-6,CY-6.jpg,7,4.614401817321777,1.1156824827194214
CY-7,CY-7.jpg,2,-3.169973134994507,-1.0765578746795654
CY-8,CY-8.jpg,2,-6.840662002563477,-2.584085702896118
CY-9,CY-9.jpg,6,-4.647488117218018,3.710205078125
CY-10,CY-10.jpg,8,0.2839151918888092,2.9292664527893066
CY-11,CY-11.jpg,11,-0.7810717225074768,-5.608216285705566
CY-12,CY-12.jpg,9,0.16835571825504303,-0.8458887338638306
CY-13,CY-13.jpg,6,-6.070319652557373,3.12455677986145
CY-14,CY-14.jpg,7,7.066860198974609,-3.2860188484191895
CY-15,CY-15.jpg,8,0.44993001222610474,2.688768148422241
CY-16,CY-16.jpg,5,-2.1822009086608887,-1.8219494819641113
CY-17,CY-17.jpg,7,7.4889044761657715,0.8620338439941406
CY-18,CY-18.jpg,7,4.853274822235107,-1.0927786827087402
CY-19,CY-19.jpg,9,2.3945505619049072,0.08634275943040848
CY-20,CY-20.jpg,11,-4.6837029457092285,-4.92807674407959
CY-21,CY-21.jpg,8,-1.6018223762512207,3.577836751937866
CY-22,CY-22.jpg,4,4.960883140563965,2.46535587310791
CY-23,CY-23.jpg,0,3.347900390625,-3.815612554550171
CY-24,CY-24.jpg,8,-3.93381404876709,0.6567752957344055
CY-25,CY-25.jpg,2,-5.215303897857666,-4.566319465637207
CY-26,CY-26.jpg,5,-1.9823046922683716,1.3400297164916992
CY-27,CY-27.jpg,7,6.332757949829102,1.0393078327178955
CY-28,CY-28.jpg,0,4.1977057456970215,-2.7865712642669678
CY-29,CY-29.jpg,7,6.372045040130615,3.8948512077331543
CY-30,CY-30.jpg,10,-2.478630542755127,2.366598129272461
CY-31,CY-31.jpg,5,-4.0911383628845215,-1.1615042686462402
CY-32,CY-32.jpg,9,-0.4301385283470154,-3.619854688644409
CY-33,CY-33.jpg,4,4.194056034088135,4.581082820892334
CY-34,CY-34.jpg,3,-5.491087913513184,1.550594449043274
CY-35,CY-35.jpg,8,-2.7041852474212646,7.478672981262207
CY-36,CY-36.jpg,2,-2.7583343982696533,-1.434804081916809
CY-37,CY-37.jpg,0,2.88122296333313,-3.5572948455810547
CY-38,CY-38.jpg,11,-2.9892184734344482,-4.9182538986206055
CY-39,CY-39.jpg,6,-6.358948707580566,0.3823612630367279
CY-40,CY-40.jpg,5,-1.5729680061340332,-2.3230109214782715
CY-41,CY-41.jpg,6,-6.502770900726318,3.037877082824707
CY-42,CY-42.jpg,10,-5.383132457733154,3.402413845062256
CY-43,CY-43.jpg,4,4.920965194702148,4.220460414886475
CY-44,CY-44.jpg,7,6.766855239868164,2.771789789199829
CY-45,CY-45.jpg,4,1.9027258157730103,1.3542859554290771
CY-46,CY-46.jpg,9,-0.17988333106040955,-0.36874130368232727
CY-47,CY-47.jpg,1,9.47905158996582,3.5886318683624268
CY-48,CY-48.jpg,5,-0.808149516582489,-5.785243034362793
CY-49,CY-49.jpg,1,7.377614498138428,0.8651649355888367
CY-50,CY-50.jpg,4,3.4240665435791016,0.25555333495140076
CZ-1,CZ-1.jpg,10,-6.246069431304932,5.410290718078613
CZ-2,CZ-2.jpg,10,-5.330740928649902,1.592769742012024
CZ-3,CZ-3.jpg,9,1.6947675943374634,-1.7718290090560913
CZ-4,CZ-4.jpg,9,-2.071742534637451,0.3984092175960541
CZ-5,CZ-5.jpg,2,-3.2063276767730713,-2.9231348037719727
CZ-6,CZ-6.jpg,9,0.8682912588119507,0.9387486577033997
CZ-7,CZ-7.jpg,4,0.3942461311817169,3.618323564529419
CZ-8,CZ-8.jpg,4,5.385411739349365,3.7347426414489746
CZ-9,CZ-9.jpg,6,-5.346507549285889,1.0833944082260132
CZ-10,CZ-10.jpg,2,-5.2800679206848145,-0.7009603381156921
CZ-11,CZ-11.jpg,8,-4.885897159576416,2.9084770679473877
CZ-12,CZ-12.jpg,7,7.513086795806885,-2.1237435340881348
CZ-13,CZ-13.jpg,6,-5.877720355987549,2.8201045989990234
CZ-14,CZ-14.jpg,3,-3.14227032661438,0.7286139726638794
CZ-15,CZ-15.jpg,9,-1.8646172285079956,-2.5405638217926025
CZ-16,CZ-16.jpg,9,-0.8334380984306335,-0.9234815239906311
CZ-17,CZ-17.jpg,3,-0.5385146737098694,-2.8972957134246826
CZ-18,CZ-18.jpg,3,-1.4078960418701172,-0.253884881734848
CZ-19,CZ-19.jpg,6,-5.93936014175415,2.845219612121582
CZ-20,CZ-20.jpg,9,0.11192037910223007,-3.0158579349517822
CZ-21,CZ-21.jpg,11,-1.884047269821167,-8.314697265625
CZ-22,CZ-22.jpg,8,-1.9902678728103638,1.3898931741714478
CZ-23,CZ-23.jpg,9,-0.106805719435215,-2.284485340118408
CZ-24,CZ-24.jpg,8,-1.2525362968444824,1.1056817770004272
CZ-25,CZ-25.jpg,8,-1.184931755065918,2.191362142562866
CZ-26,CZ-26.jpg,7,8.54449462890625,1.729834794998169
CZ-27,CZ-27.jpg,9,-0.04384569823741913,-1.4197908639907837
CZ-28,CZ-28.jpg,2,-5.2757062911987305,1.4952458143234253
CZ-29,CZ-29.jpg,9,1.4291812181472778,-1.4537731409072876
CZ-30,CZ-30.jpg,9,2.661813735961914,-1.8907842636108398
CZ-31,CZ-31.jpg,1,10.960369110107422,1.6172581911087036
CZ-32,CZ-32.jpg,9,0.745210587978363,0.27661383152008057
CZ-33,CZ-33.jpg,8,0.9254672527313232,2.3590314388275146
CZ-34,CZ-34.jpg,8,-3.0224223136901855,3.4404942989349365
CZ-35,CZ-35.jpg,3,-5.54791784286499,1.5162231922149658
CZ-36,CZ-36.jpg,5,2.657440423965454,-1.8560141324996948
CZ-37,CZ-37.jpg,2,-2.1906867027282715,-2.897853374481201
CZ-38,CZ-38.jpg,4,6.508792400360107,3.6961042881011963
CZ-39,CZ-39.jpg,9,-0.7415421009063721,-2.8731374740600586
CZ-40,CZ-40.jpg,3,-0.8333297371864319,-2.2512454986572266
CZ-41,CZ-41.jpg,4,5.740664958953857,1.5612173080444336
CZ-42,CZ-42.jpg,7,6.727468967437744,-1.610160231590271
CZ-43,CZ-43.jpg,1,7.5486979484558105,2.096322536468506
CZ-44,CZ-44.jpg,8,-4.217519760131836,1.5608159303665161
CZ-45,CZ-45.jpg,7,6.275285720825195,-2.6680147647857666
CZ-46,CZ-46.jpg,11,-2.542447805404663,-8.352584838867188
CZ-47,CZ-47.jpg,5,2.4472782611846924,-2.2459425926208496
CZ-48,CZ-48.jpg,6,-6.919951915740967,1.6766643524169922
CZ-49,CZ-49.jpg,6,-7.735684871673584,3.297449827194214
CZ-50,CZ-50.jpg,8,0.3588157594203949,4.571513652801514
DE-1,DE-1.jpg,2,-5.210035800933838,-0.6713085770606995
DE-2,DE-2.jpg,9,0.8992418646812439,-1.3715739250183105
DE-3,DE-3.jpg,2,-6.131132125854492,-2.3789446353912354
DE-4,DE-4.jpg,0,3.4873275756835938,-4.290854454040527
DE-5,DE-5.jpg,9,0.4746663272380829,0.8988110423088074
DE-6,DE-6.jpg,2,-3.8686201572418213,-0.8669499754905701
DE-7,DE-7.jpg,3,-0.5674517154693604,-2.0853493213653564
DE-8,DE-8.jpg,6,-5.4911699295043945,2.2340846061706543
DE-9,DE-9.jpg,11,-0.4253664016723633,-2.409670829772949
DE-10,DE-10.jpg,7,7.691719055175781,-0.7313138246536255
DE-11,DE-11.jpg,5,1.9214938879013062,-1.44721257686615
DE-12,DE-12.jpg,3,-5.748391628265381,0.013820452615618706
DE-13,DE-13.jpg,0,0.5115986466407776,-4.966359615325928
DE-14,DE-14.jpg,0,4.95154333114624,-3.1283655166625977
DE-15,DE-15.jpg,8,-1.9838794469833374,3.8721096515655518
DE-16,DE-16.jpg,9,-2.317471981048584,-0.8355289101600647
DE-17,DE-17.jpg,8,0.9336718320846558,2.395209550857544
DE-18,DE-18.jpg,5,0.023641636595129967,-3.6156327724456787
DE-19,DE-19.jpg,0,2.4509072303771973,-5.240411758422852
DE-20,DE-20.jpg,4,1.3498107194900513,4.388005256652832
DE-21,DE-21.jpg,0,1.7162644863128662,-6.384398937225342
DE-22,DE-22.jpg,4,4.596186637878418,5.531328201293945
DE-23,DE-23.jpg,3,-0.031209800392389297,-2.4763309955596924
DE-24,DE-24.jpg,1,7.908544063568115,2.201892375946045
DE-25,DE-25.jpg,0,4.782156944274902,-10.503582000732422
DE-26,DE-26.jpg,3,1.7994672060012817,-2.193312883377075
DE-27,DE-27.jpg,2,-5.194904804229736,-3.1564481258392334
DE-28,DE-28.jpg,3,-2.5011649131774902,0.38188543915748596
DE-29,DE-29.jpg,5,1.14615797996521,-0.24022923409938812
DE-30,DE-30.jpg,6,-6.496407985687256,1.0184017419815063
DE-31,DE-31.jpg,7,6.359753131866455,0.5789426565170288
DE-32,DE-32.jpg,2,-3.831444263458252,-4.823347568511963
DE-33,DE-33.jpg,6,-6.46145486831665,3.9887404441833496
DE-34,DE-34.jpg,1,10.925365447998047,1.7239590883255005
DE-35,DE-35.jpg,10,2.642686605453491,11.247676849365234
DE-36,DE-36.jpg,3,2.1623239517211914,-1.1314418315887451
DE-37,DE-37.jpg,11,-2.19964861869812,-4.572689533233643
DE-38,DE-38.jpg,2,-3.1282052993774414,-0.18437460064888
DE-39,DE-39.jpg,4,4.438244819641113,0.7000067830085754
DE-40,DE-40.jpg,1,8.737000465393066,3.097973585128784
DE-41,DE-41.jpg,2,-3.3027708530426025,0.6220607757568359
DE-42,DE-42.jpg,7,3.7957661151885986,2.027411460876465
DE-43,DE-43.jpg,2,-5.549987316131592,-4.305816650390625
DE-44,DE-44.jpg,4,2.015932321548462,4.856054782867432
DE-45,DE-45.jpg,5,1.801667332649231,-4.94633674621582
DE-46,DE-46.jpg,10,-6.239093780517578,4.212355136871338
DE-47,DE-47.jpg,10,-7.30344295501709,6.23851203918457
DE-48,DE-48.jpg,2,-3.6670498847961426,-0.690877377986908
DE-49,DE-49.jpg,3,-4.19675350189209,-4.4176225662231445
DE-50,DE-50.jpg,7,6.243167877197266,-0.39681559801101685
DJ-1,DJ-1.jpg,2,-4.938701629638672,-0.6440818905830383
DJ-2,DJ-2.jpg,7,4.702859401702881,-0.19200336933135986
DJ-3,DJ-3.jpg,9,1.9200477600097656,-0.04955925792455673
DJ-4,DJ-4.jpg,7,4.149935722351074,-0.881212592124939
DJ-5,DJ-5.jpg,2,-3.4197518825531006,0.029554275795817375
DJ-6,DJ-6.jpg,11,-6.747287273406982,-4.442869186401367
DJ-7,DJ-7.jpg,2,-3.1555016040802,-3.6342971324920654
DJ-8,DJ-8.jpg,4,5.003368854522705,0.5506978034973145
DJ-9,DJ-9.jpg,2,-3.393326759338379,-0.2561834156513214
DJ-10,DJ-10.jpg,3,0.6071649789810181,-4.347330093383789
DJ-11,DJ-11.jpg,8,-3.2986650466918945,3.051978588104248
DJ-12,DJ-12.jpg,8,0.9095712900161743,2.0171961784362793
DJ-13,DJ-13.jpg,7,4.209957122802734,-0.9177618026733398
DJ-14,DJ-14.jpg,0,1.8770538568496704,-4.803335189819336
DJ-15,DJ-15.jpg,2,-2.9384818077087402,-0.7486695647239685
DJ-16,DJ-16.jpg,9,-0.5049499273300171,1.0886090993881226
DJ-17,DJ-17.jpg,5,-0.6198856234550476,-1.7561427354812622
DJ-18,DJ-18.jpg,4,1.3111470937728882,2.3790283203125
DJ-19,DJ-19.jpg,9,-0.2599289119243622,-0.3523455858230591
DJ-20,DJ-20.jpg,7,4.209957122802734,-0.9177618026733398
DJ-21,DJ-21.jpg,2,-5.21859073638916,-0.4622119665145874
DJ-22,DJ-22.jpg,7,7.528045654296875,-0.5168279409408569
DJ-23,DJ-23.jpg,7,5.52385139465332,-0.031262874603271484
DJ-24,DJ-24.jpg,7,4.209957122802734,-0.9177618026733398
DJ-25,DJ-25.jpg,0,1.8770538568496704,-4.803335189819336
DJ-26,DJ-26.jpg,11,-2.5254337787628174,-5.237990856170654
DJ-27,DJ-27.jpg,9,0.5814765691757202,-3.866518259048462
DJ-28,DJ-28.jpg,2,-3.155153751373291,-3.6314713954925537
DJ-29,DJ-29.jpg,2,-2.7196614742279053,-1.2615526914596558
DJ-30,DJ-30.jpg,8,0.5403524041175842,2.428786516189575
DJ-31,DJ-31.jpg,9,1.2309801578521729,0.016019202768802643
DJ-32,DJ-32.jpg,0,1.8770538568496704,-4.803335189819336
DJ-33,DJ-33.jpg,11,-4.61425256729126,-5.087086200714111
DJ-34,DJ-34.jpg,0,1.8770538568496704,-4.803335189819336
DJ-35,DJ-35.jpg,3,-5.00262975692749,2.9869680404663086
DJ-36,DJ-36.jpg,9,0.2384497970342636,0.7433427572250366
DJ-37,DJ-37.jpg,8,-2.4353318214416504,1.201775312423706
DJ-38,DJ-38.jpg,2,-4.039534091949463,2.0039753913879395
DJ-39,DJ-39.jpg,9,1.5348963737487793,0.5530167818069458
DJ-40,DJ-40.jpg,7,4.209957122802734,-0.9177618026733398
DJ-41,DJ-41.jpg,7,4.209957122802734,-0.9177618026733398
DJ-42,DJ-42.jpg,3,0.6071649789810181,-4.347330093383789
DJ-43,DJ-43.jpg,2,-5.060675621032715,-1.6824381351470947
DJ-44,DJ-44.jpg,3,0.6071649789810181,-4.347330093383789
DJ-45,DJ-45.jpg,3,1.1224555969238281,3.009777069091797
DJ-46,DJ-46.jpg,2,-2.759626626968384,-0.2404041439294815
DJ-47,DJ-47.jpg,9,0.2384497970342636,0.7433427572250366
DJ-48,DJ-48.jpg,3,-4.636629581451416,0.25840291380882263
DJ-49,DJ-49.jpg,2,-3.155153751373291,-3.6314713954925537
DJ-50,DJ-50.jpg,5,4.054432392120361,-2.2055015563964844
DK-1,DK-1.jpg,2,-4.479427814483643,-1.4720460176467896
DK-2,DK-2.jpg,4,2.0537993907928467,1.0707368850708008
DK-3,DK-3.jpg,4,5.1135406494140625,0.6543524861335754
DK-4,DK-4.jpg,0,5.147983074188232,-4.214353561401367
DK-5,DK-5.jpg,8,-2.1077330112457275,6.064935684204102
DK-6,DK-6.jpg,11,-0.2939223647117615,-6.9251484870910645
DK-7,DK-7.jpg,8,-5.299193382263184,5.001834869384766
DK-8,DK-8.jpg,11,1.3871177434921265,-6.398587703704834
DK-9,DK-9.jpg,8,-1.4173799753189087,3.4603447914123535
DK-10,DK-10.jpg,2,-4.830623149871826,-0.883678674697876
DK-11,DK-11.jpg,9,-1.6429119110107422,-1.9554446935653687
DK-12,DK-12.jpg,9,0.2260519117116928,-0.09469279646873474
DK-13,DK-13.jpg,4,2.6434688568115234,4.392827033996582
DK-14,DK-14.jpg,10,-6.522667407989502,4.464511394500732
DK-15,DK-15.jpg,9,0.5701470971107483,-2.220393419265747
DK-16,DK-16.jpg,5,-2.141752004623413,3.0785229206085205
DK-17,DK-17.jpg,5,-5.138809680938721,-3.323270559310913
DK-18,DK-18.jpg,7,4.23698091506958,-2.333557367324829
DK-19,DK-19.jpg,8,0.0905890241265297,3.1019227504730225
DK-20,DK-20.jpg,10,-5.370279312133789,5.871043682098389
DK-21,DK-21.jpg,0,0.6224778294563293,-1.2619402408599854
DK-22,DK-22.jpg,10,-1.6218607425689697,6.864519119262695
DK-23,DK-23.jpg,3,-2.607755422592163,-5.073056697845459
DK-24,DK-24.jpg,8,-2.0503852367401123,1.111871600151062
DK-25,DK-25.jpg,3,1.5562530755996704,2.1508309841156006
DK-26,DK-26.jpg,9,0.29101505875587463,-2.6239988803863525
DK-27,DK-27.jpg,5,1.3753635883331299,-0.22686830163002014
DK-28,DK-28.jpg,5,0.324781596660614,-2.3491690158843994
DK-29,DK-29.jpg,11,-1.8359125852584839,-3.9143199920654297
DK-30,DK-30.jpg,9,-1.5846283435821533,-0.5211119055747986
DK-31,DK-31.jpg,3,-1.9040234088897705,-5.329500198364258
DK-32,DK-32.jpg,8,-1.4196771383285522,0.4855228662490845
DK-33,DK-33.jpg,0,3.5606443881988525,-2.250359058380127
DK-34,DK-34.jpg,3,-0.8098036646842957,-2.569532871246338
DK-35,DK-35.jpg,11,-0.1740141212940216,-7.985678195953369
DK-36,DK-36.jpg,9,1.621092677116394,-4.047237396240234
DK-37,DK-37.jpg,0,2.4723129272460938,-2.425384998321533
DK-38,DK-38.jpg,7,3.998847723007202,-1.5086328983306885
DK-39,DK-39.jpg,2,-5.395557403564453,-3.0633881092071533
DK-40,DK-40.jpg,8,-2.3663177490234375,3.5953969955444336
DK-41,DK-41.jpg,3,-2.8219356536865234,-0.03145093470811844
DK-42,DK-42.jpg,0,0.3743441104888916,-4.681236743927002
DK-43,DK-43.jpg,9,-2.4434731006622314,-1.5294405221939087
DK-44,DK-44.jpg,11,-0.16144078969955444,-3.5403242111206055
DK-45,DK-45.jpg,9,3.130305051803589,-2.371554374694824
DK-46,DK-46.jpg,9,0.9646924734115601,-2.2718636989593506
DK-47,DK-47.jpg,11,-1.9685109853744507,-3.8473012447357178
DK-48,DK-48.jpg,9,-0.9503933787345886,-1.9237502813339233
DK-49,DK-49.jpg,10,-1.8835628032684326,1.711996078491211
DK-50,DK-50.jpg,10,-6.07142972946167,10.11082935333252
DM-1,DM-1.jpg,4,3.9223415851593018,6.845330715179443
DM-2,DM-2.jpg,11,-4.1064133644104,-3.6403424739837646
DM-3,DM-3.jpg,3,-1.2215420007705688,1.0737593173980713
DM-4,DM-4.jpg,2,-5.563732147216797,-1.594976544380188
DM-5,DM-5.jpg,3,-3.077996015548706,0.3137231469154358
DM-6,DM-6.jpg,2,-6.686404705047607,0.17827235162258148
DM-7,DM-7.jpg,8,-0.4344094693660736,7.120290756225586
DM-8,DM-8.jpg,4,1.1066700220108032,2.852245807647705
DM-9,DM-9.jpg,9,3.208050012588501,-1.596634030342102
DM-10,DM-10.jpg,5,-0.5285133123397827,2.369173765182495
DM-11,DM-11.jpg,1,7.238056182861328,7.646167755126953
DM-12,DM-12.jpg,5,3.388596773147583,0.037093501538038254
DM-13,DM-13.jpg,8,-4.396520614624023,4.164686679840088
DM-14,DM-14.jpg,4,6.084883213043213,4.043575286865234
DM-15,DM-15.jpg,2,-4.013782024383545,-0.06486934423446655
DM-16,DM-16.jpg,11,-1.3591896295547485,-5.459256649017334
DM-17,DM-17.jpg,1,5.186182975769043,7.9193902015686035
DM-18,DM-18.jpg,4,2.3908989429473877,4.645850658416748
DM-19,DM-19.jpg,7,4.381908416748047,0.7973983883857727
DM-20,DM-20.jpg,1,7.613325595855713,7.64051628112793
DM-21,DM-21.jpg,8,-3.396016836166382,3.845818519592285
DM-22,DM-22.jpg,8,-1.0798789262771606,2.824298143386841
DM-23,DM-23.jpg,3,-0.5040073394775391,-2.3246090412139893
DM-24,DM-24.jpg,10,-8.048166275024414,3.3314831256866455
DM-25,DM-25.jpg,7,7.316544055938721,-2.3531651496887207
DM-26,DM-26.jpg,9,-0.4786832928657532,0.43868544697761536
DM-27,DM-27.jpg,6,-5.751441955566406,1.8667867183685303
DM-28,DM-28.jpg,8,-2.416123867034912,4.566406726837158
DM-29,DM-29.jpg,3,-0.9924173951148987,1.9894236326217651
DM-30,DM-30.jpg,9,-1.6145108938217163,-2.994260787963867
DM-31,DM-31.jpg,10,-7.141427516937256,8.994332313537598
DM-32,DM-32.jpg,2,-5.403753757476807,1.9068750143051147
DM-33,DM-33.jpg,0,2.2154409885406494,-2.190007448196411
DM-34,DM-34.jpg,3,-3.6911165714263916,-0.5576181411743164
DM-35,DM-35.jpg,2,-4.971470355987549,3.016655921936035
DM-36,DM-36.jpg,9,-0.468438982963562,-0.02524876594543457
DM-37,DM-37.jpg,4,3.5537898540496826,2.2346115112304688
DM-38,DM-38.jpg,10,-3.5059447288513184,7.118995189666748
DM-39,DM-39.jpg,9,1.4051247835159302,-0.16024212539196014
DM-40,DM-40.jpg,8,-2.4738497734069824,1.087010383605957
DM-41,DM-41.jpg,11,-1.8609064817428589,-5.582605838775635
DM-42,DM-42.jpg,3,-2.1671409606933594,1.14258873462677
DM-43,DM-43.jpg,2,-4.752718448638916,-0.39389172196388245
DM-44,DM-44.jpg,2,-4.036984443664551,-0.6290025115013123
DM-45,DM-45.jpg,8,0.9068324565887451,4.9500732421875
DM-46,DM-46.jpg,8,-1.888749361038208,3.6790213584899902
DM-47,DM-47.jpg,9,-0.468438982963562,-0.02524876594543457
DM-48,DM-48.jpg,8,-1.241032600402832,2.425539255142212
DM-49,DM-49.jpg,8,-2.92547869682312,2.500701904296875
DM-50,DM-50.jpg,4,2.8756861686706543,12.021727561950684
DO-1,DO-1.jpg,9,-2.555910348892212,-2.7452304363250732
DO-2,DO-2.jpg,9,1.6477504968643188,0.26480039954185486
DO-3,DO-3.jpg,11,-0.40616291761398315,-2.6392927169799805
DO-4,DO-4.jpg,7,7.855684757232666,2.8967204093933105
DO-5,DO-5.jpg,5,-1.6479767560958862,-1.1515082120895386
DO-6,DO-6.jpg,5,-1.670750379562378,-2.9127039909362793
DO-7,DO-7.jpg,9,0.4537900984287262,-1.55110764503479
DO-8,DO-8.jpg,11,-2.3959555625915527,-5.062252044677734
DO-9,DO-9.jpg,4,3.5236456394195557,3.1864542961120605
DO-10,DO-10.jpg,10,-6.553566932678223,4.903797149658203
DO-11,DO-11.jpg,8,-3.749251365661621,2.067516565322876
DO-12,DO-12.jpg,2,-3.8332560062408447,-1.0288445949554443
DO-13,DO-13.jpg,2,-6.009850025177002,-2.679003953933716
DO-14,DO-14.jpg,8,-4.537379264831543,0.46271225810050964
DO-15,DO-15.jpg,8,-2.10135555267334,0.8747400641441345
DO-16,DO-16.jpg,4,2.06699275970459,5.206057071685791
DO-17,DO-17.jpg,4,3.3627123832702637,3.571094036102295
DO-18,DO-18.jpg,2,-5.297229290008545,-1.2304991483688354
DO-19,DO-19.jpg,5,0.2913275361061096,0.13043588399887085
DO-20,DO-20.jpg,0,3.1111772060394287,-3.834014654159546
DO-21,DO-21.jpg,3,-0.685176432132721,3.0597715377807617
DO-22,DO-22.jpg,9,-0.570472776889801,-1.6498900651931763
DO-23,DO-23.jpg,3,-1.1187294721603394,-0.5146333575248718
DO-24,DO-24.jpg,5,1.9041301012039185,-2.3784101009368896
DO-25,DO-25.jpg,11,-2.8503074645996094,-6.928231239318848
DO-26,DO-26.jpg,3,-3.966417074203491,1.1058783531188965
DO-27,DO-27.jpg,11,-1.7262096405029297,-2.950592041015625
DO-28,DO-28.jpg,2,-2.6375982761383057,-0.48432332277297974
DO-29,DO-29.jpg,0,4.363011360168457,-2.1992390155792236
DO-30,DO-30.jpg,5,2.527341842651367,2.864086389541626
DO-31,DO-31.jpg,11,-2.191513776779175,-4.294638156890869
DO-32,DO-32.jpg,4,3.9499199390411377,1.1585032939910889
DO-33,DO-33.jpg,4,3.9055545330047607,9.236091613769531
DO-34,DO-34.jpg,8,-2.015242576599121,1.18423593044281
DO-35,DO-35.jpg,4,2.209695816040039,2.006387948989868
DO-36,DO-36.jpg,5,-0.02698073722422123,0.7987155914306641
DO-37,DO-37.jpg,0,1.7446560859680176,-4.476264476776123
DO-38,DO-38.jpg,3,-0.6218985319137573,2.250509023666382
DO-39,DO-39.jpg,2,-4.524162769317627,1.453548789024353
DO-40,DO-40.jpg,5,0.20150919258594513,-0.16451577842235565
DO-41,DO-41.jpg,2,-4.662380218505859,1.7822227478027344
DO-42,DO-42.jpg,11,-2.9342777729034424,-5.428559303283691
DO-43,DO-43.jpg,0,1.9522703886032104,-2.8439433574676514
DO-44,DO-44.jpg,5,0.34795674681663513,-5.071551322937012
DO-45,DO-45.jpg,9,1.346015453338623,-1.9098409414291382
DO-46,DO-46.jpg,5,0.6664604544639587,1.637431025505066
DO-47,DO-47.jpg,4,1.804004430770874,0.2983173429965973
DO-48,DO-48.jpg,0,2.473376750946045,-4.832643032073975
DO-49,DO-49.jpg,4,1.6221858263015747,4.690522193908691
DO-50,DO-50.jpg,9,1.485970139503479,0.8676554560661316
EC-1,EC-1.jpg,6,-8.427220344543457,3.593933343887329
EC-2,EC-2.jpg,3,0.57707679271698,3.0892088413238525
EC-3,EC-3.jpg,8,-4.731808185577393,5.1890788078308105
EC-4,EC-4.jpg,11,-2.3445987701416016,-3.3340976238250732
EC-5,EC-5.jpg,0,4.514681816101074,-3.3756070137023926
EC-6,EC-6.jpg,11,-1.878767490386963,-4.170520305633545
EC-7,EC-7.jpg,8,0.2538965046405792,3.4010770320892334
EC-8,EC-8.jpg,9,2.962090253829956,-2.9336764812469482
EC-9,EC-9.jpg,6,-6.570605278015137,1.0147305727005005
EC-10,EC-10.jpg,6,-4.1448564529418945,8.710073471069336
EC-11,EC-11.jpg,3,-0.7499762177467346,-2.3030097484588623
EC-12,EC-12.jpg,8,-2.4682464599609375,8.012112617492676
EC-13,EC-13.jpg,9,-1.1178804636001587,-0.8755722045898438
EC-14,EC-14.jpg,2,-4.967207908630371,-3.573984384536743
EC-15,EC-15.jpg,2,-3.023836612701416,1.0390771627426147
EC-16,EC-16.jpg,9,-0.7572203278541565,-0.6868916749954224
EC-17,EC-17.jpg,9,0.8009674549102783,-1.4805824756622314
EC-18,EC-18.jpg,4,1.307834267616272,4.561367511749268
EC-19,EC-19.jpg,8,-2.4443531036376953,3.6137137413024902
EC-20,EC-20.jpg,9,-1.848124623298645,-2.308593988418579
EC-21,EC-21.jpg,2,-6.355120658874512,1.119255542755127
EC-22,EC-22.jpg,3,-2.8841540813446045,3.6454265117645264
EC-23,EC-23.jpg,9,-0.19220924377441406,-1.2948153018951416
EC-24,EC-24.jpg,8,-2.5236270427703857,3.424020767211914
EC-25,EC-25.jpg,3,-4.454113483428955,3.1728878021240234
EC-26,EC-26.jpg,6,-5.901119232177734,3.301504373550415
EC-27,EC-27.jpg,9,2.4651317596435547,-2.971146821975708
EC-28,EC-28.jpg,9,-0.8107597231864929,-0.4810012876987457
EC-29,EC-29.jpg,6,-5.929581642150879,1.4523286819458008
EC-30,EC-30.jpg,9,0.5294170379638672,-2.41231107711792
EC-31,EC-31.jpg,11,-1.9038982391357422,-6.7743682861328125
EC-32,EC-32.jpg,9,0.9077869653701782,-2.444089651107788
EC-33,EC-33.jpg,6,-7.823733329772949,6.447874546051025
EC-34,EC-34.jpg,9,1.6941121816635132,-2.0710394382476807
EC-35,EC-35.jpg,5,-4.240548133850098,-1.7450571060180664
EC-36,EC-36.jpg,6,-5.5075364112854,0.8273048996925354
EC-37,EC-37.jpg,2,-5.70350980758667,-4.2567219734191895
EC-38,EC-38.jpg,6,-4.270963668823242,2.300525188446045
EC-39,EC-39.jpg,5,-2.107218027114868,-5.690316200256348
EC-40,EC-40.jpg,0,1.3041479587554932,-3.758004665374756
EC-41,EC-41.jpg,8,-1.419680118560791,6.499697685241699
EC-42,EC-42.jpg,10,-7.171581745147705,4.435296535491943
EC-43,EC-43.jpg,0,3.3269762992858887,-2.7482855319976807
EC-44,EC-44.jpg,6,-7.843225955963135,1.379974365234375
EC-45,EC-45.jpg,11,0.15485630929470062,-6.469153881072998
EC-46,EC-46.jpg,9,-1.776957392692566,-2.459099292755127
EC-47,EC-47.jpg,11,-1.1783159971237183,-2.0992653369903564
EC-48,EC-48.jpg,6,-7.103301525115967,4.356589317321777
EC-49,EC-49.jpg,2,-3.0857086181640625,0.5410779118537903
EC-50,EC-50.jpg,6,-8.956116676330566,5.749595642089844
EE-1,EE-1.jpg,0,3.8142447471618652,-6.298260688781738
EE-2,EE-2.jpg,4,2.2042973041534424,5.352779865264893
EE-3,EE-3.jpg,11,-0.7500101327896118,-4.550439357757568
EE-4,EE-4.jpg,7,7.617631912231445,4.596177101135254
EE-5,EE-5.jpg,9,-0.4082697033882141,-0.9613630771636963
EE-6,EE-6.jpg,4,5.753271579742432,3.8917453289031982
EE-7,EE-7.jpg,4,4.242964267730713,2.998859167098999
EE-8,EE-8.jpg,9,0.8509239554405212,1.9645129442214966
EE-9,EE-9.jpg,8,-0.3304034173488617,4.652500629425049
EE-10,EE-10.jpg,10,-6.206814289093018,10.447023391723633
EE-11,EE-11.jpg,0,5.376171112060547,-1.116722822189331
EE-12,EE-12.jpg,2,-4.935998439788818,-0.45159295201301575
EE-13,EE-13.jpg,9,4.305125713348389,-2.4622321128845215
EE-14,EE-14.jpg,9,2.1993513107299805,-0.5591776967048645
EE-15,EE-15.jpg,11,-5.1968278884887695,-4.82635498046875
EE-16,EE-16.jpg,7,9.186882972717285,-0.4237183630466461
EE-17,EE-17.jpg,4,2.0191032886505127,1.8915437459945679
EE-18,EE-18.jpg,2,-4.129678726196289,0.175411656498909
EE-19,EE-19.jpg,8,-6.2480597496032715,4.121094226837158
EE-20,EE-20.jpg,3,-1.5023540258407593,-1.156896948814392
EE-21,EE-21.jpg,8,-2.287882089614868,1.5722460746765137
EE-22,EE-22.jpg,0,3.0344231128692627,-3.2092130184173584
EE-23,EE-23.jpg,3,-1.6722815036773682,-4.122782230377197
EE-24,EE-24.jpg,6,-7.828977108001709,6.207588195800781
EE-25,EE-25.jpg,9,1.1822758913040161,0.6243726015090942
EE-26,EE-26.jpg,3,-1.9521759748458862,-2.324110269546509
EE-27,EE-27.jpg,8,-0.5131228566169739,0.46736499667167664
EE-28,EE-28.jpg,6,-5.608826637268066,2.205960512161255
EE-29,EE-29.jpg,4,6.652578353881836,2.16968035697937
EE-30,EE-30.jpg,11,-6.692469596862793,-3.6241707801818848
EE-31,EE-31.jpg,3,-0.15862977504730225,2.884770154953003
EE-32,EE-32.jpg,11,-1.5782727003097534,-4.803256988525391
EE-33,EE-33.jpg,8,-0.6117115616798401,6.145357131958008
EE-34,EE-34.jpg,3,-2.274462938308716,-0.740480363368988
EE-35,EE-35.jpg,6,-8.316624641418457,1.4118459224700928
EE-36,EE-36.jpg,4,4.967688083648682,1.7106558084487915
EE-37,EE-37.jpg,9,3.1920223236083984,-0.2817651927471161
EE-38,EE-38.jpg,8,0.7106732726097107,2.1328423023223877
EE-39,EE-39.jpg,11,-1.461602807044983,-7.524028778076172
EE-40,EE-40.jpg,1,8.930325508117676,3.2564899921417236
EE-41,EE-41.jpg,9,-0.5127230882644653,-1.7666378021240234
EE-42,EE-42.jpg,7,3.6170647144317627,0.835381269454956
EE-43,EE-43.jpg,0,4.047940731048584,-4.7936882972717285
EE-44,EE-44.jpg,4,-0.7255304455757141,3.206766128540039
EE-45,EE-45.jpg,4,4.454054355621338,4.099987983703613
EE-46,EE-46.jpg,1,9.537846565246582,2.4733190536499023
EE-47,EE-47.jpg,1,7.5946125984191895,2.1749932765960693
EE-48,EE-48.jpg,5,-2.4799489974975586,-3.0864715576171875
EE-49,EE-49.jpg,0,3.3907182216644287,-9.303053855895996
EE-50,EE-50.jpg,2,-3.4829654693603516,-1.5896440744400024
EG-1,EG-1.jpg,3,0.7775185108184814,1.1138904094696045
EG-2,EG-2.jpg,3,-1.437293291091919,0.10743585228919983
EG-3,EG-3.jpg,4,4.196628570556641,0.7080984115600586
EG-4,EG-4.jpg,9,-0.02149660885334015,-1.613355040550232
EG-5,EG-5.jpg,0,1.9360411167144775,-3.770202159881592
EG-6,EG-6.jpg,11,-1.4974666833877563,-6.1609296798706055
EG-7,EG-7.jpg,5,1.056972622871399,-0.07317198067903519
EG-8,EG-8.jpg,3,-0.9750959277153015,0.9171152114868164
EG-9,EG-9.jpg,9,1.1919935941696167,1.5123627185821533
EG-10,EG-10.jpg,11,-1.9821512699127197,-4.975893497467041
EG-11,EG-11.jpg,9,1.0228477716445923,-1.023751974105835
EG-12,EG-12.jpg,8,-0.9648288488388062,5.998920440673828
EG-13,EG-13.jpg,8,-0.08868414163589478,2.8568403720855713
EG-14,EG-14.jpg,9,0.8266503214836121,-0.13982105255126953
EG-15,EG-15.jpg,8,-1.355280876159668,2.397606134414673
EG-16,EG-16.jpg,2,-5.211264610290527,-0.9484672546386719
EG-17,EG-17.jpg,11,-3.5568909645080566,-4.512384414672852
EG-18,EG-18.jpg,8,-3.15401291847229,1.3620731830596924
EG-19,EG-19.jpg,9,0.05485619604587555,-2.3702123165130615
EG-20,EG-20.jpg,3,-1.8278796672821045,1.0779775381088257
EG-21,EG-21.jpg,2,-4.94572639465332,-1.1471545696258545
EG-22,EG-22.jpg,5,-1.033339023590088,0.5099215507507324
EG-23,EG-23.jpg,9,-0.3112933039665222,-2.1940274238586426
EG-24,EG-24.jpg,2,-4.468452453613281,-0.1861993372440338
EG-25,EG-25.jpg,2,-1.8974437713623047,1.1072760820388794
EG-26,EG-26.jpg,11,-3.6879923343658447,-3.046916961669922
EG-27,EG-27.jpg,1,8.875910758972168,2.1444358825683594
EG-28,EG-28.jpg,7,6.363214015960693,0.10858789831399918
EG-29,EG-29.jpg,2,-6.765340328216553,-6.6806817054748535
EG-30,EG-30.jpg,7,4.331331253051758,-1.6232737302780151
EG-31,EG-31.jpg,3,1.7815487384796143,-1.8023097515106201
EG-32,EG-32.jpg,9,-1.2683604955673218,-3.4305222034454346
EG-33,EG-33.jpg,3,-1.6757373809814453,-0.6420907974243164
EG-34,EG-34.jpg,3,2.1429929733276367,1.0942654609680176
EG-35,EG-35.jpg,8,-1.8176547288894653,1.8483102321624756
EG-36,EG-36.jpg,6,-4.799828052520752,8.263771057128906
EG-37,EG-37.jpg,3,0.3854841887950897,-1.775852918624878
EG-38,EG-38.jpg,3,-0.6699352860450745,-6.176023006439209
EG-39,EG-39.jpg,11,-1.920358657836914,-3.576963186264038
EG-40,EG-40.jpg,3,-2.3476786613464355,-1.4130618572235107
EG-41,EG-41.jpg,9,-0.857586681842804,-2.5613489151000977
EG-42,EG-42.jpg,6,-7.363063812255859,2.9589719772338867
EG-43,EG-43.jpg,6,-8.722650527954102,6.427415370941162
EG-44,EG-44.jpg,9,2.3255085945129395,-0.9610021114349365
EG-45,EG-45.jpg,1,10.3643798828125,2.261263370513916
EG-46,EG-46.jpg,11,1.0263280868530273,-3.2856009006500244
EG-47,EG-47.jpg,1,8.29611873626709,3.40259051322937
EG-48,EG-48.jpg,5,0.879587709903717,-0.014715470373630524
EG-49,EG-49.jpg,5,-0.21219688653945923,-3.687282085418701
EG-50,EG-50.jpg,9,0.39827609062194824,-3.210827350616455
EH-1,EH-1.jpg,4,2.201937198638916,2.9536263942718506
EH-2,EH-2.jpg,4,2.1407198905944824,1.008039951324463
EH-3,EH-3.jpg,5,-3.0421392917633057,-1.7210041284561157
EH-4,EH-4.jpg,9,1.9895341396331787,-2.1287498474121094
EH-5,EH-5.jpg,0,0.7357621192932129,-1.0748463869094849
EH-6,EH-6.jpg,9,2.676191806793213,-3.0823683738708496
EH-7,EH-7.jpg,6,-6.780330181121826,8.361235618591309
EH-8,EH-8.jpg,3,1.2501063346862793,0.10526454448699951
EH-9,EH-9.jpg,7,4.758594036102295,-0.40500155091285706
EH-10,EH-10.jpg,9,-1.6402775049209595,-0.8937022089958191
EH-11,EH-11.jpg,7,5.982468605041504,-1.3384798765182495
EH-12,EH-12.jpg,5,1.8106164932250977,-1.4534000158309937
EH-13,EH-13.jpg,9,0.8368937373161316,0.602208137512207
EH-14,EH-14.jpg,7,7.658488750457764,1.4328354597091675
EH-15,EH-15.jpg,7,4.8456339836120605,-1.7419902086257935
EH-16,EH-16.jpg,7,5.504062652587891,1.423716425895691
EH-17,EH-17.jpg,1,9.056709289550781,3.4898109436035156
EH-18,EH-18.jpg,4,1.9496413469314575,0.004242002498358488
EH-19,EH-19.jpg,2,-4.130868434906006,0.1117403581738472
EH-20,EH-20.jpg,2,-8.784916877746582,1.2249013185501099
EH-21,EH-21.jpg,1,8.905942916870117,5.598161220550537
EH-22,EH-22.jpg,1,9.377226829528809,2.037679433822632
EH-23,EH-23.jpg,7,9.097066879272461,0.19471389055252075
EH-24,EH-24.jpg,9,-0.22320860624313354,0.17789188027381897
EH-25,EH-25.jpg,6,-5.864846706390381,2.510481834411621
EH-26,EH-26.jpg,7,8.435826301574707,1.7034906148910522
EH-27,EH-27.jpg,3,-4.319889068603516,2.9175620079040527
EH-28,EH-28.jpg,3,-2.141594171524048,0.02573414333164692
EH-29,EH-29.jpg,9,1.2702726125717163,-0.14994440972805023
EH-30,EH-30.jpg,3,0.42726609110832214,-4.459102153778076
EH-31,EH-31.jpg,1,9.904190063476562,4.496246814727783
EH-32,EH-32.jpg,8,-5.075019359588623,1.095950722694397
EH-33,EH-33.jpg,4,2.1407198905944824,1.008039951324463
EH-34,EH-34.jpg,8,0.9396128058433533,4.838164329528809
EH-35,EH-35.jpg,4,4.720386505126953,1.1135704517364502
EH-36,EH-36.jpg,7,4.087843418121338,0.36117085814476013
EH-37,EH-37.jpg,10,-3.9031217098236084,9.12116527557373
EH-38,EH-38.jpg,7,4.637156963348389,-2.2148237228393555
EH-39,EH-39.jpg,4,4.720386505126953,1.1135704517364502
EH-40,EH-40.jpg,7,5.048617362976074,1.1493526697158813
EH-41,EH-41.jpg,1,9.53707504272461,6.656355381011963
EH-42,EH-42.jpg,11,0.3622761368751526,-3.069159746170044
EH-43,EH-43.jpg,7,8.92919635772705,0.6087071895599365
EH-44,EH-44.jpg,11,-0.44546347856521606,-6.705311298370361
EH-45,EH-45.jpg,11,-0.6824905872344971,-4.848001003265381
EH-46,EH-46.jpg,1,8.283995628356934,9.68329906463623
EH-47,EH-47.jpg,7,6.081508636474609,-0.42287465929985046
EH-48,EH-48.jpg,1,9.056709289550781,3.4898109436035156
EH-49,EH-49.jpg,7,4.423460006713867,-1.2770441770553589
EH-50,EH-50.jpg,7,9.78639030456543,4.734072208404541
ES-1,ES-1.jpg,9,-0.029304666444659233,-1.62814199924469
ES-2,ES-2.jpg,5,-1.934435248374939,-1.782270908355713
ES-3,ES-3.jpg,6,-8.185327529907227,5.663578033447266
ES-4,ES-4.jpg,4,2.3412933349609375,1.2226852178573608
ES-5,ES-5.jpg,9,-1.2373937368392944,-1.2674968242645264
ES-6,ES-6.jpg,9,0.3219864070415497,-0.09103965759277344
ES-7,ES-7.jpg,2,-5.120262145996094,0.09388928860425949
ES-8,ES-8.jpg,8,-0.060596246272325516,0.6904840469360352
ES-9,ES-9.jpg,3,-2.019071578979492,-1.5706831216812134
ES-10,ES-10.jpg,9,-1.3802759647369385,0.015437865629792213
ES-11,ES-11.jpg,6,-8.024672508239746,3.377387523651123
ES-12,ES-12.jpg,8,-5.097386360168457,2.1078920364379883
ES-13,ES-13.jpg,5,3.815028190612793,-1.0805332660675049
ES-14,ES-14.jpg,2,-1.95717191696167,1.472127914428711
ES-15,ES-15.jpg,9,1.8372597694396973,-1.444419503211975
ES-16,ES-16.jpg,2,-7.312010288238525,-3.5070128440856934
ES-17,ES-17.jpg,7,4.042418003082275,-2.5100927352905273
ES-18,ES-18.jpg,8,-1.622888445854187,5.202333450317383
ES-19,ES-19.jpg,9,-2.516014337539673,-2.5810835361480713
ES-20,ES-20.jpg,8,-3.552800178527832,2.195972442626953
ES-21,ES-21.jpg,3,-6.324867248535156,-0.5763533711433411
ES-22,ES-22.jpg,11,-1.5326114892959595,-3.6722733974456787
ES-23,ES-23.jpg,11,-0.009919196367263794,-7.498180389404297
ES-24,ES-24.jpg,7,8.903702735900879,2.0194454193115234
ES-25,ES-25.jpg,7,3.071840763092041,1.2975120544433594
ES-26,ES-26.jpg,5,-3.9125330448150635,0.27556589245796204
ES-27,ES-27.jpg,2,-2.9955124855041504,1.4319641590118408
ES-28,ES-28.jpg,0,2.2177536487579346,-2.909586191177368
ES-29,ES-29.jpg,2,-7.313793659210205,-6.6917405128479
ES-30,ES-30.jpg,2,-1.859771728515625,-1.4975202083587646
ES-31,ES-31.jpg,0,2.808415651321411,-1.0853742361068726
ES-32,ES-32.jpg,2,-4.051897048950195,-1.4780956506729126
ES-33,ES-33.jpg,0,5.88339900970459,-8.043206214904785
ES-34,ES-34.jpg,9,-1.628035545349121,-0.2372974008321762
ES-35,ES-35.jpg,4,0.6726687550544739,5.786841869354248
ES-36,ES-36.jpg,7,9.512863159179688,0.5120325088500977
ES-37,ES-37.jpg,8,-2.2440028190612793,2.04945969581604
ES-38,ES-38.jpg,11,-0.8217918872833252,-3.409787893295288
ES-39,ES-39.jpg,9,1.405754566192627,-1.226382851600647
ES-40,ES-40.jpg,4,2.8803725242614746,2.4595038890838623
ES-41,ES-41.jpg,8,-2.296659469604492,3.9816083908081055
ES-42,ES-42.jpg,3,-0.8355514407157898,1.2923423051834106
ES-43,ES-43.jpg,2,-7.410592079162598,-2.1417675018310547
ES-44,ES-44.jpg,9,3.97908878326416,-1.2006001472473145
ES-45,ES-45.jpg,9,0.4160962998867035,0.4846959114074707
ES-46,ES-46.jpg,11,1.1497950553894043,-6.437012195587158
ES-47,ES-47.jpg,9,0.3449351489543915,-0.05167875438928604
ES-48,ES-48.jpg,3,-0.2321546971797943,0.06746210902929306
ES-49,ES-49.jpg,4,1.6989104747772217,0.7633336782455444
ES-50,ES-50.jpg,2,-2.4387354850769043,0.33213019371032715
ET-1,ET-1.jpg,7,4.296072959899902,0.5850868225097656
ET-2,ET-2.jpg,2,-1.8037352561950684,-0.07313765585422516
ET-3,ET-3.jpg,1,7.21122932434082,-0.519413411617279
ET-4,ET-4.jpg,3,0.17934958636760712,-3.467743158340454
ET-5,ET-5.jpg,4,5.227581977844238,1.9531524181365967
ET-6,ET-6.jpg,5,-0.08587712794542313,-1.2806509733200073
ET-7,ET-7.jpg,3,-3.9118595123291016,-2.611156463623047
ET-8,ET-8.jpg,0,1.7407437562942505,-4.1023454666137695
ET-9,ET-9.jpg,7,5.275520324707031,-2.465665102005005
ET-10,ET-10.jpg,0,3.530531644821167,-3.179417848587036
ET-11,ET-11.jpg,2,-2.8944408893585205,-4.837981700897217
ET-12,ET-12.jpg,5,-2.2730929851531982,-0.10219356417655945
ET-13,ET-13.jpg,9,-0.06238596513867378,-1.6809474229812622
ET-14,ET-14.jpg,0,2.731783866882324,-3.0306177139282227
ET-15,ET-15.jpg,3,0.2432306557893753,-0.40983903408050537
ET-16,ET-16.jpg,0,2.5221352577209473,-4.581048965454102
ET-17,ET-17.jpg,4,3.0644774436950684,3.7497498989105225
ET-18,ET-18.jpg,0,4.68878173828125,-1.1257480382919312
ET-19,ET-19.jpg,3,-4.056839942932129,0.16088925302028656
ET-20,ET-20.jpg,11,-2.2946953773498535,-3.585789442062378
ET-21,ET-21.jpg,7,4.635878086090088,-3.181011915206909
ET-22,ET-22.jpg,3,-0.5867765545845032,-1.3190633058547974
ET-23,ET-23.jpg,7,5.4533915519714355,-3.1742849349975586
ET-24,ET-24.jpg,3,-2.7155439853668213,4.784815788269043
ET-25,ET-25.jpg,8,-0.7952195405960083,2.981036424636841
ET-26,ET-26.jpg,2,-2.886509418487549,-0.9652327299118042
ET-27,ET-27.jpg,6,-5.663743495941162,5.202132701873779
ET-28,ET-28.jpg,9,-1.1113134622573853,-0.7435778975486755
ET-29,ET-29.jpg,9,-0.4717164933681488,-0.1121039018034935
ET-30,ET-30.jpg,3,-2.96894907951355,1.1943284273147583
ET-31,ET-31.jpg,7,6.301451683044434,-1.7499663829803467
ET-32,ET-32.jpg,8,0.20508208870887756,2.557147264480591
ET-33,ET-33.jpg,5,-3.0971899032592773,-0.4553295969963074
ET-34,ET-34.jpg,0,2.739142656326294,-1.6930080652236938
ET-35,ET-35.jpg,2,-2.376774787902832,3.8071255683898926
ET-36,ET-36.jpg,3,-2.5618903636932373,-0.5638045072555542
ET-37,ET-37.jpg,7,4.900386333465576,-0.5223761200904846
ET-38,ET-38.jpg,9,-2.4557623863220215,-0.8284898996353149
ET-39,ET-39.jpg,8,-1.982485055923462,6.415894031524658
ET-40,ET-40.jpg,7,7.028100967407227,-3.7541592121124268
ET-41,ET-41.jpg,11,-6.032960414886475,-4.901700496673584
ET-42,ET-42.jpg,0,4.130699634552002,-2.1852731704711914
ET-43,ET-43.jpg,3,-0.20486846566200256,0.8757896423339844
ET-44,ET-44.jpg,4,3.373568296432495,3.5328376293182373
ET-45,ET-45.jpg,11,-2.6423683166503906,-7.1934919357299805
ET-46,ET-46.jpg,9,-0.8347188830375671,-0.23559579253196716
ET-47,ET-47.jpg,9,-1.3437557220458984,-0.7609543204307556
ET-48,ET-48.jpg,9,0.991447925567627,0.5717724561691284
ET-49,ET-49.jpg,3,-0.9159327745437622,-1.2571678161621094
ET-50,ET-50.jpg,9,0.2816700339317322,-2.744438409805298
FI-1,FI-1.jpg,7,7.278582572937012,1.6699600219726562
FI-2,FI-2.jpg,0,3.779386520385742,-2.6698415279388428
FI-3,FI-3.jpg,0,4.133201599121094,-5.015801906585693
FI-4,FI-4.jpg,11,-1.7701386213302612,-3.700690984725952
FI-5,FI-5.jpg,9,1.451241374015808,0.7137938141822815
FI-6,FI-6.jpg,3,-2.284069538116455,0.3638874590396881
FI-7,FI-7.jpg,9,-0.7851515412330627,-1.6529059410095215
FI-8,FI-8.jpg,11,0.4570130407810211,-5.821255207061768
FI-9,FI-9.jpg,11,-2.088723659515381,-4.693236827850342
FI-10,FI-10.jpg,9,0.47342318296432495,-1.986461877822876
FI-11,FI-11.jpg,0,2.4051618576049805,-5.095846176147461
FI-12,FI-12.jpg,11,-3.405181646347046,-7.3452324867248535
FI-13,FI-13.jpg,4,5.696195602416992,3.9223759174346924
FI-14,FI-14.jpg,9,1.587904453277588,-2.6287479400634766
FI-15,FI-15.jpg,11,-1.9094884395599365,-3.7830493450164795
FI-16,FI-16.jpg,9,3.0677599906921387,-0.9003111124038696
FI-17,FI-17.jpg,2,-2.7021708488464355,-2.18109393119812
FI-18,FI-18.jpg,11,-1.7698544263839722,-6.2032999992370605
FI-19,FI-19.jpg,0,2.9680535793304443,-3.744476795196533
FI-20,FI-20.jpg,9,0.2967459559440613,-0.40075698494911194
FI-21,FI-21.jpg,3,1.4333226680755615,-2.419156789779663
FI-22,FI-22.jpg,4,1.2893730401992798,1.2399802207946777
FI-23,FI-23.jpg,7,9.854451179504395,-2.330202579498291
FI-24,FI-24.jpg,6,-4.906175136566162,2.6927945613861084
FI-25,FI-25.jpg,7,5.437526226043701,-0.988457441329956
FI-26,FI-26.jpg,8,0.702328085899353,6.91146183013916
FI-27,FI-27.jpg,4,1.5804870128631592,1.9363183975219727
FI-28,FI-28.jpg,9,-0.9922174215316772,-1.8077603578567505
FI-29,FI-29.jpg,2,-2.6139256954193115,-1.1504569053649902
FI-30,FI-30.jpg,4,1.9049458503723145,0.30479374527931213
FI-31,FI-31.jpg,3,-2.606835126876831,-4.276382923126221
FI-32,FI-32.jpg,7,9.3094482421875,-0.2782329022884369
FI-33,FI-33.jpg,0,2.180673837661743,-8.094799041748047
FI-34,FI-34.jpg,9,-0.9917575120925903,-1.7373535633087158
FI-35,FI-35.jpg,4,4.188320159912109,0.7428461313247681
FI-36,FI-36.jpg,8,-2.4345662593841553,0.560530424118042
FI-37,FI-37.jpg,4,4.862284183502197,0.9717460870742798
FI-38,FI-38.jpg,0,3.9256439208984375,-8.126450538635254
FI-39,FI-39.jpg,8,-3.0795938968658447,1.5695133209228516
FI-40,FI-40.jpg,7,6.711305618286133,2.0268733501434326
FI-41,FI-41.jpg,4,3.1014063358306885,2.081395387649536
FI-42,FI-42.jpg,11,0.09845785051584244,-10.257637977600098
FI-43,FI-43.jpg,2,-2.7991249561309814,-0.0038485608529299498
FI-44,FI-44.jpg,11,-2.28318452835083,-3.3388209342956543
FI-45,FI-45.jpg,7,3.799089193344116,-2.578721046447754
FI-46,FI-46.jpg,9,2.7274622917175293,-4.128627300262451
FI-47,FI-47.jpg,7,6.961258411407471,2.835514545440674
FI-48,FI-48.jpg,3,0.7435849905014038,-5.332299709320068
FI-49,FI-49.jpg,1,5.250150203704834,2.4829232692718506
FI-50,FI-50.jpg,6,-5.501988887786865,5.4471588134765625
FJ-1,FJ-1.jpg,5,-1.192270040512085,-2.694833278656006
FJ-2,FJ-2.jpg,3,-3.0812504291534424,1.080030083656311
FJ-3,FJ-3.jpg,8,-2.461313247680664,1.0431300401687622
FJ-4,FJ-4.jpg,3,-0.40328553318977356,0.7830519676208496
FJ-5,FJ-5.jpg,7,5.187946319580078,1.8395665884017944
FJ-6,FJ-6.jpg,11,-2.038160800933838,-4.735124111175537
FJ-7,FJ-7.jpg,4,1.4927533864974976,1.6144057512283325
FJ-8,FJ-8.jpg,4,4.170432090759277,1.9675817489624023
FJ-9,FJ-9.jpg,11,-0.0024639307521283627,-9.515920639038086
FJ-10,FJ-10.jpg,9,-1.9187341928482056,-2.121098041534424
FJ-11,FJ-11.jpg,3,-3.0927088260650635,-0.8433167338371277
FJ-12,FJ-12.jpg,7,3.231217861175537,-2.143007516860962
FJ-13,FJ-13.jpg,11,-0.7497574687004089,-5.071918964385986
FJ-14,FJ-14.jpg,2,-4.760984897613525,-3.0803775787353516
FJ-15,FJ-15.jpg,0,4.9192633628845215,-5.6569037437438965
FJ-16,FJ-16.jpg,9,1.900980830192566,-1.5960571765899658
FJ-17,FJ-17.jpg,9,1.0340137481689453,-4.106640338897705
FJ-18,FJ-18.jpg,8,0.28669482469558716,4.360023498535156
FJ-19,FJ-19.jpg,8,-3.755600929260254,4.70546293258667
FJ-20,FJ-20.jpg,9,-1.621772050857544,-2.8608169555664062
FJ-21,FJ-21.jpg,2,-3.8510067462921143,-1.5063718557357788
FJ-22,FJ-22.jpg,6,-8.571988105773926,1.368759274482727
FJ-23,FJ-23.jpg,8,-0.32646721601486206,1.552587628364563
FJ-24,FJ-24.jpg,9,-1.008144736289978,-1.9170739650726318
FJ-25,FJ-25.jpg,2,-3.9507596492767334,-0.2959907650947571
FJ-26,FJ-26.jpg,2,-5.138641357421875,-0.55711430311203
FJ-27,FJ-27.jpg,2,-2.5214571952819824,-2.121387243270874
FJ-28,FJ-28.jpg,9,-0.7779306173324585,-3.6380903720855713
FJ-29,FJ-29.jpg,3,-1.2988535165786743,-2.0409493446350098
FJ-30,FJ-30.jpg,11,-2.1298253536224365,-2.40153431892395
FJ-31,FJ-31.jpg,3,0.6948271989822388,3.9222841262817383
FJ-32,FJ-32.jpg,9,2.3048243522644043,-1.2211558818817139
FJ-33,FJ-33.jpg,1,8.002643585205078,6.551149368286133
FJ-34,FJ-34.jpg,11,0.3592431843280792,-6.829986572265625
FJ-35,FJ-35.jpg,11,-3.920785903930664,-5.684140682220459
FJ-36,FJ-36.jpg,0,4.620850563049316,-4.817708492279053
FJ-37,FJ-37.jpg,11,-4.774047374725342,-5.367443084716797
FJ-38,FJ-38.jpg,0,2.7599129676818848,-2.9058823585510254
FJ-39,FJ-39.jpg,11,-1.0437794923782349,-4.344868183135986
FJ-40,FJ-40.jpg,2,-4.185403823852539,-1.744634985923767
FJ-41,FJ-41.jpg,0,4.7605719566345215,-7.778754711151123
FJ-42,FJ-42.jpg,1,10.081859588623047,2.907294273376465
FJ-43,FJ-43.jpg,11,1.0168417692184448,-5.949580192565918
FJ-44,FJ-44.jpg,11,-3.8912742137908936,-6.302928924560547
FJ-45,FJ-45.jpg,0,2.866966724395752,-3.6099302768707275
FJ-46,FJ-46.jpg,9,-1.139102816581726,-0.9779505133628845
FJ-47,FJ-47.jpg,1,10.276920318603516,2.6726105213165283
FJ-48,FJ-48.jpg,2,-3.5657577514648438,-3.143589735031128
FJ-49,FJ-49.jpg,3,-1.9170958995819092,1.2952734231948853
FJ-50,FJ-50.jpg,4,1.487224817276001,1.6042673587799072
FK-1,FK-1.jpg,0,2.151306629180908,-7.528420925140381
FK-2,FK-2.jpg,0,1.8248556852340698,-0.5358448028564453
FK-3,FK-3.jpg,3,-0.42127740383148193,-4.067386627197266
FK-4,FK-4.jpg,8,-2.8242509365081787,1.6788709163665771
FK-5,FK-5.jpg,7,5.01333475112915,-1.0741101503372192
FK-6,FK-6.jpg,8,-3.9566848278045654,0.20342417061328888
FK-7,FK-7.jpg,2,-3.898559808731079,0.1317516267299652
FK-8,FK-8.jpg,8,-3.100712537765503,5.161167621612549
FK-9,FK-9.jpg,3,-6.150648593902588,0.011975045315921307
FK-10,FK-10.jpg,1,9.321932792663574,2.032160758972168
FK-11,FK-11.jpg,6,-5.67579460144043,2.2148451805114746
FK-12,FK-12.jpg,3,-3.4136502742767334,-1.8246108293533325
FK-13,FK-13.jpg,9,1.2594799995422363,-1.6054199934005737
FK-14,FK-14.jpg,9,-1.4981213808059692,-2.575657367706299
FK-15,FK-15.jpg,8,-4.150801658630371,-0.09365350753068924
FK-16,FK-16.jpg,8,-3.1584553718566895,1.3923782110214233
FK-17,FK-17.jpg,11,-3.977051019668579,-6.798084735870361
FK-18,FK-18.jpg,5,-0.5312240123748779,-6.457113742828369
FK-19,FK-19.jpg,8,-3.77156138420105,2.7068772315979004
FK-20,FK-20.jpg,4,5.254393100738525,2.9358811378479004
FK-21,FK-21.jpg,0,0.9886474609375,-4.7801513671875
FK-22,FK-22.jpg,9,-2.134190797805786,-1.5506147146224976
FK-23,FK-23.jpg,10,-7.738794803619385,2.5974440574645996
FK-24,FK-24.jpg,8,-4.292059898376465,2.2932887077331543
FK-25,FK-25.jpg,8,-2.4684131145477295,1.2150635719299316
FK-26,FK-26.jpg,5,-1.6454895734786987,-2.5950241088867188
FK-27,FK-27.jpg,5,-2.031646251678467,-1.2632824182510376
FK-28,FK-28.jpg,9,0.9650732278823853,-1.1621575355529785
FK-29,FK-29.jpg,8,-0.15109243988990784,1.904984951019287
FK-30,FK-30.jpg,1,9.313033103942871,4.840091228485107
FK-31,FK-31.jpg,4,1.8590607643127441,3.9267759323120117
FK-32,FK-32.jpg,0,1.4606343507766724,-4.785369873046875
FK-33,FK-33.jpg,7,10.022477149963379,3.2506983280181885
FK-34,FK-34.jpg,6,-5.2302565574646,0.9464190602302551
FK-35,FK-35.jpg,4,2.922884702682495,3.281630277633667
FK-36,FK-36.jpg,6,-6.302574634552002,4.4967756271362305
FK-37,FK-37.jpg,6,-3.8242499828338623,3.598236083984375
FK-38,FK-38.jpg,0,4.322714328765869,-4.016003608703613
FK-39,FK-39.jpg,9,0.11407475918531418,-0.4810924232006073
FK-40,FK-40.jpg,0,3.72517466545105,-4.821845531463623
FK-41,FK-41.jpg,8,-3.973284959793091,1.7226284742355347
FK-42,FK-42.jpg,9,1.442690134048462,-0.9579290151596069
FK-43,FK-43.jpg,9,-1.0180282592773438,-1.4476231336593628
FK-44,FK-44.jpg,7,3.492915391921997,-0.14269030094146729
FK-45,FK-45.jpg,8,-2.0999069213867188,3.603680372238159
FK-46,FK-46.jpg,4,4.308724403381348,0.7679215669631958
FK-47,FK-47.jpg,9,1.4991405010223389,-1.3407210111618042
FK-48,FK-48.jpg,0,3.5298378467559814,-3.38223934173584
FK-49,FK-49.jpg,8,-1.167540192604065,2.146610736846924
FK-50,FK-50.jpg,9,0.0918281078338623,0.5542423129081726
FM-1,FM-1.jpg,5,2.936419725418091,1.3020392656326294
FM-2,FM-2.jpg,9,-3.0778462886810303,0.3566998541355133
FM-3,FM-3.jpg,1,9.259896278381348,5.3463969230651855
FM-4,FM-4.jpg,1,9.67004108428955,3.966245412826538
FM-5,FM-5.jpg,4,1.2848668098449707,4.310149192810059
FM-6,FM-6.jpg,6,-4.538266181945801,-0.022873954847455025
FM-7,FM-7.jpg,5,5.889269828796387,2.105424642562866
FM-8,FM-8.jpg,7,6.487591743469238,-1.1592538356781006
FM-9,FM-9.jpg,4,0.4559914171695709,3.108372926712036
FM-10,FM-10.jpg,8,-0.35995104908943176,6.535909652709961
FM-11,FM-11.jpg,4,3.594815969467163,0.7032877206802368
FM-12,FM-12.jpg,9,1.8423993587493896,-1.5855792760849
FM-13,FM-13.jpg,4,1.872544765472412,2.8234946727752686
FM-14,FM-14.jpg,5,2.4717445373535156,-2.1663684844970703
FM-15,FM-15.jpg,4,2.526500940322876,0.43254274129867554
FM-16,FM-16.jpg,8,-2.2758121490478516,6.480196475982666
FM-17,FM-17.jpg,5,1.8986891508102417,5.054863452911377
FM-18,FM-18.jpg,3,1.8437058925628662,-0.6550648808479309
FM-19,FM-19.jpg,7,8.816476821899414,-0.32710832357406616
FM-20,FM-20.jpg,8,-2.6549861431121826,3.705735683441162
FM-21,FM-21.jpg,3,-0.20856080949306488,4.976771831512451
FM-22,FM-22.jpg,5,0.9678840637207031,2.0962142944335938
FM-23,FM-23.jpg,4,6.530018329620361,1.887076735496521
FM-24,FM-24.jpg,4,2.7853095531463623,0.9006834030151367
FM-25,FM-25.jpg,2,-2.390887498855591,2.197629690170288
FM-26,FM-26.jpg,2,-4.312623977661133,-0.02180452086031437
FM-27,FM-27.jpg,0,5.689431190490723,-4.328284740447998
FM-28,FM-28.jpg,5,1.5830035209655762,2.4572951793670654
FM-29,FM-29.jpg,4,1.9220783710479736,4.758621692657471
FM-30,FM-30.jpg,1,5.834078311920166,12.200389862060547
FM-31,FM-31.jpg,4,2.1952881813049316,2.2172763347625732
FM-32,FM-32.jpg,8,-1.2640711069107056,4.007129192352295
FM-33,FM-33.jpg,8,-2.0353102684020996,3.234973669052124
FM-34,FM-34.jpg,4,2.190704345703125,2.953127145767212
FM-35,FM-35.jpg,4,1.8670032024383545,4.521306037902832
FM-36,FM-36.jpg,2,-3.2601640224456787,-3.9022767543792725
FM-37,FM-37.jpg,10,-2.476590156555176,9.742512702941895
FM-38,FM-38.jpg,4,2.4531946182250977,4.390054225921631
FM-39,FM-39.jpg,4,1.7478960752487183,3.4371204376220703
FM-40,FM-40.jpg,11,-2.3641445636749268,-4.453660488128662
FM-41,FM-41.jpg,2,-6.55941104888916,-0.12528759241104126
FM-42,FM-42.jpg,1,9.555306434631348,4.02308988571167
FM-43,FM-43.jpg,4,5.9991865158081055,0.7429742813110352
FM-44,FM-44.jpg,8,-1.6217930316925049,1.8857767581939697
FM-45,FM-45.jpg,6,-4.4763641357421875,2.4700982570648193
FM-46,FM-46.jpg,4,1.7685269117355347,2.246479034423828
FM-47,FM-47.jpg,5,-1.6918092966079712,-3.5741872787475586
FM-48,FM-48.jpg,2,-5.6201958656311035,-1.3962777853012085
FM-49,FM-49.jpg,1,8.92840576171875,3.3064796924591064
FM-50,FM-50.jpg,2,-5.506209850311279,-1.7105661630630493
FO-1,FO-1.jpg,7,6.563859939575195,1.966133713722229
FO-2,FO-2.jpg,8,-0.8107675313949585,2.4149913787841797
FO-3,FO-3.jpg,2,-6.3400044441223145,-1.5715663433074951
FO-4,FO-4.jpg,9,0.9530580639839172,1.3678590059280396
FO-5,FO-5.jpg,6,-7.539368152618408,1.9174516201019287
FO-6,FO-6.jpg,4,0.36012646555900574,2.7650814056396484
FO-7,FO-7.jpg,2,-6.451742172241211,0.8786231279373169
FO-8,FO-8.jpg,1,10.176629066467285,2.923020601272583
FO-9,FO-9.jpg,2,-3.660383462905884,-2.212958335876465
FO-10,FO-10.jpg,1,7.481781005859375,5.247380256652832
FO-11,FO-11.jpg,4,3.3835058212280273,6.6044182777404785
FO-12,FO-12.jpg,5,-0.8362285494804382,0.28112801909446716
FO-13,FO-13.jpg,2,-7.378185272216797,-0.02807348407804966
FO-14,FO-14.jpg,2,-6.451742172241211,0.8786231279373169
FO-15,FO-15.jpg,7,6.534798622131348,-2.0029137134552
FO-16,FO-16.jpg,8,-2.953404426574707,0.0751386508345604
FO-17,FO-17.jpg,2,-4.716246604919434,-3.109239339828491
FO-18,FO-18.jpg,8,-3.1324777603149414,5.181075096130371
FO-19,FO-19.jpg,9,0.325604647397995,0.08165229856967926
FO-20,FO-20.jpg,3,2.2326858043670654,-2.15303111076355
FO-21,FO-21.jpg,8,-0.6896452307701111,1.688436508178711
FO-22,FO-22.jpg,2,-5.615539073944092,2.8115501403808594
FO-23,FO-23.jpg,9,-0.6496722102165222,-3.0007121562957764
FO-24,FO-24.jpg,10,-3.218374729156494,5.105647087097168
FO-25,FO-25.jpg,7,8.343132019042969,-4.685330867767334
FO-26,FO-26.jpg,10,-5.561969757080078,7.828924655914307
FO-27,FO-27.jpg,2,-2.8648784160614014,-1.3886098861694336
FO-28,FO-28.jpg,10,-3.218374729156494,5.105647087097168
FO-29,FO-29.jpg,11,-1.835835576057434,-5.735299110412598
FO-30,FO-30.jpg,9,-0.7562608122825623,0.08604249358177185
FO-31,FO-31.jpg,4,4.405900001525879,-0.3022215962409973
FO-32,FO-32.jpg,8,-0.7999199032783508,1.602630853652954
FO-33,FO-33.jpg,8,-4.816321849822998,1.8255794048309326
FO-34,FO-34.jpg,5,-0.5950833559036255,2.219680070877075
FO-35,FO-35.jpg,9,-1.969652771949768,-1.7776870727539062
FO-36,FO-36.jpg,5,-2.980487823486328,1.1325603723526
FO-37,FO-37.jpg,2,-2.8648784160614014,-1.3886098861694336
FO-38,FO-38.jpg,0,0.4943825602531433,-0.8705341815948486
FO-39,FO-39.jpg,8,2.0765912532806396,4.148865222930908
FO-40,FO-40.jpg,2,-6.451742172241211,0.8786231279373169
FO-41,FO-41.jpg,5,0.6394261717796326,0.7202359437942505
FO-42,FO-42.jpg,5,1.0953196287155151,-1.9296178817749023
FO-43,FO-43.jpg,0,2.6341419219970703,-9.9463529586792
FO-44,FO-44.jpg,2,-4.183801651000977,-0.7305741906166077
FO-45,FO-45.jpg,6,-7.819986820220947,3.708787441253662
FO-46,FO-46.jpg,7,6.591028690338135,-0.35478484630584717
FO-47,FO-47.jpg,7,7.218776702880859,-2.9500467777252197
FO-48,FO-48.jpg,11,-2.8860385417938232,-6.5333967208862305
FO-49,FO-49.jpg,1,7.634851455688477,2.7492172718048096
FO-50,FO-50.jpg,5,-3.8572866916656494,3.047140598297119
FR-1,FR-1.jpg,10,-5.499966621398926,3.07524037361145
FR-2,FR-2.jpg,11,-3.36820387840271,-6.2948079109191895
FR-3,FR-3.jpg,3,0.0022686903830617666,-3.5754168033599854
FR-4,FR-4.jpg,3,-0.5817688703536987,2.90301513671875
FR-5,FR-5.jpg,2,-5.073768138885498,-4.631073474884033
FR-6,FR-6.jpg,7,7.974531173706055,1.5002437829971313
FR-7,FR-7.jpg,2,-3.975010395050049,1.1724992990493774
FR-8,FR-8.jpg,9,-0.4172108769416809,0.7698056697845459
FR-9,FR-9.jpg,11,0.4327678978443146,-3.8764126300811768
FR-10,FR-10.jpg,4,2.6112136840820312,3.4524385929107666
FR-11,FR-11.jpg,3,0.032266926020383835,1.585208535194397
FR-12,FR-12.jpg,8,-1.750074028968811,8.688243865966797
FR-13,FR-13.jpg,5,-1.0166362524032593,1.7737683057785034
FR-14,FR-14.jpg,6,-8.786802291870117,4.292647838592529
FR-15,FR-15.jpg,3,-2.984571695327759,-0.20845672488212585
FR-16,FR-16.jpg,10,1.1431461572647095,6.755892276763916
FR-17,FR-17.jpg,1,6.686236381530762,1.4269230365753174
FR-18,FR-18.jpg,10,-6.710634708404541,3.5657193660736084
FR-19,FR-19.jpg,7,6.378177642822266,-4.487765789031982
FR-20,FR-20.jpg,11,1.073081135749817,-3.111619234085083
FR-21,FR-21.jpg,8,-2.4992973804473877,-0.352847158908844
FR-22,FR-22.jpg,9,0.3727928400039673,-0.7198528051376343
FR-23,FR-23.jpg,2,-3.546689987182617,-2.0975749492645264
FR-24,FR-24.jpg,6,-4.947882652282715,6.186101913452148
FR-25,FR-25.jpg,1,9.615537643432617,1.6342710256576538
FR-26,FR-26.jpg,4,2.047955274581909,3.1114821434020996
FR-27,FR-27.jpg,4,3.4799516201019287,1.241750717163086
FR-28,FR-28.jpg,9,0.7053491473197937,-3.3070735931396484
FR-29,FR-29.jpg,2,-6.293088436126709,-0.22901907563209534
FR-30,FR-30.jpg,2,-6.678804874420166,-3.222238779067993
FR-31,FR-31.jpg,11,-0.6193870902061462,-3.4271187782287598
FR-32,FR-32.jpg,4,3.0681917667388916,-0.469089537858963
FR-33,FR-33.jpg,11,-0.9325149655342102,-5.7058844566345215
FR-34,FR-34.jpg,0,1.209801197052002,-5.907979965209961
FR-35,FR-35.jpg,8,-2.1992347240448,2.1692936420440674
FR-36,FR-36.jpg,1,9.561193466186523,2.230195999145508
FR-37,FR-37.jpg,9,2.3937318325042725,-2.475229501724243
FR-38,FR-38.jpg,9,-1.2669485807418823,-4.039172649383545
FR-39,FR-39.jpg,11,-2.336297035217285,-9.680192947387695
FR-40,FR-40.jpg,2,-4.111577987670898,-1.7583141326904297
FR-41,FR-41.jpg,7,5.4121012687683105,-0.990486204624176
FR-42,FR-42.jpg,1,7.605896472930908,0.9673891067504883
FR-43,FR-43.jpg,5,1.1954761743545532,-1.6809722185134888
FR-44,FR-44.jpg,11,-2.749556303024292,-3.0772173404693604
FR-45,FR-45.jpg,3,-2.4324557781219482,0.16348591446876526
FR-46,FR-46.jpg,6,-8.52701473236084,4.304173946380615
FR-47,FR-47.jpg,11,-2.1723380088806152,-4.800378799438477
FR-48,FR-48.jpg,2,-4.233892440795898,-3.814638614654541
FR-49,FR-49.jpg,3,-1.0897127389907837,-4.135051250457764
FR-50,FR-50.jpg,9,-2.2264914512634277,-0.8868627548217773
GB-1,GB-1.jpg,11,0.9187437891960144,-3.9445974826812744
GB-2,GB-2.jpg,6,-5.927084445953369,2.216228485107422
GB-3,GB-3.jpg,8,-2.200193166732788,3.603034257888794
GB-4,GB-4.jpg,0,6.517316818237305,-2.3202786445617676
GB-5,GB-5.jpg,0,2.334542751312256,-4.708474636077881
GB-6,GB-6.jpg,7,8.575007438659668,-3.341672897338867
GB-7,GB-7.jpg,11,0.5889098048210144,-6.197510719299316
GB-8,GB-8.jpg,0,1.6569535732269287,-6.732084274291992
GB-9,GB-9.jpg,8,-3.7180426120758057,3.142695426940918
GB-10,GB-10.jpg,4,1.8196394443511963,3.7749197483062744
GB-11,GB-11.jpg,10,-7.023909091949463,1.4752655029296875
GB-12,GB-12.jpg,11,-0.23221391439437866,-6.430335521697998
GB-13,GB-13.jpg,8,-4.276302337646484,1.5264891386032104
GB-14,GB-14.jpg,11,-5.320119857788086,-9.27127456665039
GB-15,GB-15.jpg,5,-1.4009215831756592,3.4292280673980713
GB-16,GB-16.jpg,2,-5.637434482574463,-1.5493237972259521
GB-17,GB-17.jpg,6,-5.0545454025268555,5.174646854400635
GB-18,GB-18.jpg,2,-5.079456806182861,-0.5930292010307312
GB-19,GB-19.jpg,11,-2.7395620346069336,-4.169091701507568
GB-20,GB-20.jpg,2,-4.637364864349365,-0.860613226890564
GB-21,GB-21.jpg,7,9.508254051208496,1.613352656364441
GB-22,GB-22.jpg,4,2.8402256965637207,2.3090932369232178
GB-23,GB-23.jpg,0,1.5323165655136108,-2.27742338180542
GB-24,GB-24.jpg,8,0.7515252232551575,5.196678161621094
GB-25,GB-25.jpg,8,-0.022086139768362045,3.6375982761383057
GB-26,GB-26.jpg,8,-2.4542176723480225,1.768074870109558
GB-27,GB-27.jpg,3,1.9712257385253906,-3.174013137817383
GB-28,GB-28.jpg,7,9.315567016601562,1.1110289096832275
GB-29,GB-29.jpg,9,-1.7145236730575562,-0.44763368368148804
GB-30,GB-30.jpg,0,1.1513087749481201,-1.5166733264923096
GB-31,GB-31.jpg,7,4.909117221832275,1.3140605688095093
GB-32,GB-32.jpg,7,7.089567184448242,3.54263973236084
GB-33,GB-33.jpg,0,4.6912384033203125,-5.949949741363525
GB-34,GB-34.jpg,10,-4.021694183349609,0.36823710799217224
GB-35,GB-35.jpg,9,-1.2078123092651367,-0.20624633133411407
GB-36,GB-36.jpg,11,-0.5740790367126465,-3.7619266510009766
GB-37,GB-37.jpg,7,4.015944480895996,-1.4397701025009155
GB-38,GB-38.jpg,6,-3.8891994953155518,4.4052300453186035
GB-39,GB-39.jpg,1,11.22291088104248,1.9837695360183716
GB-40,GB-40.jpg,2,-4.818998336791992,-5.026175022125244
GB-41,GB-41.jpg,8,-0.9639552235603333,2.8032267093658447
GB-42,GB-42.jpg,9,-2.3093669414520264,-0.4737337827682495
GB-43,GB-43.jpg,2,-3.945415496826172,2.0172312259674072
GB-44,GB-44.jpg,0,1.333748698234558,-2.0562686920166016
GB-45,GB-45.jpg,2,-4.575221538543701,-1.2159459590911865
GB-46,GB-46.jpg,8,0.8612486720085144,4.522296905517578
GB-47,GB-47.jpg,4,2.6242711544036865,1.1161751747131348
GB-48,GB-48.jpg,9,-0.7082395553588867,1.085149884223938
GB-49,GB-49.jpg,6,-8.326654434204102,3.8205275535583496
GB-50,GB-50.jpg,8,0.9046496748924255,4.00341796875
GD-1,GD-1.jpg,0,2.633496046066284,-3.169811487197876
GD-2,GD-2.jpg,11,2.08133602142334,-3.4798336029052734
GD-3,GD-3.jpg,8,-2.9657368659973145,2.7272884845733643
GD-4,GD-4.jpg,7,5.618342399597168,-2.7889089584350586
GD-5,GD-5.jpg,5,-2.5834476947784424,-0.312924325466156
GD-6,GD-6.jpg,5,-3.3827152252197266,-0.8537825345993042
GD-7,GD-7.jpg,4,0.32207101583480835,1.8448762893676758
GD-8,GD-8.jpg,2,-6.568753719329834,-1.0066784620285034
GD-9,GD-9.jpg,2,-7.617164611816406,-1.4507907629013062
GD-10,GD-10.jpg,3,-4.996983528137207,-3.898902654647827
GD-11,GD-11.jpg,8,-4.262763977050781,1.3385016918182373
GD-12,GD-12.jpg,0,4.985045909881592,-5.943113327026367
GD-13,GD-13.jpg,11,-5.238056182861328,-7.910780906677246
GD-14,GD-14.jpg,4,2.385103225708008,1.533705711364746
GD-15,GD-15.jpg,2,-6.4949631690979,-2.404766798019409
GD-16,GD-16.jpg,11,-3.5559043884277344,-5.218904972076416
GD-17,GD-17.jpg,0,2.6303300857543945,-2.640198230743408
GD-18,GD-18.jpg,8,1.4021174907684326,4.045230865478516
GD-19,GD-19.jpg,8,-4.047793388366699,3.015972375869751
GD-20,GD-20.jpg,4,2.286440849304199,1.7679357528686523
GD-21,GD-21.jpg,7,3.8717923164367676,-2.373140335083008
GD-22,GD-22.jpg,2,-3.145923137664795,-1.8069247007369995
GD-23,GD-23.jpg,11,-1.0523271560668945,-8.316146850585938
GD-24,GD-24.jpg,5,-1.4906505346298218,-0.7546865940093994
GD-25,GD-25.jpg,3,-1.4906054735183716,-0.4286479949951172
GD-26,GD-26.jpg,2,-5.447623252868652,-0.6630601286888123
GD-27,GD-27.jpg,5,-2.9490180015563965,-0.09209787845611572
GD-28,GD-28.jpg,11,-0.5558985471725464,-4.532459735870361
GD-29,GD-29.jpg,5,1.509760856628418,-2.6830835342407227
GD-30,GD-30.jpg,2,-4.522305965423584,-1.8945906162261963
GD-31,GD-31.jpg,2,-7.653285026550293,0.15726934373378754
GD-32,GD-32.jpg,11,-3.442119598388672,-7.382174015045166
GD-33,GD-33.jpg,2,-2.857954263687134,-3.8931100368499756
GD-34,GD-34.jpg,4,5.149719715118408,1.8405317068099976
GD-35,GD-35.jpg,11,-2.368075370788574,-3.909308433532715
GD-36,GD-36.jpg,8,-4.73266077041626,3.5243239402770996
GD-37,GD-37.jpg,0,-0.7657166123390198,-2.5140745639801025
GD-38,GD-38.jpg,9,-1.0181986093521118,-0.24336761236190796
GD-39,GD-39.jpg,11,-1.281764030456543,-4.933989524841309
GD-40,GD-40.jpg,8,-2.6100752353668213,0.3273327052593231
GD-41,GD-41.jpg,3,2.6489641666412354,0.14662979543209076
GD-42,GD-42.jpg,3,0.03904276713728905,-2.671802043914795
GD-43,GD-43.jpg,3,-2.3054416179656982,0.1608491986989975
GD-44,GD-44.jpg,5,2.709723711013794,-4.446292877197266
GD-45,GD-45.jpg,3,2.141587972640991,-0.6204479932785034
GD-46,GD-46.jpg,5,3.940983295440674,1.4294744729995728
GD-47,GD-47.jpg,9,2.938768148422241,-2.172804117202759
GD-48,GD-48.jpg,3,-1.9549596309661865,0.6002135872840881
GD-49,GD-49.jpg,2,-6.290111541748047,-4.497331619262695
GD-50,GD-50.jpg,9,2.3200459480285645,-3.1136298179626465
GE-1,GE-1.jpg,7,7.005111217498779,-0.481869637966156
GE-2,GE-2.jpg,11,0.952621340751648,-3.935012102127075
GE-3,GE-3.jpg,0,5.475656509399414,-4.118061065673828
GE-4,GE-4.jpg,5,3.482412099838257,-0.0959637314081192
GE-5,GE-5.jpg,2,-3.8740429878234863,0.7204055786132812
GE-6,GE-6.jpg,8,-2.6759514808654785,0.706612765789032
GE-7,GE-7.jpg,3,1.0504070520401,-5.062304973602295
GE-8,GE-8.jpg,0,3.597374677658081,-6.4274115562438965
GE-9,GE-9.jpg,6,-6.1761393547058105,5.385876655578613
GE-10,GE-10.jpg,9,-1.1182897090911865,0.43467098474502563
GE-11,GE-11.jpg,0,1.3966877460479736,-2.5179898738861084
GE-12,GE-12.jpg,5,0.4379158020019531,-5.129077911376953
GE-13,GE-13.jpg,11,-3.150104284286499,-4.360085487365723
GE-14,GE-14.jpg,8,-3.9163572788238525,3.119387626647949
GE-15,GE-15.jpg,5,-1.3365771770477295,0.010056085884571075
GE-16,GE-16.jpg,0,2.481823682785034,-5.17610502243042
GE-17,GE-17.jpg,9,2.830681800842285,-0.5394194722175598
GE-18,GE-18.jpg,7,4.12144136428833,0.5231881141662598
GE-19,GE-19.jpg,5,0.0931149572134018,-2.7950003147125244
GE-20,GE-20.jpg,9,-0.6452769041061401,-1.8942010402679443
GE-21,GE-21.jpg,8,0.2592669129371643,4.280819892883301
GE-22,GE-22.jpg,5,0.0142640620470047,-0.356023371219635
GE-23,GE-23.jpg,4,-1.3599040508270264,2.3392038345336914
GE-24,GE-24.jpg,6,-8.645832061767578,5.152527809143066
GE-25,GE-25.jpg,0,3.120558500289917,-6.903766632080078
GE-26,GE-26.jpg,0,2.207242488861084,-2.202411651611328
GE-27,GE-27.jpg,0,2.702561378479004,-7.42889404296875
GE-28,GE-28.jpg,5,0.6751951575279236,-2.9062447547912598
GE-29,GE-29.jpg,4,2.4090168476104736,4.325329303741455
GE-30,GE-30.jpg,9,0.5203075408935547,-0.038150858134031296
GE-31,GE-31.jpg,2,-3.7349956035614014,-0.527330756187439
GE-32,GE-32.jpg,8,-2.1441843509674072,0.9856516718864441
GE-33,GE-33.jpg,8,-4.462271213531494,1.9225654602050781
GE-34,GE-34.jpg,7,3.641864061355591,2.9489998817443848
GE-35,GE-35.jpg,7,5.442843914031982,0.1742234081029892
GE-36,GE-36.jpg,6,-7.338442325592041,3.2408647537231445
GE-37,GE-37.jpg,7,4.569216728210449,-2.567256450653076
GE-38,GE-38.jpg,7,4.3574090003967285,-1.9143364429473877
GE-39,GE-39.jpg,7,6.712812423706055,1.173729658126831
GE-40,GE-40.jpg,0,1.6740139722824097,-4.429116725921631
GE-41,GE-41.jpg,5,1.0161349773406982,-2.690593957901001
GE-42,GE-42.jpg,9,-1.5359896421432495,0.39956578612327576
GE-43,GE-43.jpg,8,2.0297024250030518,2.522900104522705
GE-44,GE-44.jpg,2,-5.744078159332275,0.615506649017334
GE-45,GE-45.jpg,7,8.523873329162598,0.21416005492210388
GE-46,GE-46.jpg,3,1.9519788026809692,4.913212776184082
GE-47,GE-47.jpg,9,1.6531517505645752,-1.9049510955810547
GE-48,GE-48.jpg,5,1.6434956789016724,3.8060882091522217
GE-49,GE-49.jpg,7,3.7183985710144043,0.4593924880027771
GE-50,GE-50.jpg,8,-1.0823650360107422,1.4304429292678833
GF-1,GF-1.jpg,2,-7.174554824829102,-0.12648849189281464
GF-2,GF-2.jpg,2,-5.473372936248779,-1.7843903303146362
GF-3,GF-3.jpg,9,-0.11368764191865921,-3.5248427391052246
GF-4,GF-4.jpg,5,-1.205046534538269,1.476757526397705
GF-5,GF-5.jpg,2,-3.9972684383392334,0.6122240424156189
GF-6,GF-6.jpg,7,4.133883953094482,-0.5443946123123169
GF-7,GF-7.jpg,3,-2.9016218185424805,0.18124660849571228
GF-8,GF-8.jpg,0,0.6133831739425659,-9.170860290527344
GF-9,GF-9.jpg,2,-7.289454460144043,-0.16454662382602692
GF-10,GF-10.jpg,9,-0.5218703746795654,-0.8555208444595337
GF-11,GF-11.jpg,6,-6.340872287750244,2.5382187366485596
GF-12,GF-12.jpg,2,-4.272032737731934,-1.5915089845657349
GF-13,GF-13.jpg,0,4.329925060272217,-6.398487567901611
GF-14,GF-14.jpg,7,4.746270179748535,-0.7735801935195923
GF-15,GF-15.jpg,2,-5.425774097442627,-1.8409714698791504
GF-16,GF-16.jpg,4,3.0747363567352295,4.0074028968811035
GF-17,GF-17.jpg,6,-6.340900421142578,2.53826642036438
GF-18,GF-18.jpg,2,-4.675723552703857,-1.2178179025650024
GF-19,GF-19.jpg,3,-2.98512864112854,-2.3993899822235107
GF-20,GF-20.jpg,2,-5.425774097442627,-1.8409714698791504
GF-21,GF-21.jpg,4,1.893698811531067,2.4060916900634766
GF-22,GF-22.jpg,2,-4.371281623840332,-0.5787868499755859
GF-23,GF-23.jpg,7,5.462923526763916,-1.5638540983200073
GF-24,GF-24.jpg,5,-1.0865083932876587,0.9795196056365967
GF-25,GF-25.jpg,8,-3.213362455368042,1.2129595279693604
GF-26,GF-26.jpg,9,0.05173976719379425,-1.139662504196167
GF-27,GF-27.jpg,2,-5.368039608001709,-1.8426209688186646
GF-28,GF-28.jpg,5,-1.205046534538269,1.476757526397705
GF-29,GF-29.jpg,2,-3.54128098487854,-1.9827985763549805
GF-30,GF-30.jpg,9,-0.5218703746795654,-0.8555208444595337
GF-31,GF-31.jpg,2,-4.038396835327148,0.6653116345405579
GF-32,GF-32.jpg,3,1.9110685586929321,-3.4908721446990967
GF-33,GF-33.jpg,3,-2.1940433979034424,-0.6230965852737427
GF-34,GF-34.jpg,7,5.129884243011475,-2.607210397720337
GF-35,GF-35.jpg,9,0.203790545463562,0.6806285977363586
GF-36,GF-36.jpg,2,-2.8866426944732666,-0.25662243366241455
GF-37,GF-37.jpg,6,-7.04347038269043,2.0167417526245117
GF-38,GF-38.jpg,6,-6.443490982055664,0.4188010096549988
GF-39,GF-39.jpg,2,-4.28933048248291,-2.1329026222229004
GF-40,GF-40.jpg,8,-0.14141033589839935,1.2005271911621094
GF-41,GF-41.jpg,2,-4.547644138336182,1.9967924356460571
GF-42,GF-42.jpg,6,-8.115126609802246,3.4351301193237305
GF-43,GF-43.jpg,2,-3.5646941661834717,-3.011692762374878
GF-44,GF-44.jpg,9,-3.0365304946899414,-1.9186183214187622
GF-45,GF-45.jpg,3,-4.286900997161865,1.6234800815582275
GF-46,GF-46.jpg,3,-2.0717406272888184,-2.1126675605773926
GF-47,GF-47.jpg,9,0.7542422413825989,-2.68790864944458
GF-48,GF-48.jpg,2,-2.728795051574707,0.21772390604019165
GF-49,GF-49.jpg,7,6.45449161529541,-0.888140082359314
GF-50,GF-50.jpg,3,-2.7918553352355957,1.2761328220367432
GH-1,GH-1.jpg,2,-4.286694049835205,-1.1127681732177734
GH-2,GH-2.jpg,1,6.338382720947266,2.6090760231018066
GH-3,GH-3.jpg,9,2.151634454727173,-0.06590616703033447
GH-4,GH-4.jpg,9,0.8091334104537964,-2.4474873542785645
GH-5,GH-5.jpg,2,-3.409015417098999,-2.332524538040161
GH-6,GH-6.jpg,8,-0.3766110837459564,2.0743088722229004
GH-7,GH-7.jpg,3,1.2975438833236694,0.5810404419898987
GH-8,GH-8.jpg,9,-3.173454761505127,0.07462282478809357
GH-9,GH-9.jpg,9,1.2655220031738281,-0.9591058492660522
GH-10,GH-10.jpg,9,-1.9235562086105347,-0.35117778182029724
GH-11,GH-11.jpg,9,0.8647392392158508,-1.6470134258270264
GH-12,GH-12.jpg,9,-0.44647979736328125,-2.3689119815826416
GH-13,GH-13.jpg,0,2.2371931076049805,-7.01008415222168
GH-14,GH-14.jpg,8,-0.6768311262130737,5.720759391784668
GH-15,GH-15.jpg,8,-0.3724428117275238,1.7173880338668823
GH-16,GH-16.jpg,0,0.9931166172027588,-7.486960411071777
GH-17,GH-17.jpg,4,2.899590253829956,0.6222023367881775
GH-18,GH-18.jpg,9,-2.4849531650543213,0.33969631791114807
GH-19,GH-19.jpg,9,0.9468429088592529,-2.2093958854675293
GH-20,GH-20.jpg,9,-0.4941076934337616,-2.169375419616699
GH-21,GH-21.jpg,3,-0.5387198328971863,-0.49968957901000977
GH-22,GH-22.jpg,3,-1.2697131633758545,0.7133374214172363
GH-23,GH-23.jpg,1,7.797751426696777,3.551877021789551
GH-24,GH-24.jpg,9,0.4281608462333679,-0.3830133080482483
GH-25,GH-25.jpg,5,2.3308236598968506,-3.0186400413513184
GH-26,GH-26.jpg,7,3.6032485961914062,-0.42457813024520874
GH-27,GH-27.jpg,3,-1.8957942724227905,-3.5231449604034424
GH-28,GH-28.jpg,8,-2.9731664657592773,4.898265838623047
GH-29,GH-29.jpg,0,1.9071855545043945,-4.933953762054443
GH-30,GH-30.jpg,3,0.6402525901794434,-0.1829051673412323
GH-31,GH-31.jpg,3,-3.6584322452545166,-0.5456672310829163
GH-32,GH-32.jpg,3,-4.632794380187988,-0.997700035572052
GH-33,GH-33.jpg,4,2.696880578994751,0.7262844443321228
GH-34,GH-34.jpg,4,2.399848222732544,3.1009833812713623
GH-35,GH-35.jpg,11,-1.1189942359924316,-4.43192195892334
GH-36,GH-36.jpg,1,7.167745590209961,2.1538636684417725
GH-37,GH-37.jpg,1,8.488720893859863,3.599107503890991
GH-38,GH-38.jpg,3,-0.4570123255252838,0.7697019577026367
GH-39,GH-39.jpg,3,0.7740387916564941,2.7936196327209473
GH-40,GH-40.jpg,4,6.085198879241943,1.890538215637207
GH-41,GH-41.jpg,9,1.7271790504455566,0.07541273534297943
GH-42,GH-42.jpg,9,0.008293893188238144,-1.3157789707183838
GH-43,GH-43.jpg,4,1.161894679069519,2.977987051010132
GH-44,GH-44.jpg,9,1.1400644779205322,0.2085510492324829
GH-45,GH-45.jpg,9,1.0680938959121704,1.2990257740020752
GH-46,GH-46.jpg,3,1.3854987621307373,0.38802796602249146
GH-47,GH-47.jpg,9,-1.038087010383606,-2.6239328384399414
GH-48,GH-48.jpg,1,6.732906818389893,1.641980767250061
GH-49,GH-49.jpg,2,-5.082265853881836,-0.3397652804851532
GH-50,GH-50.jpg,4,6.976468563079834,2.928255558013916
GI-1,GI-1.jpg,9,0.33775100111961365,-2.1929993629455566
GI-2,GI-2.jpg,4,2.3261642456054688,2.1055352687835693
GI-3,GI-3.jpg,10,-1.8805186748504639,6.785118103027344
GI-4,GI-4.jpg,9,0.04270274564623833,-1.706912875175476
GI-5,GI-5.jpg,4,2.522669792175293,0.0779103934764862
GI-6,GI-6.jpg,8,0.6119382381439209,1.4599653482437134
GI-7,GI-7.jpg,9,1.7453011274337769,0.7280150055885315
GI-8,GI-8.jpg,9,-1.3434882164001465,-0.15914012491703033
GI-9,GI-9.jpg,0,6.608780860900879,-2.075235366821289
GI-10,GI-10.jpg,6,-8.668379783630371,-0.39647290110588074
GI-11,GI-11.jpg,11,-4.229097843170166,-5.885120391845703
GI-12,GI-12.jpg,4,0.06926952302455902,2.21177077293396
GI-13,GI-13.jpg,3,1.0516654253005981,1.840591549873352
GI-14,GI-14.jpg,5,1.206381916999817,-4.004640579223633
GI-15,GI-15.jpg,0,6.1327714920043945,-3.8197507858276367
GI-16,GI-16.jpg,5,-2.6666014194488525,-2.282994508743286
GI-17,GI-17.jpg,4,0.24406899511814117,0.5632532835006714
GI-18,GI-18.jpg,9,0.3767685294151306,0.15045283734798431
GI-19,GI-19.jpg,1,6.138247489929199,2.847660541534424
GI-20,GI-20.jpg,9,-0.5008848309516907,-1.3961163759231567
GI-21,GI-21.jpg,5,-1.800486445426941,2.2893717288970947
GI-22,GI-22.jpg,4,-0.23672322928905487,3.82098388671875
GI-23,GI-23.jpg,10,3.248563051223755,4.734043598175049
GI-24,GI-24.jpg,9,4.060113430023193,-0.7151603698730469
GI-25,GI-25.jpg,9,-0.45518040657043457,-1.4831260442733765
GI-26,GI-26.jpg,9,0.541438102722168,-2.254336357116699
GI-27,GI-27.jpg,9,1.9219633340835571,-1.1874722242355347
GI-28,GI-28.jpg,9,-0.729731559753418,-1.1221805810928345
GI-29,GI-29.jpg,5,-0.8355440497398376,-4.41233491897583
GI-30,GI-30.jpg,11,0.6108716726303101,-5.475618362426758
GI-31,GI-31.jpg,9,1.6811401844024658,0.046426400542259216
GI-32,GI-32.jpg,9,-1.0038273334503174,-1.6852741241455078
GI-33,GI-33.jpg,9,-0.5253910422325134,-2.7266552448272705
GI-34,GI-34.jpg,2,-7.1549763679504395,-2.5521950721740723
GI-35,GI-35.jpg,9,-1.9615384340286255,-0.34975695610046387
GI-36,GI-36.jpg,3,-0.03494323417544365,-0.29201486706733704
GI-37,GI-37.jpg,11,-0.6430331468582153,-4.619057655334473
GI-38,GI-38.jpg,3,-2.5529778003692627,0.45003542304039
GI-39,GI-39.jpg,7,6.464133262634277,2.568002223968506
GI-40,GI-40.jpg,5,-0.8880578875541687,-3.4987668991088867
GI-41,GI-41.jpg,9,1.676165223121643,-1.8425549268722534
GI-42,GI-42.jpg,0,0.5612155795097351,-5.575970649719238
GI-43,GI-43.jpg,9,0.08963635563850403,-1.215623378753662
GI-44,GI-44.jpg,9,-0.04138600453734398,-2.4489877223968506
GI-45,GI-45.jpg,10,-3.319584369659424,3.448413133621216
GI-46,GI-46.jpg,9,0.5817922949790955,-1.7090604305267334
GI-47,GI-47.jpg,8,0.3388408422470093,3.319643497467041
GI-48,GI-48.jpg,11,-2.109957218170166,-3.5610885620117188
GI-49,GI-49.jpg,7,8.168661117553711,-1.4754798412322998
GI-50,GI-50.jpg,11,-4.4790730476379395,-3.803638458251953
GL-1,GL-1.jpg,5,0.8750246167182922,0.4855274558067322
GL-2,GL-2.jpg,2,-5.286914825439453,-3.7083182334899902
GL-3,GL-3.jpg,0,4.520168781280518,-2.1133198738098145
GL-4,GL-4.jpg,7,5.756782054901123,-4.5167460441589355
GL-5,GL-5.jpg,7,5.035583972930908,-2.4381484985351562
GL-6,GL-6.jpg,2,-6.777153968811035,-1.0236070156097412
GL-7,GL-7.jpg,7,4.713283538818359,1.7581945657730103
GL-8,GL-8.jpg,11,-0.934590756893158,-7.7894697189331055
GL-9,GL-9.jpg,2,-2.8634488582611084,-1.743566870689392
GL-10,GL-10.jpg,8,-3.256080389022827,2.0366055965423584
GL-11,GL-11.jpg,4,6.09527063369751,3.878056526184082
GL-12,GL-12.jpg,9,-1.7623069286346436,-0.26233845949172974
GL-13,GL-13.jpg,2,-2.489983558654785,-1.4893112182617188
GL-14,GL-14.jpg,11,-0.0802144706249237,-8.225383758544922
GL-15,GL-15.jpg,11,-2.065432071685791,-3.8523216247558594
GL-16,GL-16.jpg,6,-6.114281177520752,3.1370251178741455
GL-17,GL-17.jpg,11,0.4145745038986206,-2.841641902923584
GL-18,GL-18.jpg,2,-3.316760778427124,-3.246532440185547
GL-19,GL-19.jpg,11,-2.2457125186920166,-4.503664493560791
GL-20,GL-20.jpg,0,3.515963315963745,-5.1007513999938965
GL-21,GL-21.jpg,1,10.273000717163086,2.596611499786377
GL-22,GL-22.jpg,3,-1.175042748451233,0.5385284423828125
GL-23,GL-23.jpg,10,-8.441193580627441,5.270474433898926
GL-24,GL-24.jpg,7,4.060124397277832,-0.46764689683914185
GL-25,GL-25.jpg,6,-4.406129360198975,2.9656291007995605
GL-26,GL-26.jpg,5,-3.531898260116577,-2.02081561088562
GL-27,GL-27.jpg,5,3.2609968185424805,-1.8131306171417236
GL-28,GL-28.jpg,11,-1.5411162376403809,-7.110975742340088
GL-29,GL-29.jpg,4,4.858822822570801,3.105775833129883
GL-30,GL-30.jpg,6,-8.721848487854004,4.476980686187744
GL-31,GL-31.jpg,9,-0.644864022731781,1.5732835531234741
GL-32,GL-32.jpg,2,-4.558140277862549,0.5983413457870483
GL-33,GL-33.jpg,2,-2.2360870838165283,-1.1104704141616821
GL-34,GL-34.jpg,2,-1.945818305015564,0.5099977850914001
GL-35,GL-35.jpg,11,-0.3343842029571533,-3.8209519386291504
GL-36,GL-36.jpg,8,-2.964684009552002,0.1148376315832138
GL-37,GL-37.jpg,2,-3.4824185371398926,-2.588534116744995
GL-38,GL-38.jpg,11,-0.9286936521530151,-4.502130508422852
GL-39,GL-39.jpg,11,-1.7141493558883667,-7.503175258636475
GL-40,GL-40.jpg,1,7.598731994628906,2.4491536617279053
GL-41,GL-41.jpg,4,-0.5961478352546692,3.130685329437256
GL-42,GL-42.jpg,5,3.7905447483062744,-0.3625487983226776
GL-43,GL-43.jpg,8,-1.3108831644058228,3.520566701889038
GL-44,GL-44.jpg,4,3.0259640216827393,2.1971709728240967
GL-45,GL-45.jpg,2,-4.70497989654541,-0.5017983913421631
GL-46,GL-46.jpg,10,-8.802164077758789,7.373315811157227
GL-47,GL-47.jpg,5,3.051884174346924,-2.0011258125305176
GL-48,GL-48.jpg,2,-7.272089004516602,-2.257702350616455
GL-49,GL-49.jpg,2,-3.5835607051849365,-0.8194485902786255
GL-50,GL-50.jpg,2,-6.8871169090271,-2.547305107116699
GM-1,GM-1.jpg,8,-1.0521408319473267,2.3542139530181885
GM-2,GM-2.jpg,8,-3.9108388423919678,7.431159019470215
GM-3,GM-3.jpg,9,-0.9491836428642273,1.0266735553741455
GM-4,GM-4.jpg,8,-3.9181041717529297,1.0173550844192505
GM-5,GM-5.jpg,8,-3.649054765701294,4.278541088104248
GM-6,GM-6.jpg,0,4.084864616394043,-3.4658987522125244
GM-7,GM-7.jpg,2,-3.2723610401153564,-1.7865313291549683
GM-8,GM-8.jpg,0,3.0195560455322266,-2.502234697341919
GM-9,GM-9.jpg,9,1.0486209392547607,-2.9797332286834717
GM-10,GM-10.jpg,7,7.130849361419678,-1.2619911432266235
GM-11,GM-11.jpg,0,3.7381224632263184,-2.948861598968506
GM-12,GM-12.jpg,0,3.7977712154388428,-2.9316391944885254
GM-13,GM-13.jpg,2,-2.948939085006714,-0.2221171259880066
GM-14,GM-14.jpg,7,7.130849361419678,-1.2619911432266235
GM-15,GM-15.jpg,9,1.764412522315979,-0.2009950578212738
GM-16,GM-16.jpg,0,3.7977712154388428,-2.9316391944885254
GM-17,GM-17.jpg,8,-4.49431037902832,3.5207996368408203
GM-18,GM-18.jpg,7,4.256908416748047,-2.8499538898468018
GM-19,GM-19.jpg,8,-3.68788743019104,0.9143051505088806
GM-20,GM-20.jpg,2,-2.948939085006714,-0.2221171259880066
GM-21,GM-21.jpg,9,1.764412522315979,-0.2009950578212738
GM-22,GM-22.jpg,7,7.15755033493042,-0.27026060223579407
GM-23,GM-23.jpg,7,7.188385009765625,-1.2276033163070679
GM-24,GM-24.jpg,8,-4.890991687774658,3.747189998626709
GM-25,GM-25.jpg,9,1.0486209392547607,-2.9797332286834717
GM-26,GM-26.jpg,9,-0.9491836428642273,1.0266735553741455
GM-27,GM-27.jpg,8,-0.6288812160491943,7.2931318283081055
GM-28,GM-28.jpg,5,1.3943766355514526,-3.3538618087768555
GM-29,GM-29.jpg,8,-3.398608684539795,3.1381354331970215
GM-30,GM-30.jpg,9,-0.05075031891465187,1.9016317129135132
GM-31,GM-31.jpg,8,-1.7873114347457886,7.787463665008545
GM-32,GM-32.jpg,9,3.135887622833252,-1.643734335899353
GM-33,GM-33.jpg,2,-2.948939085006714,-0.2221171259880066
GM-34,GM-34.jpg,5,1.3943766355514526,-3.3538618087768555
GM-35,GM-35.jpg,5,1.3943766355514526,-3.3538618087768555
GM-36,GM-36.jpg,9,1.0486209392547607,-2.9797332286834717
GM-37,GM-37.jpg,7,7.130849361419678,-1.2619911432266235
GM-38,GM-38.jpg,4,4.84105920791626,-0.36264482140541077
GM-39,GM-39.jpg,2,-2.948939085006714,-0.2221171259880066
GM-40,GM-40.jpg,9,1.0486209392547607,-2.9797332286834717
GM-41,GM-41.jpg,0,3.7381224632263184,-2.948861598968506
GM-42,GM-42.jpg,2,-3.288776159286499,0.29097551107406616
GM-43,GM-43.jpg,7,7.130849361419678,-1.2619911432266235
GM-44,GM-44.jpg,9,1.0486209392547607,-2.9797332286834717
GM-45,GM-45.jpg,7,7.130849361419678,-1.2619911432266235
GM-46,GM-46.jpg,11,-3.202300786972046,-2.726531744003296
GM-47,GM-47.jpg,5,1.3943766355514526,-3.3538618087768555
GM-48,GM-48.jpg,0,3.7977712154388428,-2.9316391944885254
GM-49,GM-49.jpg,2,-3.2723610401153564,-1.7865313291549683
GM-50,GM-50.jpg,8,-3.5153541564941406,2.4483017921447754
GN-1,GN-1.jpg,3,-1.3140922784805298,-4.942758083343506
GN-2,GN-2.jpg,3,-1.9536913633346558,-0.9874603748321533
GN-3,GN-3.jpg,11,-2.4542148113250732,-3.440244197845459
GN-4,GN-4.jpg,3,-3.4095003604888916,0.5940560698509216
GN-5,GN-5.jpg,11,-4.165196895599365,-7.184606552124023
GN-6,GN-6.jpg,8,1.122183918952942,6.958362102508545
GN-7,GN-7.jpg,9,1.472934365272522,1.3085718154907227
GN-8,GN-8.jpg,8,-3.031832695007324,3.7940471172332764
GN-9,GN-9.jpg,0,0.6880118250846863,1.2588139772415161
GN-10,GN-10.jpg,8,1.1970926523208618,6.493675708770752
GN-11,GN-11.jpg,2,-3.559278964996338,-2.975907564163208
GN-12,GN-12.jpg,1,6.2284955978393555,5.285738468170166
GN-13,GN-13.jpg,6,-6.030425071716309,5.26741361618042
GN-14,GN-14.jpg,2,-4.025885581970215,1.581465482711792
GN-15,GN-15.jpg,6,-5.139867305755615,4.587032794952393
GN-16,GN-16.jpg,9,-1.2906244993209839,-0.2513648569583893
GN-17,GN-17.jpg,9,0.0703318789601326,0.518128514289856
GN-18,GN-18.jpg,5,3.2784276008605957,-1.773300051689148
GN-19,GN-19.jpg,7,4.571684837341309,-3.5839266777038574
GN-20,GN-20.jpg,9,-1.9121311902999878,-1.82448410987854
GN-21,GN-21.jpg,9,1.985876441001892,0.06507374346256256
GN-22,GN-22.jpg,9,-1.8980685472488403,-1.0815010070800781
GN-23,GN-23.jpg,1,7.902507781982422,5.33829927444458
GN-24,GN-24.jpg,1,8.587970733642578,3.9381322860717773
GN-25,GN-25.jpg,9,0.25096672773361206,-0.20757442712783813
GN-26,GN-26.jpg,1,5.884566307067871,4.052669048309326
GN-27,GN-27.jpg,8,0.5578870177268982,1.2618257999420166
GN-28,GN-28.jpg,4,0.12498641759157181,2.7076756954193115
GN-29,GN-29.jpg,8,0.8917244076728821,8.785030364990234
GN-30,GN-30.jpg,4,5.021312236785889,2.563150644302368
GN-31,GN-31.jpg,1,9.124187469482422,3.901787042617798
GN-32,GN-32.jpg,1,8.075260162353516,4.5693864822387695
GN-33,GN-33.jpg,8,1.0049563646316528,2.3580470085144043
GN-34,GN-34.jpg,8,-4.243581295013428,1.7096407413482666
GN-35,GN-35.jpg,9,0.8678020238876343,-0.16231006383895874
GN-36,GN-36.jpg,1,8.265422821044922,7.1656317710876465
GN-37,GN-37.jpg,3,-1.21177077293396,0.5221489071846008
GN-38,GN-38.jpg,11,-1.0618579387664795,-5.107701301574707
GN-39,GN-39.jpg,8,2.1262216567993164,7.696051597595215
GN-40,GN-40.jpg,3,-1.4592970609664917,-2.804591417312622
GN-41,GN-41.jpg,4,-0.21853049099445343,4.930944442749023
GN-42,GN-42.jpg,4,2.8790977001190186,0.7488449811935425
GN-43,GN-43.jpg,9,-1.91159188747406,0.32155609130859375
GN-44,GN-44.jpg,4,0.6329776644706726,2.605782985687256
GN-45,GN-45.jpg,3,-1.6988621950149536,-1.374538779258728
GN-46,GN-46.jpg,4,3.242208480834961,4.658590316772461
GN-47,GN-47.jpg,4,2.445671796798706,1.5228785276412964
GN-48,GN-48.jpg,4,1.858336091041565,2.938769578933716
GN-49,GN-49.jpg,4,4.754421710968018,-0.16999012231826782
GN-50,GN-50.jpg,7,3.9717836380004883,-2.1502809524536133
GP-1,GP-1.jpg,9,1.1725059747695923,-1.7812891006469727
GP-2,GP-2.jpg,4,4.048314571380615,1.0455684661865234
GP-3,GP-3.jpg,5,1.5860168933868408,-2.597700357437134
GP-4,GP-4.jpg,2,-2.1239709854125977,-0.30894196033477783
GP-5,GP-5.jpg,5,2.3297507762908936,1.0399490594863892
GP-6,GP-6.jpg,9,-0.3888179063796997,-0.16118186712265015
GP-7,GP-7.jpg,10,-4.69157600402832,6.145764350891113
GP-8,GP-8.jpg,5,1.2499436140060425,-0.2229183167219162
GP-9,GP-9.jpg,3,-1.882349967956543,-0.3062559962272644
GP-10,GP-10.jpg,11,0.4058125913143158,-8.01773738861084
GP-11,GP-11.jpg,5,0.6137388348579407,-0.9721744060516357
GP-12,GP-12.jpg,2,-3.7151527404785156,-1.6588937044143677
GP-13,GP-13.jpg,2,-4.764941692352295,0.3709370493888855
GP-14,GP-14.jpg,3,-3.1660523414611816,-2.1776769161224365
GP-15,GP-15.jpg,8,-1.1402723789215088,2.4211578369140625
GP-16,GP-16.jpg,8,-0.7618038654327393,3.9480886459350586
GP-17,GP-17.jpg,6,-4.260401725769043,3.038547992706299
GP-18,GP-18.jpg,9,-0.575953483581543,-1.5875643491744995
GP-19,GP-19.jpg,8,-3.2824697494506836,3.778815984725952
GP-20,GP-20.jpg,5,-0.87723708152771,-1.6864858865737915
GP-21,GP-21.jpg,5,0.0788632407784462,0.5178408026695251
GP-22,GP-22.jpg,7,9.353278160095215,0.42089104652404785
GP-23,GP-23.jpg,9,-2.180342435836792,-1.4870469570159912
GP-24,GP-24.jpg,5,-1.7763581275939941,1.5575312376022339
GP-25,GP-25.jpg,0,5.645925045013428,-2.3167974948883057
GP-26,GP-26.jpg,5,-2.2230610847473145,-4.805203914642334
GP-27,GP-27.jpg,8,-4.289177417755127,2.9695687294006348
GP-28,GP-28.jpg,9,-1.586540699005127,0.1442091464996338
GP-29,GP-29.jpg,2,-7.720438003540039,-1.4538954496383667
GP-30,GP-30.jpg,8,-4.517822265625,7.747674942016602
GP-31,GP-31.jpg,9,-1.3638795614242554,0.30257391929626465
GP-32,GP-32.jpg,9,-1.9982134103775024,-1.61863112449646
GP-33,GP-33.jpg,0,4.589696884155273,-5.189702987670898
GP-34,GP-34.jpg,5,1.4636110067367554,-2.4869351387023926
GP-35,GP-35.jpg,5,1.503749132156372,-1.330047845840454
GP-36,GP-36.jpg,5,1.361128330230713,-2.0272538661956787
GP-37,GP-37.jpg,7,6.192607402801514,-0.4596353769302368
GP-38,GP-38.jpg,4,2.3824985027313232,8.318827629089355
GP-39,GP-39.jpg,4,0.5710599422454834,1.861798882484436
GP-40,GP-40.jpg,8,-2.9496052265167236,2.4321553707122803
GP-41,GP-41.jpg,4,2.6006877422332764,3.4857053756713867
GP-42,GP-42.jpg,4,4.303094387054443,1.5163702964782715
GP-43,GP-43.jpg,4,3.2287356853485107,1.0273196697235107
GP-44,GP-44.jpg,3,1.4008753299713135,-3.8735272884368896
GP-45,GP-45.jpg,5,-0.17669042944908142,3.796008348464966
GP-46,GP-46.jpg,5,-0.7334756851196289,-0.829914391040802
GP-47,GP-47.jpg,9,-1.8305413722991943,-0.19045117497444153
GP-48,GP-48.jpg,4,3.4877545833587646,5.178094387054443
GP-49,GP-49.jpg,2,-6.756511211395264,1.8193103075027466
GP-50,GP-50.jpg,2,-3.0699377059936523,-1.6460679769515991
GR-1,GR-1.jpg,4,3.3538389205932617,3.1086928844451904
GR-2,GR-2.jpg,9,1.1934285163879395,1.7996903657913208
GR-3,GR-3.jpg,9,3.4955551624298096,-2.3776566982269287
GR-4,GR-4.jpg,0,2.820391893386841,-1.1156057119369507
GR-5,GR-5.jpg,2,-4.043707370758057,0.5444008708000183
GR-6,GR-6.jpg,8,-2.7302849292755127,3.617598533630371
GR-7,GR-7.jpg,9,-0.20548728108406067,-1.1926571130752563
GR-8,GR-8.jpg,2,-3.7118470668792725,0.5289223194122314
GR-9,GR-9.jpg,9,-0.20249727368354797,-2.342796564102173
GR-10,GR-10.jpg,11,-3.5114238262176514,-3.680102586746216
GR-11,GR-11.jpg,0,1.142627239227295,-5.579437255859375
GR-12,GR-12.jpg,8,-2.565242290496826,4.997021198272705
GR-13,GR-13.jpg,3,-1.9881025552749634,-1.495072603225708
GR-14,GR-14.jpg,0,3.6817948818206787,-3.7213730812072754
GR-15,GR-15.jpg,9,-1.44215726852417,-0.6564655900001526
GR-16,GR-16.jpg,8,-3.4640278816223145,5.954375267028809
GR-17,GR-17.jpg,2,-5.251484394073486,1.4686161279678345
GR-18,GR-18.jpg,4,2.4970641136169434,1.304965615272522
GR-19,GR-19.jpg,11,-1.117331862449646,-4.1394362449646
GR-20,GR-20.jpg,0,2.398590087890625,-1.4726463556289673
GR-21,GR-21.jpg,4,4.688504219055176,7.041776657104492
GR-22,GR-22.jpg,9,0.5786934494972229,-2.113374710083008
GR-23,GR-23.jpg,0,3.6288340091705322,-2.926077127456665
GR-24,GR-24.jpg,8,-1.0943843126296997,1.5511586666107178
GR-25,GR-25.jpg,5,3.1589250564575195,-0.9634788036346436
GR-26,GR-26.jpg,10,-0.6281893849372864,5.141514301300049
GR-27,GR-27.jpg,9,2.3473188877105713,-1.0947637557983398
GR-28,GR-28.jpg,9,1.486678957939148,-1.7199958562850952
GR-29,GR-29.jpg,11,-2.388921022415161,-5.421708583831787
GR-30,GR-30.jpg,11,-3.0275962352752686,-5.072885036468506
GR-31,GR-31.jpg,3,-4.760451316833496,-0.6708093285560608
GR-32,GR-32.jpg,5,0.15710534155368805,-2.1733205318450928
GR-33,GR-33.jpg,5,-1.2301645278930664,-4.605538368225098
GR-34,GR-34.jpg,10,-4.899673938751221,6.7049384117126465
GR-35,GR-35.jpg,2,-2.4468891620635986,-0.803858757019043
GR-36,GR-36.jpg,11,0.10663473606109619,-5.950644493103027
GR-37,GR-37.jpg,2,-4.845941543579102,-2.0881001949310303
GR-38,GR-38.jpg,5,-0.8405523300170898,-4.230867385864258
GR-39,GR-39.jpg,9,-0.32727447152137756,-1.0873867273330688
GR-40,GR-40.jpg,2,-3.5156826972961426,-5.296622276306152
GR-41,GR-41.jpg,9,1.0039564371109009,-0.49995023012161255
GR-42,GR-42.jpg,7,3.183986186981201,-1.57500422000885
GR-43,GR-43.jpg,3,0.2850278615951538,-2.5541324615478516
GR-44,GR-44.jpg,7,9.219001770019531,-2.2060253620147705
GR-45,GR-45.jpg,7,6.167027950286865,-0.16714182496070862
GR-46,GR-46.jpg,8,-2.218390941619873,0.8958025574684143
GR-47,GR-47.jpg,7,3.6362204551696777,-0.02225068025290966
GR-48,GR-48.jpg,8,0.6578532457351685,2.825291872024536
GR-49,GR-49.jpg,5,-1.6105083227157593,-1.2262024879455566
GR-50,GR-50.jpg,3,-2.5318658351898193,0.9554460644721985
MD-1,MD-1.jpg,7,5.767336845397949,-1.8052606582641602
MD-2,MD-2.jpg,2,-3.3514597415924072,-0.6271206736564636
MD-3,MD-3.jpg,9,1.041756272315979,-2.2172696590423584
MD-4,MD-4.jpg,11,-0.01706070266664028,-6.097965717315674
MD-5,MD-5.jpg,2,-3.038456916809082,-3.825617551803589
MD-6,MD-6.jpg,0,0.4458809494972229,-7.233626365661621
MD-7,MD-7.jpg,1,6.139628887176514,3.6079161167144775
MD-8,MD-8.jpg,9,3.918635368347168,-0.5124797224998474
MD-9,MD-9.jpg,2,-5.295161247253418,1.0012667179107666
MD-10,MD-10.jpg,9,2.4249205589294434,-2.132936954498291
MD-11,MD-11.jpg,9,-1.0851496458053589,-0.7611829042434692
MD-12,MD-12.jpg,7,5.063537120819092,-0.8397449851036072
MD-13,MD-13.jpg,9,-1.0419723987579346,-0.5363389849662781
MD-14,MD-14.jpg,7,5.265897274017334,-1.9801054000854492
MD-15,MD-15.jpg,7,3.989279270172119,1.1574187278747559
MD-16,MD-16.jpg,5,-3.4264650344848633,1.220366358757019
MD-17,MD-17.jpg,7,3.007256269454956,1.503501296043396
MD-18,MD-18.jpg,5,-1.071306824684143,-0.48787057399749756
MD-19,MD-19.jpg,3,-3.2289509773254395,2.358515501022339
MD-20,MD-20.jpg,1,7.332399368286133,0.4878156781196594
MD-21,MD-21.jpg,8,0.5985882878303528,7.726715564727783
MD-22,MD-22.jpg,9,-1.262153148651123,-1.8339542150497437
MD-23,MD-23.jpg,9,0.498874306678772,-0.4520776867866516
MD-24,MD-24.jpg,2,-6.112142562866211,-2.384535074234009
MD-25,MD-25.jpg,2,-5.251628398895264,-2.180485963821411
MD-26,MD-26.jpg,0,5.81257963180542,-4.464106559753418
MD-27,MD-27.jpg,0,4.908708572387695,-2.854055643081665
MD-28,MD-28.jpg,3,-0.48957502841949463,-4.093513488769531
MD-29,MD-29.jpg,2,-2.5858089923858643,-2.363895893096924
MD-30,MD-30.jpg,3,-3.9861769676208496,1.3626095056533813
MD-31,MD-31.jpg,9,0.3605082333087921,-2.2628979682922363
MD-32,MD-32.jpg,4,3.9808108806610107,0.5895683169364929
MD-33,MD-33.jpg,11,-3.0377418994903564,-5.032707214355469
MD-34,MD-34.jpg,9,-2.7539522647857666,-2.482948064804077
MD-35,MD-35.jpg,11,2.4766786098480225,-3.705838203430176
MD-36,MD-36.jpg,6,-5.832305431365967,4.791156768798828
MD-37,MD-37.jpg,9,-0.032410625368356705,1.167784333229065
MD-38,MD-38.jpg,4,3.4494781494140625,3.3227932453155518
MD-39,MD-39.jpg,11,-2.8231005668640137,-6.471332550048828
MD-40,MD-40.jpg,9,4.470966339111328,-1.4865635633468628
MD-41,MD-41.jpg,9,-0.19055390357971191,-1.3103421926498413
MD-42,MD-42.jpg,2,-3.1110806465148926,-1.6319079399108887
MD-43,MD-43.jpg,11,-0.7587371468544006,-5.5179362297058105
MD-44,MD-44.jpg,9,-0.4334571659564972,-1.0145732164382935
MD-45,MD-45.jpg,7,7.3682541847229,2.544020652770996
MD-46,MD-46.jpg,3,-3.7243945598602295,-0.8365344405174255
MD-47,MD-47.jpg,9,1.9874364137649536,-1.2938836812973022
MD-48,MD-48.jpg,4,3.6749305725097656,1.2269384860992432
MD-49,MD-49.jpg,11,-0.44820666313171387,-5.109438419342041
MD-50,MD-50.jpg,5,-2.846036434173584,0.8354073762893677
ME-1,ME-1.jpg,9,0.5164347887039185,-0.28229469060897827
ME-2,ME-2.jpg,8,-1.188192367553711,3.272814989089966
ME-3,ME-3.jpg,9,0.38265958428382874,-4.25392484664917
ME-4,ME-4.jpg,9,0.4165501892566681,-1.8568123579025269
ME-5,ME-5.jpg,9,-1.4445934295654297,0.6445096731185913
ME-6,ME-6.jpg,9,2.053555965423584,-3.0687825679779053
ME-7,ME-7.jpg,6,-5.670468807220459,3.5410923957824707
ME-8,ME-8.jpg,9,-0.9972086548805237,-1.024832844734192
ME-9,ME-9.jpg,4,4.950046062469482,4.015435218811035
ME-10,ME-10.jpg,8,-4.597414970397949,2.106266736984253
ME-11,ME-11.jpg,5,-2.3410887718200684,2.014692544937134
ME-12,ME-12.jpg,7,7.122776508331299,-1.7956336736679077
ME-13,ME-13.jpg,8,-1.956243872642517,1.3191516399383545
ME-14,ME-14.jpg,3,0.6145476698875427,-3.7284650802612305
ME-15,ME-15.jpg,9,-1.237977385520935,-1.8028855323791504
ME-16,ME-16.jpg,2,-3.1152806282043457,0.35756778717041016
ME-17,ME-17.jpg,10,-4.9020676612854,4.903597831726074
ME-18,ME-18.jpg,4,3.7345986366271973,3.3509650230407715
ME-19,ME-19.jpg,4,3.5753326416015625,3.218785524368286
ME-20,ME-20.jpg,8,0.24202264845371246,2.7204935550689697
ME-21,ME-21.jpg,4,0.7254190444946289,3.179492950439453
ME-22,ME-22.jpg,3,1.045715570449829,1.0390188694000244
ME-23,ME-23.jpg,8,-1.068031668663025,0.9784059524536133
ME-24,ME-24.jpg,9,0.47241443395614624,-2.0901553630828857
ME-25,ME-25.jpg,5,-3.8075687885284424,0.10494542866945267
ME-26,ME-26.jpg,9,0.0712791308760643,-2.249321937561035
ME-27,ME-27.jpg,9,-0.337267130613327,-2.9930291175842285
ME-28,ME-28.jpg,2,-7.27916145324707,-3.790318012237549
ME-29,ME-29.jpg,9,2.791146993637085,-1.3228285312652588
ME-30,ME-30.jpg,0,4.701221466064453,-1.898446798324585
ME-31,ME-31.jpg,2,-7.613060474395752,-0.8527953624725342
ME-32,ME-32.jpg,0,5.858765602111816,-1.1490083932876587
ME-33,ME-33.jpg,0,6.647314071655273,-4.960271835327148
ME-34,ME-34.jpg,7,6.863651275634766,-1.1315017938613892
ME-35,ME-35.jpg,2,-2.5298879146575928,-2.971036911010742
ME-36,ME-36.jpg,11,-1.7293554544448853,-8.789802551269531
ME-37,ME-37.jpg,8,-2.601212739944458,3.907301425933838
ME-38,ME-38.jpg,3,-1.8526268005371094,0.18979492783546448
ME-39,ME-39.jpg,2,-2.9999523162841797,-2.7316067218780518
ME-40,ME-40.jpg,8,-0.29148542881011963,1.225932002067566
ME-41,ME-41.jpg,6,-7.4054083824157715,2.388864040374756
ME-42,ME-42.jpg,2,-4.783492565155029,0.47932446002960205
ME-43,ME-43.jpg,5,-2.533315658569336,3.8637990951538086
ME-44,ME-44.jpg,3,-4.313703536987305,3.6444568634033203
ME-45,ME-45.jpg,5,-1.8414207696914673,-0.6099957823753357
ME-46,ME-46.jpg,6,-5.813019752502441,3.034562587738037
ME-47,ME-47.jpg,2,-4.19877815246582,0.15410730242729187
ME-48,ME-48.jpg,4,4.23432731628418,2.614295482635498
ME-49,ME-49.jpg,3,1.6966365575790405,-3.5682640075683594
ME-50,ME-50.jpg,9,2.137315511703491,-1.206049919128418
MF-1,MF-1.jpg,9,2.7532570362091064,0.4780145287513733
MF-2,MF-2.jpg,9,-1.1552410125732422,-1.0287671089172363
MF-3,MF-3.jpg,9,-0.630808413028717,-1.583055019378662
MF-4,MF-4.jpg,1,9.23228645324707,1.108522891998291
MF-5,MF-5.jpg,6,-7.216629981994629,6.508735656738281
MF-6,MF-6.jpg,9,1.7324436902999878,0.4523122310638428
MF-7,MF-7.jpg,9,-2.2889814376831055,-1.0647414922714233
MF-8,MF-8.jpg,3,0.7576440572738647,-3.233060121536255
MF-9,MF-9.jpg,4,2.9488494396209717,3.4257097244262695
MF-10,MF-10.jpg,4,2.945887804031372,3.495851516723633
MF-11,MF-11.jpg,4,1.8830640316009521,5.128605842590332
MF-12,MF-12.jpg,11,-4.452536106109619,-2.4705376625061035
MF-13,MF-13.jpg,4,1.4042370319366455,4.429129600524902
MF-14,MF-14.jpg,10,0.007747028488665819,6.440141677856445
MF-15,MF-15.jpg,6,-5.920544624328613,2.6696951389312744
MF-16,MF-16.jpg,4,3.07680606842041,3.1119494438171387
MF-17,MF-17.jpg,4,4.553925514221191,0.44683557748794556
MF-18,MF-18.jpg,11,0.3590920567512512,-4.48040246963501
MF-19,MF-19.jpg,5,-0.4212552607059479,-0.389554888010025
MF-20,MF-20.jpg,9,-0.4029148817062378,-2.3834192752838135
MF-21,MF-21.jpg,11,-2.7772326469421387,-5.115887641906738
MF-22,MF-22.jpg,5,2.1197350025177,-1.8883802890777588
MF-23,MF-23.jpg,8,-1.9550442695617676,4.4309186935424805
MF-24,MF-24.jpg,5,1.7160289287567139,-1.4722282886505127
MF-25,MF-25.jpg,10,-3.2611987590789795,6.315431594848633
MF-26,MF-26.jpg,11,-1.5667798519134521,-5.074808120727539
MF-27,MF-27.jpg,9,1.6273908615112305,-3.6526432037353516
MF-28,MF-28.jpg,9,2.1999757289886475,-0.42220520973205566
MF-29,MF-29.jpg,9,2.3176605701446533,-0.744121789932251
MF-30,MF-30.jpg,5,2.529722213745117,0.6313218474388123
MF-31,MF-31.jpg,9,-2.0247013568878174,-0.2643367648124695
MF-32,MF-32.jpg,5,1.443300724029541,0.09837961196899414
MF-33,MF-33.jpg,9,-0.09185539186000824,-0.6150818467140198
MF-34,MF-34.jpg,4,1.8826664686203003,2.848569393157959
MF-35,MF-35.jpg,0,3.2152833938598633,-4.979340553283691
MF-36,MF-36.jpg,1,7.220849514007568,2.128159523010254
MF-37,MF-37.jpg,5,3.781148910522461,-0.8821818232536316
MF-38,MF-38.jpg,0,1.6066066026687622,-5.991766929626465
MF-39,MF-39.jpg,9,-0.25140929222106934,-2.412220001220703
MF-40,MF-40.jpg,4,1.1934173107147217,3.464712619781494
MF-41,MF-41.jpg,4,4.390689373016357,1.2405301332473755
MF-42,MF-42.jpg,0,1.037826418876648,-6.206254482269287
MF-43,MF-43.jpg,9,-2.1537346839904785,-1.6543079614639282
MF-44,MF-44.jpg,2,-2.0144433975219727,-2.3808631896972656
MF-45,MF-45.jpg,5,-3.0872936248779297,-2.2237961292266846
MF-46,MF-46.jpg,5,0.4120430648326874,-1.5392754077911377
MF-47,MF-47.jpg,5,1.5175586938858032,-1.193851351737976
MF-48,MF-48.jpg,5,2.037841320037842,0.4700985550880432
MF-49,MF-49.jpg,5,-0.7794190049171448,-0.7602534294128418
MF-50,MF-50.jpg,9,-0.6570457816123962,-0.8408572673797607
MH-1,MH-1.jpg,2,-4.290302753448486,-0.8968731164932251
MH-2,MH-2.jpg,8,-1.596794605255127,7.093781471252441
MH-3,MH-3.jpg,7,4.7726731300354,-2.8075578212738037
MH-4,MH-4.jpg,4,4.397066593170166,2.785392999649048
MH-5,MH-5.jpg,4,4.78277063369751,1.7437254190444946
MH-6,MH-6.jpg,4,3.2386343479156494,4.62589693069458
MH-7,MH-7.jpg,4,2.3591206073760986,5.158775329589844
MH-8,MH-8.jpg,1,6.612709999084473,5.690160751342773
MH-9,MH-9.jpg,11,-3.249302387237549,-6.725020885467529
MH-10,MH-10.jpg,7,6.942735195159912,-3.160520076751709
MH-11,MH-11.jpg,6,-4.494290351867676,6.2785444259643555
MH-12,MH-12.jpg,4,4.6527252197265625,-0.21556726098060608
MH-13,MH-13.jpg,4,4.78277063369751,1.7437254190444946
MH-14,MH-14.jpg,4,4.612905502319336,8.493803024291992
MH-15,MH-15.jpg,0,4.792675495147705,-4.972532272338867
MH-16,MH-16.jpg,0,4.574435234069824,-4.789696216583252
MH-17,MH-17.jpg,4,1.8314727544784546,2.998013496398926
MH-18,MH-18.jpg,0,6.348381042480469,-2.555525064468384
MH-19,MH-19.jpg,8,-3.742130994796753,1.8171706199645996
MH-20,MH-20.jpg,3,-3.544206142425537,-0.5474148988723755
MH-21,MH-21.jpg,9,0.9438984990119934,0.05390069633722305
MH-22,MH-22.jpg,9,-1.6279771327972412,-0.9946381449699402
MH-23,MH-23.jpg,8,-1.1075190305709839,3.4686365127563477
MH-24,MH-24.jpg,10,-1.2649973630905151,6.715526103973389
MH-25,MH-25.jpg,0,6.55587911605835,-3.5675435066223145
MH-26,MH-26.jpg,3,-3.347348690032959,0.07318051159381866
MH-27,MH-27.jpg,5,-5.491360187530518,-6.709056377410889
MH-28,MH-28.jpg,11,-3.9122183322906494,-3.5235702991485596
MH-29,MH-29.jpg,0,6.408625602722168,-6.0240092277526855
MH-30,MH-30.jpg,3,-2.8967959880828857,1.787801742553711
MH-31,MH-31.jpg,9,-0.9322689175605774,1.379597544670105
MH-32,MH-32.jpg,4,0.6245948672294617,2.3007984161376953
MH-33,MH-33.jpg,11,-3.3483216762542725,-4.920383930206299
MH-34,MH-34.jpg,4,4.201662540435791,2.4767637252807617
MH-35,MH-35.jpg,11,-2.5867931842803955,-7.343351364135742
MH-36,MH-36.jpg,9,-0.4527435004711151,0.6625545620918274
MH-37,MH-37.jpg,9,-1.154464840888977,-0.8521629571914673
MH-38,MH-38.jpg,5,1.253017783164978,0.6859107613563538
MH-39,MH-39.jpg,4,5.4106645584106445,-1.0292096138000488
MH-40,MH-40.jpg,4,4.160432815551758,1.4168493747711182
MH-41,MH-41.jpg,6,-8.101730346679688,3.159217357635498
MH-42,MH-42.jpg,11,-3.3251194953918457,-7.2189412117004395
MH-43,MH-43.jpg,10,-6.893369197845459,5.529067516326904
MH-44,MH-44.jpg,10,-6.193543434143066,8.221099853515625
MH-45,MH-45.jpg,0,2.3216404914855957,-3.2864222526550293
MH-46,MH-46.jpg,4,4.659975528717041,2.278650999069214
MH-47,MH-47.jpg,8,-0.35019105672836304,4.565525054931641
MH-48,MH-48.jpg,9,0.9850980639457703,-0.8289086222648621
MH-49,MH-49.jpg,2,-6.525271892547607,-0.10600578784942627
MH-50,MH-50.jpg,9,1.0267090797424316,-0.2658143639564514
MK-1,MK-1.jpg,11,-3.8919200897216797,-7.964706897735596
MK-2,MK-2.jpg,2,-3.658790349960327,-0.760086178779602
MK-3,MK-3.jpg,4,2.3740198612213135,1.590636968612671
MK-4,MK-4.jpg,5,1.514542579650879,2.1400089263916016
MK-5,MK-5.jpg,3,0.4745327830314636,1.1914595365524292
MK-6,MK-6.jpg,9,0.9885392785072327,0.7243320941925049
MK-7,MK-7.jpg,3,0.8186419010162354,4.286019325256348
MK-8,MK-8.jpg,5,0.9796145558357239,-0.011938264593482018
MK-9,MK-9.jpg,0,1.6265590190887451,-5.038046836853027
MK-10,MK-10.jpg,0,1.3552734851837158,-7.0784125328063965
MK-11,MK-11.jpg,8,-0.4258689880371094,1.8694603443145752
MK-12,MK-12.jpg,1,6.0691962242126465,2.6911160945892334
MK-13,MK-13.jpg,9,-0.0523269884288311,-2.6147594451904297
MK-14,MK-14.jpg,7,6.614276885986328,-0.05284538492560387
MK-15,MK-15.jpg,11,-2.2148149013519287,-2.295788049697876
MK-16,MK-16.jpg,3,-1.7987186908721924,0.46862125396728516
MK-17,MK-17.jpg,0,6.843011856079102,-3.7433598041534424
MK-18,MK-18.jpg,3,-0.7707343697547913,2.7522666454315186
MK-19,MK-19.jpg,4,3.810159206390381,2.0286929607391357
MK-20,MK-20.jpg,2,-2.86362624168396,-1.8665343523025513
MK-21,MK-21.jpg,4,2.18875789642334,1.3339643478393555
MK-22,MK-22.jpg,9,-0.4903440475463867,1.069454550743103
MK-23,MK-23.jpg,8,-3.3516907691955566,0.5484949350357056
MK-24,MK-24.jpg,8,-2.8336479663848877,1.5799330472946167
MK-25,MK-25.jpg,4,2.946169853210449,6.445965766906738
MK-26,MK-26.jpg,9,2.7487335205078125,0.07535488158464432
MK-27,MK-27.jpg,11,-5.099905967712402,-4.519031047821045
MK-28,MK-28.jpg,4,4.74646520614624,3.196420431137085
MK-29,MK-29.jpg,3,-0.8734806180000305,-0.6126993894577026
MK-30,MK-30.jpg,3,0.7813264727592468,-1.1824156045913696
MK-31,MK-31.jpg,2,-4.929511547088623,0.22281178832054138
MK-32,MK-32.jpg,4,0.6292684078216553,0.9665563702583313
MK-33,MK-33.jpg,10,-3.53698992729187,4.803586006164551
MK-34,MK-34.jpg,4,1.7805887460708618,3.1914517879486084
MK-35,MK-35.jpg,3,-2.6385655403137207,-0.003057558089494705
MK-36,MK-36.jpg,3,-2.2357819080352783,0.9044222235679626
MK-37,MK-37.jpg,11,1.3891302347183228,-5.239721775054932
MK-38,MK-38.jpg,6,-5.602202892303467,0.12799765169620514
MK-39,MK-39.jpg,6,-7.001139163970947,1.7971076965332031
MK-40,MK-40.jpg,2,-4.637094497680664,1.791052222251892
MK-41,MK-41.jpg,2,-4.35275411605835,-1.7422078847885132
MK-42,MK-42.jpg,6,-6.687830448150635,5.663240432739258
MK-43,MK-43.jpg,9,-1.8840008974075317,-2.437326431274414
MK-44,MK-44.jpg,7,4.506183624267578,-0.2105187624692917
MK-45,MK-45.jpg,9,0.48081058263778687,-3.0137903690338135
MK-46,MK-46.jpg,5,-4.349948406219482,0.9537433981895447
MK-47,MK-47.jpg,9,1.5400687456130981,-2.0876832008361816
MK-48,MK-48.jpg,2,-4.435644149780273,0.346880167722702
MK-49,MK-49.jpg,0,0.6440644264221191,-1.315195918083191
MK-50,MK-50.jpg,5,0.9204456210136414,-0.6549986004829407
MM-1,MM-1.jpg,5,3.3119723796844482,-1.8746440410614014
MM-2,MM-2.jpg,8,-3.1655242443084717,0.8874053359031677
MM-3,MM-3.jpg,7,8.272444725036621,-3.5158755779266357
MM-4,MM-4.jpg,8,-1.2755823135375977,1.0373711585998535
MM-5,MM-5.jpg,5,-0.7514917850494385,1.0912206172943115
MM-6,MM-6.jpg,0,2.25321102142334,-6.572489261627197
MM-7,MM-7.jpg,6,-3.69161319732666,5.289555072784424
MM-8,MM-8.jpg,11,-2.727839708328247,-2.4998583793640137
MM-9,MM-9.jpg,11,-2.3248138427734375,-3.091987133026123
MM-10,MM-10.jpg,5,1.776262640953064,-1.6107161045074463
MM-11,MM-11.jpg,2,-2.3599956035614014,-1.8380564451217651
MM-12,MM-12.jpg,2,-5.32688045501709,-0.6778296232223511
MM-13,MM-13.jpg,2,-2.988807201385498,-0.619443416595459
MM-14,MM-14.jpg,2,-2.5319135189056396,-0.14104315638542175
MM-15,MM-15.jpg,2,-2.6481223106384277,-2.037292003631592
MM-16,MM-16.jpg,3,-0.9234277009963989,1.6821916103363037
MM-17,MM-17.jpg,9,1.3536430597305298,0.3314630389213562
MM-18,MM-18.jpg,11,-1.942855954170227,-3.2650201320648193
MM-19,MM-19.jpg,7,4.715476989746094,-1.0093258619308472
MM-20,MM-20.jpg,8,-0.7774127125740051,1.7510265111923218
MM-21,MM-21.jpg,8,-2.558387041091919,1.5235035419464111
MM-22,MM-22.jpg,8,-2.579286813735962,4.485540390014648
MM-23,MM-23.jpg,8,-0.9203406572341919,5.882512092590332
MM-24,MM-24.jpg,8,-2.7530336380004883,4.4667487144470215
MM-25,MM-25.jpg,8,-0.00041007751133292913,4.090083122253418
MM-26,MM-26.jpg,9,3.6999900341033936,-2.8095788955688477
MM-27,MM-27.jpg,8,-3.5988047122955322,1.7543282508850098
MM-28,MM-28.jpg,4,2.5633044242858887,2.4383544921875
MM-29,MM-29.jpg,9,-0.03573284298181534,-1.1460493803024292
MM-30,MM-30.jpg,7,7.0481648445129395,3.546813726425171
MM-31,MM-31.jpg,5,-3.885594367980957,1.8047425746917725
MM-32,MM-32.jpg,2,-3.340186595916748,-1.6937079429626465
MM-33,MM-33.jpg,3,-1.33132803440094,-3.200711250305176
MM-34,MM-34.jpg,8,-0.722411036491394,1.1619606018066406
MM-35,MM-35.jpg,11,-1.843388557434082,-8.050954818725586
MM-36,MM-36.jpg,11,-3.6776492595672607,-6.131882190704346
MM-37,MM-37.jpg,10,-7.238211631774902,4.035749435424805
MM-38,MM-38.jpg,0,2.5113909244537354,-7.7337727546691895
MM-39,MM-39.jpg,8,-0.5825331211090088,2.0425798892974854
MM-40,MM-40.jpg,2,-4.900352478027344,-0.27777618169784546
MM-41,MM-41.jpg,0,1.8025201559066772,0.5754221677780151
MM-42,MM-42.jpg,8,-0.11682191491127014,1.98822820186615
MM-43,MM-43.jpg,8,-2.1178832054138184,3.9802913665771484
MM-44,MM-44.jpg,5,-0.12505853176116943,1.6422791481018066
MM-45,MM-45.jpg,2,-5.3719000816345215,-0.5930206775665283
MM-46,MM-46.jpg,2,-5.470448017120361,-4.747580528259277
MM-47,MM-47.jpg,9,1.3458144664764404,0.3452509641647339
MM-48,MM-48.jpg,9,1.353671669960022,-0.9865496158599854
MM-49,MM-49.jpg,4,2.046851396560669,4.908394813537598
MM-50,MM-50.jpg,0,7.335420608520508,-8.528210639953613
MN-1,MN-1.jpg,0,1.6076091527938843,-3.7170138359069824
MN-2,MN-2.jpg,2,-9.183642387390137,0.10768232494592667
MN-3,MN-3.jpg,8,-2.1913366317749023,3.940612554550171
MN-4,MN-4.jpg,9,1.5426989793777466,-2.248260498046875
MN-5,MN-5.jpg,6,-4.91074275970459,3.381277561187744
MN-6,MN-6.jpg,2,-3.994664430618286,1.6120089292526245
MN-7,MN-7.jpg,8,-4.783219814300537,4.833943843841553
MN-8,MN-8.jpg,3,-2.2537269592285156,1.9241306781768799
MN-9,MN-9.jpg,8,-3.425316095352173,3.190718412399292
MN-10,MN-10.jpg,9,-0.6495189070701599,-1.8063194751739502
MN-11,MN-11.jpg,5,1.7077142000198364,0.3829101324081421
MN-12,MN-12.jpg,8,0.03782130777835846,1.54032564163208
MN-13,MN-13.jpg,2,-3.124347686767578,-0.7455897331237793
MN-14,MN-14.jpg,9,0.5173106789588928,-2.366835832595825
MN-15,MN-15.jpg,8,-1.4037402868270874,1.764889121055603
MN-16,MN-16.jpg,5,1.2820208072662354,-1.8048027753829956
MN-17,MN-17.jpg,5,-5.777553081512451,-0.45699313282966614
MN-18,MN-18.jpg,7,5.436806678771973,0.3606669306755066
MN-19,MN-19.jpg,3,-1.452854871749878,-0.10302769392728806
MN-20,MN-20.jpg,8,0.8250941634178162,3.835109233856201
MN-21,MN-21.jpg,3,-1.7653018236160278,1.1966278553009033
MN-22,MN-22.jpg,7,9.891843795776367,0.6582308411598206
MN-23,MN-23.jpg,8,0.8146277070045471,4.7397990226745605
MN-24,MN-24.jpg,2,-4.695072650909424,-1.0386303663253784
MN-25,MN-25.jpg,0,4.503670692443848,-2.1853785514831543
MN-26,MN-26.jpg,11,-1.16411292552948,-6.526575565338135
MN-27,MN-27.jpg,8,-3.1887524127960205,5.84830379486084
MN-28,MN-28.jpg,1,7.574129104614258,5.529796123504639
MN-29,MN-29.jpg,7,6.003459453582764,-2.676893949508667
MN-30,MN-30.jpg,3,-1.0381391048431396,-0.9718222618103027
MN-31,MN-31.jpg,11,-1.649708867073059,-3.3911826610565186
MN-32,MN-32.jpg,5,1.1260462999343872,-0.7241742014884949
MN-33,MN-33.jpg,11,-1.8308669328689575,-8.195137023925781
MN-34,MN-34.jpg,2,-2.812329053878784,-0.0992966964840889
MN-35,MN-35.jpg,8,-2.888033628463745,1.0560166835784912
MN-36,MN-36.jpg,10,-4.894862174987793,3.3833093643188477
MN-37,MN-37.jpg,8,-1.688464641571045,1.873544692993164
MN-38,MN-38.jpg,7,3.853944778442383,-0.6168603897094727
MN-39,MN-39.jpg,9,0.4928508698940277,0.7221608757972717
MN-40,MN-40.jpg,5,-1.2789920568466187,2.357941150665283
MN-41,MN-41.jpg,3,0.16170300543308258,1.091106653213501
MN-42,MN-42.jpg,7,8.527497291564941,0.47456181049346924
MN-43,MN-43.jpg,3,-2.85321307182312,0.8732923269271851
MN-44,MN-44.jpg,11,-3.844118356704712,-4.528599262237549
MN-45,MN-45.jpg,2,-2.772514820098877,-0.1110655665397644
MN-46,MN-46.jpg,0,5.299368858337402,-7.44106388092041
MN-47,MN-47.jpg,5,-1.5451960563659668,-0.18294863402843475
MN-48,MN-48.jpg,2,-4.374284267425537,-0.12589865922927856
MN-49,MN-49.jpg,9,0.959356963634491,0.2582327425479889
MN-50,MN-50.jpg,9,1.043470859527588,1.1816412210464478
MO-1,MO-1.jpg,7,7.2383713722229,1.8211911916732788
MO-2,MO-2.jpg,10,-3.6268467903137207,5.524808406829834
MO-3,MO-3.jpg,2,-6.149783134460449,-1.864869236946106
MO-4,MO-4.jpg,9,3.385784387588501,-3.1888587474823
MO-5,MO-5.jpg,9,0.1633346825838089,-2.029888153076172
MO-6,MO-6.jpg,7,4.436075210571289,1.5107799768447876
MO-7,MO-7.jpg,7,4.776156902313232,-1.637508511543274
MO-8,MO-8.jpg,1,7.570052623748779,4.915872097015381
MO-9,MO-9.jpg,9,3.5265445709228516,-1.9352582693099976
MO-10,MO-10.jpg,9,-0.3843645751476288,-3.2248899936676025
MO-11,MO-11.jpg,2,-1.523280382156372,-2.3679614067077637
MO-12,MO-12.jpg,11,-0.656449019908905,-5.71478796005249
MO-13,MO-13.jpg,11,-0.8197644352912903,-6.502170085906982
MO-14,MO-14.jpg,7,6.409362316131592,-6.135387897491455
MO-15,MO-15.jpg,0,1.5772939920425415,-3.980743169784546
MO-16,MO-16.jpg,8,-3.6640093326568604,4.204789638519287
MO-17,MO-17.jpg,7,3.5599703788757324,-1.7389017343521118
MO-18,MO-18.jpg,11,2.1188223361968994,-8.93658447265625
MO-19,MO-19.jpg,0,2.402972936630249,-2.125490427017212
MO-20,MO-20.jpg,1,9.231035232543945,-0.01761915348470211
MO-21,MO-21.jpg,11,1.2876149415969849,-4.508238792419434
MO-22,MO-22.jpg,11,-1.3103621006011963,-3.1967990398406982
MO-23,MO-23.jpg,3,0.4202679395675659,-6.113111972808838
MO-24,MO-24.jpg,9,0.605384111404419,-1.6423125267028809
MO-25,MO-25.jpg,9,2.663341760635376,-0.4814346730709076
MO-26,MO-26.jpg,0,2.4411306381225586,-5.014381408691406
MO-27,MO-27.jpg,7,5.729267120361328,1.190076231956482
MO-28,MO-28.jpg,11,-0.42269670963287354,-3.7183456420898438
MO-29,MO-29.jpg,4,1.3473325967788696,4.944987773895264
MO-30,MO-30.jpg,3,-1.9852685928344727,-3.8596765995025635
MO-31,MO-31.jpg,2,-5.676835060119629,-0.12725664675235748
MO-32,MO-32.jpg,9,0.12761232256889343,-3.555854320526123
MO-33,MO-33.jpg,5,-0.8753848671913147,-3.7773220539093018
MO-34,MO-34.jpg,1,7.610081672668457,1.8255200386047363
MO-35,MO-35.jpg,0,2.310987949371338,-7.333649158477783
MO-36,MO-36.jpg,9,0.8151695132255554,-0.14431554079055786
MO-37,MO-37.jpg,11,-0.9272959232330322,-3.4497275352478027
MO-38,MO-38.jpg,8,-1.8685251474380493,4.849536895751953
MO-39,MO-39.jpg,2,-6.891417980194092,-1.4251151084899902
MO-40,MO-40.jpg,9,0.7437624335289001,-0.7031739354133606
MO-41,MO-41.jpg,9,-1.8164089918136597,0.07098863273859024
MO-42,MO-42.jpg,11,1.738088846206665,-4.29652214050293
MO-43,MO-43.jpg,4,0.9305882453918457,1.9439891576766968
MO-44,MO-44.jpg,11,3.393028736114502,-3.848006010055542
MO-45,MO-45.jpg,9,-0.4927430748939514,0.4004244804382324
MO-46,MO-46.jpg,2,-7.048139572143555,-2.5405025482177734
MO-47,MO-47.jpg,1,10.162408828735352,2.7861690521240234
MO-48,MO-48.jpg,9,-0.4361046254634857,-0.5184162855148315
MO-49,MO-49.jpg,9,-0.3279913663864136,-0.7598130106925964
MO-50,MO-50.jpg,7,4.941369533538818,-0.019076362252235413
MP-1,MP-1.jpg,6,-4.153863906860352,7.0515289306640625
MP-2,MP-2.jpg,1,8.70319938659668,2.102809190750122
MP-3,MP-3.jpg,9,2.019348621368408,1.238338589668274
MP-4,MP-4.jpg,4,1.2684624195098877,3.172565460205078
MP-5,MP-5.jpg,8,-0.8140511512756348,4.653961658477783
MP-6,MP-6.jpg,3,-3.757534980773926,-1.349312663078308
MP-7,MP-7.jpg,8,0.213271364569664,6.409938812255859
MP-8,MP-8.jpg,4,2.3549256324768066,2.8388993740081787
MP-9,MP-9.jpg,5,4.702905178070068,3.55971360206604
MP-10,MP-10.jpg,8,-2.5693721771240234,1.017025113105774
MP-11,MP-11.jpg,4,1.7167229652404785,4.3616156578063965
MP-12,MP-12.jpg,4,5.245194911956787,2.1286892890930176
MP-13,MP-13.jpg,7,5.869618892669678,-3.1319713592529297
MP-14,MP-14.jpg,0,3.402787208557129,-2.128709077835083
MP-15,MP-15.jpg,3,-0.6743941307067871,1.6167991161346436
MP-16,MP-16.jpg,3,-1.0080561637878418,1.388008713722229
MP-17,MP-17.jpg,4,0.39366230368614197,7.401549816131592
MP-18,MP-18.jpg,8,-2.4163553714752197,1.4080971479415894
MP-19,MP-19.jpg,4,4.187897682189941,1.8981435298919678
MP-20,MP-20.jpg,6,-4.526815414428711,1.856512188911438
MP-21,MP-21.jpg,8,0.28016969561576843,6.359767436981201
MP-22,MP-22.jpg,4,-0.3134484589099884,2.4562156200408936
MP-23,MP-23.jpg,2,-5.144879341125488,-3.8305015563964844
MP-24,MP-24.jpg,6,-6.85410213470459,0.009114792570471764
MP-25,MP-25.jpg,8,-0.09692469984292984,1.754809856414795
MP-26,MP-26.jpg,4,5.009422779083252,3.791877269744873
MP-27,MP-27.jpg,11,-2.423398017883301,-4.376529216766357
MP-28,MP-28.jpg,8,0.213271364569664,6.409938812255859
MP-29,MP-29.jpg,6,-7.388916015625,-0.18130534887313843
MP-30,MP-30.jpg,5,4.701854228973389,3.5302677154541016
MP-31,MP-31.jpg,8,0.6455253958702087,8.90831470489502
MP-32,MP-32.jpg,2,-5.5947675704956055,-3.007199764251709
MP-33,MP-33.jpg,7,8.95795726776123,-1.3670902252197266
MP-34,MP-34.jpg,4,2.385410785675049,4.027612209320068
MP-35,MP-35.jpg,2,-5.225636959075928,-0.4323476552963257
MP-36,MP-36.jpg,11,1.468534231185913,-7.619383811950684
MP-37,MP-37.jpg,9,3.883938789367676,-1.85975182056427
MP-38,MP-38.jpg,4,3.6836965084075928,3.332044839859009
MP-39,MP-39.jpg,4,0.08461713045835495,7.005858421325684
MP-40,MP-40.jpg,2,-2.2158377170562744,-2.7772583961486816
MP-41,MP-41.jpg,2,-5.407801151275635,-0.803851842880249
MP-42,MP-42.jpg,5,1.2595287561416626,3.507922649383545
MP-43,MP-43.jpg,2,-5.684994697570801,-3.0192458629608154
MP-44,MP-44.jpg,6,-6.9799299240112305,6.451013088226318
MP-45,MP-45.jpg,2,-5.144879341125488,-3.8305015563964844
MP-46,MP-46.jpg,3,1.8568882942199707,-0.2887076139450073
MP-47,MP-47.jpg,8,-1.2479009628295898,2.032998561859131
MP-48,MP-48.jpg,8,0.9401887655258179,3.5764875411987305
MP-49,MP-49.jpg,4,3.6836965084075928,3.332044839859009
MP-50,MP-50.jpg,8,-0.6153082847595215,3.533945083618164
MQ-1,MQ-1.jpg,3,-0.07003356516361237,0.14847984910011292
MQ-2,MQ-2.jpg,3,-0.16527146100997925,1.0755449533462524
MQ-3,MQ-3.jpg,7,3.253525733947754,1.4598222970962524
MQ-4,MQ-4.jpg,8,-2.8639657497406006,7.610562324523926
MQ-5,MQ-5.jpg,0,2.5781354904174805,-3.8745346069335938
MQ-6,MQ-6.jpg,11,-1.404569149017334,-1.6002321243286133
MQ-7,MQ-7.jpg,8,-0.4654548466205597,1.802009105682373
MQ-8,MQ-8.jpg,8,-0.7150632739067078,3.609504461288452
MQ-9,MQ-9.jpg,8,-0.9853540658950806,1.530303716659546
MQ-10,MQ-10.jpg,9,-0.9826923608779907,-0.06991028040647507
MQ-11,MQ-11.jpg,3,2.0272676944732666,-1.4131571054458618
MQ-12,MQ-12.jpg,9,0.057518333196640015,0.7022618651390076
MQ-13,MQ-13.jpg,0,1.4981412887573242,-4.614693641662598
MQ-14,MQ-14.jpg,7,6.809567451477051,2.20597767829895
MQ-15,MQ-15.jpg,5,-0.10209571570158005,0.6692354083061218
MQ-16,MQ-16.jpg,6,-5.541369438171387,3.773066282272339
MQ-17,MQ-17.jpg,0,3.0019094944000244,-3.3551387786865234
MQ-18,MQ-18.jpg,11,-2.3276782035827637,-3.3339903354644775
MQ-19,MQ-19.jpg,4,-0.8789637088775635,2.060380458831787
MQ-20,MQ-20.jpg,1,8.337486267089844,0.12665095925331116
MQ-21,MQ-21.jpg,3,-1.7182787656784058,0.729268491268158
MQ-22,MQ-22.jpg,3,-4.578217029571533,1.7135515213012695
MQ-23,MQ-23.jpg,10,-1.512628436088562,6.526379585266113
MQ-24,MQ-24.jpg,2,-3.488617181777954,-0.4226684272289276
MQ-25,MQ-25.jpg,0,1.9694339036941528,-3.5677807331085205
MQ-26,MQ-26.jpg,0,6.270021438598633,-7.18108606338501
MQ-27,MQ-27.jpg,2,-3.713046073913574,-1.8342304229736328
MQ-28,MQ-28.jpg,3,1.9910838603973389,-1.7509886026382446
MQ-29,MQ-29.jpg,4,0.2351607233285904,3.8396639823913574
MQ-30,MQ-30.jpg,2,-3.8824522495269775,-0.4106016457080841
MQ-31,MQ-31.jpg,8,-1.2323298454284668,1.01139235496521
MQ-32,MQ-32.jpg,9,2.794607639312744,-0.423378586769104
MQ-33,MQ-33.jpg,9,-2.453519582748413,-0.055379677563905716
MQ-34,MQ-34.jpg,4,0.5443274974822998,2.285451889038086
MQ-35,MQ-35.jpg,1,8.966526985168457,3.6987640857696533
MQ-36,MQ-36.jpg,5,-0.9212901592254639,2.572995662689209
MQ-37,MQ-37.jpg,10,-7.7947163581848145,6.065119743347168
MQ-38,MQ-38.jpg,9,-1.8664897680282593,-0.3958536684513092
MQ-39,MQ-39.jpg,5,-0.42341378331184387,2.853790283203125
MQ-40,MQ-40.jpg,1,8.066801071166992,2.7052383422851562
MQ-41,MQ-41.jpg,10,-4.410937309265137,2.950723171234131
MQ-42,MQ-42.jpg,9,1.1852904558181763,-2.299607515335083
MQ-43,MQ-43.jpg,8,-2.3639297485351562,4.9354329109191895
MQ-44,MQ-44.jpg,9,1.4462374448776245,-2.885636806488037
MQ-45,MQ-45.jpg,6,-5.550374507904053,4.008699893951416
MQ-46,MQ-46.jpg,0,3.423187255859375,-2.572803497314453
MQ-47,MQ-47.jpg,5,2.3583743572235107,-1.5325448513031006
MQ-48,MQ-48.jpg,9,1.441636323928833,-2.3355188369750977
MQ-49,MQ-49.jpg,9,-2.307842493057251,-1.7889574766159058
MQ-50,MQ-50.jpg,8,-2.17336106300354,4.263191223144531
MR-1,MR-1.jpg,6,-7.002182960510254,5.099594593048096
MR-2,MR-2.jpg,4,4.456209182739258,3.8102011680603027
MR-3,MR-3.jpg,7,7.130539417266846,-0.421563982963562
MR-4,MR-4.jpg,11,-0.44901901483535767,-5.081729888916016
MR-5,MR-5.jpg,8,-2.0178604125976562,3.241497039794922
MR-6,MR-6.jpg,1,9.420892715454102,3.217919111251831
MR-7,MR-7.jpg,4,2.8940324783325195,5.3823161125183105
MR-8,MR-8.jpg,10,-6.677952289581299,6.634758949279785
MR-9,MR-9.jpg,4,3.5556812286376953,1.7416421175003052
MR-10,MR-10.jpg,2,-3.886876106262207,-0.08254372328519821
MR-11,MR-11.jpg,3,-4.938490390777588,2.4706780910491943
MR-12,MR-12.jpg,9,1.205264687538147,-0.9977761507034302
MR-13,MR-13.jpg,10,-4.795707702636719,6.44778299331665
MR-14,MR-14.jpg,11,0.07821609824895859,-6.504354953765869
MR-15,MR-15.jpg,10,-3.576730966567993,6.247944355010986
MR-16,MR-16.jpg,8,-3.757502317428589,2.7308318614959717
MR-17,MR-17.jpg,4,2.2101833820343018,2.509608507156372
MR-18,MR-18.jpg,10,-6.677952289581299,6.634758949279785
MR-19,MR-19.jpg,5,1.3762364387512207,-1.7167621850967407
MR-20,MR-20.jpg,3,-4.470920085906982,-1.2998732328414917
MR-21,MR-21.jpg,0,1.5684187412261963,0.6318545937538147
MR-22,MR-22.jpg,9,-0.44245240092277527,-2.0930657386779785
MR-23,MR-23.jpg,7,7.073042869567871,0.01373294647783041
MR-24,MR-24.jpg,0,5.929498672485352,-3.5729243755340576
MR-25,MR-25.jpg,10,-4.344755172729492,7.045649528503418
MR-26,MR-26.jpg,7,5.3413848876953125,2.3692593574523926
MR-27,MR-27.jpg,9,2.547398567199707,-0.4107850193977356
MR-28,MR-28.jpg,8,-1.6341376304626465,2.3470702171325684
MR-29,MR-29.jpg,11,-0.4279197156429291,-3.6855902671813965
MR-30,MR-30.jpg,10,-2.7517147064208984,7.60852575302124
MR-31,MR-31.jpg,11,-0.44901901483535767,-5.081729888916016
MR-32,MR-32.jpg,9,-0.00592796690762043,-3.9515554904937744
MR-33,MR-33.jpg,8,-0.2117350548505783,3.6777048110961914
MR-34,MR-34.jpg,10,-4.692008972167969,10.743576049804688
MR-35,MR-35.jpg,1,6.89512300491333,5.5788397789001465
MR-36,MR-36.jpg,9,0.6475180983543396,-1.0601226091384888
MR-37,MR-37.jpg,7,6.535316467285156,-1.2449266910552979
MR-38,MR-38.jpg,4,-0.5373663306236267,1.2107257843017578
MR-39,MR-39.jpg,0,4.297502517700195,-1.1190112829208374
MR-40,MR-40.jpg,1,9.010049819946289,2.51076340675354
MR-41,MR-41.jpg,8,1.2522776126861572,6.252594947814941
MR-42,MR-42.jpg,3,-2.98410701751709,3.941883087158203
MR-43,MR-43.jpg,10,-4.7630391120910645,10.925414085388184
MR-44,MR-44.jpg,8,-2.2258453369140625,1.4361538887023926
MR-45,MR-45.jpg,0,3.540954351425171,-3.9741454124450684
MR-46,MR-46.jpg,10,-2.582009792327881,11.178932189941406
MR-47,MR-47.jpg,6,-3.4033234119415283,7.039555549621582
MR-48,MR-48.jpg,7,5.312219142913818,-0.2304510474205017
MR-49,MR-49.jpg,8,-0.26274654269218445,6.167484760284424
MR-50,MR-50.jpg,8,-3.238520860671997,3.392549753189087
MT-1,MT-1.jpg,10,-4.525871276855469,8.33260440826416
MT-2,MT-2.jpg,0,2.0018811225891113,-3.224032163619995
MT-3,MT-3.jpg,8,-4.9436845779418945,0.8215363025665283
MT-4,MT-4.jpg,2,-3.1267337799072266,-4.1618733406066895
MT-5,MT-5.jpg,9,-0.48917484283447266,0.16464918851852417
MT-6,MT-6.jpg,11,-1.5735656023025513,-3.602492094039917
MT-7,MT-7.jpg,9,1.6431303024291992,-1.4140716791152954
MT-8,MT-8.jpg,9,-0.45891252160072327,1.0576095581054688
MT-9,MT-9.jpg,8,-3.3974673748016357,6.386868000030518
MT-10,MT-10.jpg,5,0.8307438492774963,0.2522301971912384
MT-11,MT-11.jpg,8,-0.7657546401023865,3.0343997478485107
MT-12,MT-12.jpg,7,4.813675880432129,1.3632359504699707
MT-13,MT-13.jpg,8,-2.0606913566589355,4.136834144592285
MT-14,MT-14.jpg,4,1.771430492401123,0.9928050637245178
MT-15,MT-15.jpg,8,-1.5979572534561157,1.478649616241455
MT-16,MT-16.jpg,7,7.293474197387695,-0.8817265033721924
MT-17,MT-17.jpg,4,0.46850746870040894,3.7904839515686035
MT-18,MT-18.jpg,4,3.321741819381714,3.0277464389801025
MT-19,MT-19.jpg,2,-3.938832998275757,1.672268271446228
MT-20,MT-20.jpg,4,1.0190508365631104,5.1811299324035645
MT-21,MT-21.jpg,9,1.5033162832260132,0.9190004467964172
MT-22,MT-22.jpg,9,1.3620316982269287,-1.090781331062317
MT-23,MT-23.jpg,9,-1.9454206228256226,-0.5518506169319153
MT-24,MT-24.jpg,8,-1.4032715559005737,2.941816806793213
MT-25,MT-25.jpg,9,-0.2775641679763794,1.4055925607681274
MT-26,MT-26.jpg,5,-0.4785487651824951,0.8554929494857788
MT-27,MT-27.jpg,2,-5.183878421783447,-1.2099254131317139
MT-28,MT-28.jpg,2,-1.5090031623840332,-1.5413625240325928
MT-29,MT-29.jpg,6,-5.991770267486572,5.46297550201416
MT-30,MT-30.jpg,4,1.378037691116333,2.725160837173462
MT-31,MT-31.jpg,11,-0.03612310066819191,-4.432226657867432
MT-32,MT-32.jpg,8,-3.9414751529693604,4.789752960205078
MT-33,MT-33.jpg,2,-3.4437074661254883,-1.8019176721572876
MT-34,MT-34.jpg,1,6.8611369132995605,1.78407621383667
MT-35,MT-35.jpg,5,-2.169544219970703,3.3784866333007812
MT-36,MT-36.jpg,5,-0.11088357865810394,-1.640458106994629
MT-37,MT-37.jpg,8,-2.5092251300811768,0.19748546183109283
MT-38,MT-38.jpg,10,0.20623701810836792,8.522287368774414
MT-39,MT-39.jpg,4,4.524969100952148,3.9902920722961426
MT-40,MT-40.jpg,5,-0.38986727595329285,0.46808356046676636
MT-41,MT-41.jpg,8,-1.0120151042938232,2.323432207107544
MT-42,MT-42.jpg,9,-0.12395159900188446,0.9616642594337463
MT-43,MT-43.jpg,5,0.18889975547790527,-3.3134496212005615
MT-44,MT-44.jpg,6,-5.886067867279053,3.304978132247925
MT-45,MT-45.jpg,8,-1.5966945886611938,1.9699714183807373
MT-46,MT-46.jpg,10,-3.223029613494873,7.643342018127441
MT-47,MT-47.jpg,8,-1.2852946519851685,3.1221885681152344
MT-48,MT-48.jpg,5,3.40262770652771,1.2669939994812012
MT-49,MT-49.jpg,3,-1.2669638395309448,-2.171501636505127
MT-50,MT-50.jpg,4,0.9593014717102051,1.7650223970413208
MU-1,MU-1.jpg,2,-6.420864582061768,-4.225772857666016
MU-2,MU-2.jpg,9,0.9237340092658997,-0.5626543760299683
MU-3,MU-3.jpg,2,-3.9843006134033203,-0.34888356924057007
MU-4,MU-4.jpg,11,-1.567858099937439,-4.131968021392822
MU-5,MU-5.jpg,4,3.059347152709961,5.11475944519043
MU-6,MU-6.jpg,7,7.701174259185791,-1.731141448020935
MU-7,MU-7.jpg,0,0.8690171837806702,-3.089569330215454
MU-8,MU-8.jpg,9,2.448992967605591,-0.39846864342689514
MU-9,MU-9.jpg,9,0.811735987663269,1.3446168899536133
MU-10,MU-10.jpg,2,-4.198746204376221,-3.25754451751709
MU-11,MU-11.jpg,5,-2.4261393547058105,-0.08282895386219025
MU-12,MU-12.jpg,2,-7.762382984161377,-1.9832731485366821
MU-13,MU-13.jpg,8,-1.1371710300445557,6.492053031921387
MU-14,MU-14.jpg,8,1.160357117652893,7.760544300079346
MU-15,MU-15.jpg,9,-2.958172559738159,-2.088418483734131
MU-16,MU-16.jpg,1,8.520771980285645,4.733015537261963
MU-17,MU-17.jpg,4,1.8221888542175293,3.3372743129730225
MU-18,MU-18.jpg,8,0.2616620361804962,2.207127332687378
MU-19,MU-19.jpg,10,0.960088849067688,6.910624027252197
MU-20,MU-20.jpg,5,3.321671485900879,2.14253306388855
MU-21,MU-21.jpg,5,-1.906717300415039,0.7339560985565186
MU-22,MU-22.jpg,11,-3.0289273262023926,-5.738749027252197
MU-23,MU-23.jpg,8,-1.9054673910140991,4.942565441131592
MU-24,MU-24.jpg,8,-4.852928161621094,4.768197059631348
MU-25,MU-25.jpg,5,3.35721755027771,-0.6734000444412231
MU-26,MU-26.jpg,4,2.69565486907959,1.843636393547058
MU-27,MU-27.jpg,6,-9.024676322937012,3.1747329235076904
MU-28,MU-28.jpg,8,-0.24229812622070312,4.908258438110352
MU-29,MU-29.jpg,9,2.0478179454803467,-0.37460604310035706
MU-30,MU-30.jpg,8,-3.726414680480957,2.9569590091705322
MU-31,MU-31.jpg,2,-4.919862747192383,-2.0877084732055664
MU-32,MU-32.jpg,8,-1.073436975479126,3.0133657455444336
MU-33,MU-33.jpg,8,0.8881569504737854,2.4738967418670654
MU-34,MU-34.jpg,2,-3.8630380630493164,1.255744218826294
MU-35,MU-35.jpg,5,-1.9062926769256592,0.009609077125787735
MU-36,MU-36.jpg,0,-0.11796165257692337,-4.880856990814209
MU-37,MU-37.jpg,10,-3.1544106006622314,5.37185525894165
MU-38,MU-38.jpg,11,-1.7808799743652344,-3.7177276611328125
MU-39,MU-39.jpg,5,-0.569255530834198,1.0461822748184204
MU-40,MU-40.jpg,4,2.962214708328247,5.7242431640625
MU-41,MU-41.jpg,1,6.409359931945801,2.6290628910064697
MU-42,MU-42.jpg,8,-2.5015432834625244,1.8242218494415283
MU-43,MU-43.jpg,2,-5.41220235824585,-0.029461747035384178
MU-44,MU-44.jpg,4,2.4667062759399414,5.024466037750244
MU-45,MU-45.jpg,11,-1.8286070823669434,-3.92071533203125
MU-46,MU-46.jpg,5,1.7292407751083374,2.263279914855957
MU-47,MU-47.jpg,4,2.9588100910186768,1.3544657230377197
MU-48,MU-48.jpg,5,2.891103744506836,-0.6798832416534424
MU-49,MU-49.jpg,4,3.94162917137146,2.1458091735839844
MU-50,MU-50.jpg,2,-4.943500995635986,0.42218661308288574
MV-1,MV-1.jpg,5,3.9976892471313477,-1.2069247961044312
MV-2,MV-2.jpg,9,-0.11146397888660431,-0.8605626821517944
MV-3,MV-3.jpg,9,-1.0952237844467163,-0.7849753499031067
MV-4,MV-4.jpg,8,1.2597805261611938,1.7072978019714355
MV-5,MV-5.jpg,8,0.2074315994977951,2.74725079536438
MV-6,MV-6.jpg,5,2.4589626789093018,1.8117847442626953
MV-7,MV-7.jpg,5,-0.7327511310577393,0.5991964340209961
MV-8,MV-8.jpg,5,-1.8976190090179443,-0.14674606919288635
MV-9,MV-9.jpg,9,0.09670566767454147,0.8408364057540894
MV-10,MV-10.jpg,0,4.44987154006958,-5.0123443603515625
MV-11,MV-11.jpg,5,0.6768076419830322,0.17840178310871124
MV-12,MV-12.jpg,4,1.8902255296707153,3.4986414909362793
MV-13,MV-13.jpg,3,1.5456699132919312,-2.8780388832092285
MV-14,MV-14.jpg,0,7.901221752166748,-3.8533263206481934
MV-15,MV-15.jpg,7,4.001903057098389,-1.851009488105774
MV-16,MV-16.jpg,5,-1.9055720567703247,-1.9391496181488037
MV-17,MV-17.jpg,11,-1.9253538846969604,-5.754980564117432
MV-18,MV-18.jpg,5,-1.422459602355957,-4.865817070007324
MV-19,MV-19.jpg,9,-1.0952237844467163,-0.7849753499031067
MV-20,MV-20.jpg,5,-0.1402926743030548,-1.164287805557251
MV-21,MV-21.jpg,0,2.283231258392334,-2.919773578643799
MV-22,MV-22.jpg,0,4.517920970916748,-4.859676837921143
MV-23,MV-23.jpg,8,-4.836797714233398,3.570906639099121
MV-24,MV-24.jpg,8,-0.26709625124931335,3.215731382369995
MV-25,MV-25.jpg,2,-4.856752395629883,1.2763985395431519
MV-26,MV-26.jpg,7,8.118104934692383,-3.0568997859954834
MV-27,MV-27.jpg,5,-1.6372191905975342,2.1144161224365234
MV-28,MV-28.jpg,8,-0.795508086681366,3.2381019592285156
MV-29,MV-29.jpg,2,-1.4140275716781616,-1.2931357622146606
MV-30,MV-30.jpg,4,5.261636257171631,0.07905452698469162
MV-31,MV-31.jpg,3,-0.6453461647033691,-1.418275237083435
MV-32,MV-32.jpg,9,2.0545387268066406,-3.255307197570801
MV-33,MV-33.jpg,9,-2.758275032043457,-1.4164971113204956
MV-34,MV-34.jpg,6,-5.177316188812256,4.0718817710876465
MV-35,MV-35.jpg,8,0.5671495795249939,2.084717035293579
MV-36,MV-36.jpg,6,-8.143835067749023,3.190937042236328
MV-37,MV-37.jpg,7,4.926248073577881,-0.8694270253181458
MV-38,MV-38.jpg,5,-1.8944655656814575,2.0737593173980713
MV-39,MV-39.jpg,11,-4.046254634857178,-3.1527857780456543
MV-40,MV-40.jpg,5,0.9102106690406799,-3.0333077907562256
MV-41,MV-41.jpg,5,-2.2604596614837646,-1.120821237564087
MV-42,MV-42.jpg,4,2.0357003211975098,7.540721416473389
MV-43,MV-43.jpg,7,3.875913143157959,-1.0132356882095337
MV-44,MV-44.jpg,9,-1.8148376941680908,-1.5162439346313477
MV-45,MV-45.jpg,8,-3.1670780181884766,1.4212630987167358
MV-46,MV-46.jpg,11,-2.156590223312378,-3.2981717586517334
MV-47,MV-47.jpg,2,-5.188019275665283,1.606037974357605
MV-48,MV-48.jpg,0,3.8789103031158447,-5.976658821105957
MV-49,MV-49.jpg,9,-0.5857234001159668,-1.6886285543441772
MV-50,MV-50.jpg,8,0.4930432140827179,4.253728866577148
MW-1,MW-1.jpg,3,-3.232621192932129,-1.0440248250961304
MW-2,MW-2.jpg,11,-2.2826175689697266,-4.5636677742004395
MW-3,MW-3.jpg,2,-2.5830209255218506,-1.4073336124420166
MW-4,MW-4.jpg,3,-2.5552756786346436,-0.6542013883590698
MW-5,MW-5.jpg,2,-8.930919647216797,-0.4531532824039459
MW-6,MW-6.jpg,2,-8.134861946105957,-3.5196304321289062
MW-7,MW-7.jpg,2,-7.816841125488281,-5.196735858917236
MW-8,MW-8.jpg,2,-3.228910446166992,1.3896305561065674
MW-9,MW-9.jpg,4,4.64024019241333,0.998588502407074
MW-10,MW-10.jpg,8,-0.8227662444114685,3.2845458984375
MW-11,MW-11.jpg,3,-5.411041736602783,1.8896174430847168
MW-12,MW-12.jpg,2,-7.805330276489258,-2.3917059898376465
MW-13,MW-13.jpg,3,-0.5330632328987122,3.4482667446136475
MW-14,MW-14.jpg,0,1.9166646003723145,-3.638805627822876
MW-15,MW-15.jpg,11,0.6457187533378601,-6.067255020141602
MW-16,MW-16.jpg,2,-7.540207862854004,-4.7794413566589355
MW-17,MW-17.jpg,9,1.581780195236206,1.3590506315231323
MW-18,MW-18.jpg,11,-2.2826175689697266,-4.5636677742004395
MW-19,MW-19.jpg,4,3.199718713760376,1.4606834650039673
MW-20,MW-20.jpg,2,-7.805330276489258,-2.3917059898376465
MW-21,MW-21.jpg,7,3.6729650497436523,0.2949082851409912
MW-22,MW-22.jpg,0,2.9337551593780518,-3.160219192504883
MW-23,MW-23.jpg,3,-3.801546096801758,3.850226879119873
MW-24,MW-24.jpg,3,-2.437776803970337,2.5831539630889893
MW-25,MW-25.jpg,0,2.9337551593780518,-3.160219192504883
MW-26,MW-26.jpg,8,0.24747806787490845,4.322214603424072
MW-27,MW-27.jpg,7,6.659524917602539,0.3061894178390503
MW-28,MW-28.jpg,3,-2.5887489318847656,-1.5141035318374634
MW-29,MW-29.jpg,10,-2.9776899814605713,4.898412227630615
MW-30,MW-30.jpg,11,0.33995306491851807,-6.0589141845703125
MW-31,MW-31.jpg,11,0.7928446531295776,-4.423914432525635
MW-32,MW-32.jpg,3,-6.146106243133545,0.5941393375396729
MW-33,MW-33.jpg,7,3.1593878269195557,-1.9416935443878174
MW-34,MW-34.jpg,1,8.255169868469238,6.002238750457764
MW-35,MW-35.jpg,0,4.789576053619385,-1.4877636432647705
MW-36,MW-36.jpg,4,2.438952922821045,2.3566746711730957
MW-37,MW-37.jpg,4,3.6642637252807617,0.11606954038143158
MW-38,MW-38.jpg,4,1.728439211845398,6.343215465545654
MW-39,MW-39.jpg,2,-7.607764720916748,-5.312245845794678
MW-40,MW-40.jpg,3,-2.034945011138916,2.597269058227539
MW-41,MW-41.jpg,7,4.726433277130127,-0.8836271166801453
MW-42,MW-42.jpg,11,-0.482481986284256,-6.0264153480529785
MW-43,MW-43.jpg,3,-3.1722309589385986,0.36382028460502625
MW-44,MW-44.jpg,9,0.4393349587917328,0.2512718737125397
MW-45,MW-45.jpg,4,2.601334810256958,1.5070887804031372
MW-46,MW-46.jpg,3,-0.5369793176651001,0.3242744207382202
MW-47,MW-47.jpg,9,1.0350292921066284,-3.789050579071045
MW-48,MW-48.jpg,3,-2.677640914916992,-0.07665283977985382
MW-49,MW-49.jpg,8,1.7096662521362305,5.870573997497559
MW-50,MW-50.jpg,9,-0.09503588825464249,-1.9959490299224854
MX-1,MX-1.jpg,11,-4.267569541931152,-1.771077275276184
MX-2,MX-2.jpg,9,-0.3678518533706665,0.19550567865371704
MX-3,MX-3.jpg,4,2.023475170135498,3.463531494140625
MX-4,MX-4.jpg,8,-1.447516918182373,4.040609836578369
MX-5,MX-5.jpg,2,-3.660827398300171,1.382716417312622
MX-6,MX-6.jpg,7,3.397613525390625,0.8090403079986572
MX-7,MX-7.jpg,11,0.2648381292819977,-6.113327980041504
MX-8,MX-8.jpg,4,0.8318260312080383,1.6187692880630493
MX-9,MX-9.jpg,11,-1.2700202465057373,-3.7373147010803223
MX-10,MX-10.jpg,9,0.7550773620605469,-2.1783924102783203
MX-11,MX-11.jpg,7,2.9497578144073486,1.044817328453064
MX-12,MX-12.jpg,4,0.920604407787323,2.1139607429504395
MX-13,MX-13.jpg,8,-1.953899621963501,5.576908588409424
MX-14,MX-14.jpg,3,-0.2104702591896057,-0.2758297026157379
MX-15,MX-15.jpg,8,0.9032567143440247,1.5688271522521973
MX-16,MX-16.jpg,5,-1.4437403678894043,2.704500913619995
MX-17,MX-17.jpg,0,3.1895599365234375,-3.6767518520355225
MX-18,MX-18.jpg,4,3.9074487686157227,1.6101940870285034
MX-19,MX-19.jpg,6,-8.168264389038086,3.0496535301208496
MX-20,MX-20.jpg,10,2.1038103103637695,11.765388488769531
MX-21,MX-21.jpg,11,0.6533970236778259,-4.826292991638184
MX-22,MX-22.jpg,10,-1.796166181564331,6.974633693695068
MX-23,MX-23.jpg,0,4.305534362792969,-2.5548980236053467
MX-24,MX-24.jpg,11,-2.4274792671203613,-3.056936502456665
MX-25,MX-25.jpg,11,1.6109588146209717,-6.4476213455200195
MX-26,MX-26.jpg,9,1.5919365882873535,0.05518146604299545
MX-27,MX-27.jpg,11,-0.5648418068885803,-5.594180583953857
MX-28,MX-28.jpg,9,-0.0975186750292778,0.3294314742088318
MX-29,MX-29.jpg,2,-3.0068655014038086,1.6407116651535034
MX-30,MX-30.jpg,9,-0.235993430018425,0.10107013583183289
MX-31,MX-31.jpg,4,3.4307730197906494,4.071006774902344
MX-32,MX-32.jpg,9,1.3589657545089722,-2.1036746501922607
MX-33,MX-33.jpg,8,-0.4951699674129486,2.2893664836883545
MX-34,MX-34.jpg,8,1.9958046674728394,2.6983349323272705
MX-35,MX-35.jpg,8,-1.609197974205017,2.2750895023345947
MX-36,MX-36.jpg,8,-0.7084812521934509,3.075446605682373
MX-37,MX-37.jpg,2,-3.10244083404541,-2.4582457542419434
MX-38,MX-38.jpg,1,9.654094696044922,2.9133825302124023
MX-39,MX-39.jpg,9,1.6955968141555786,1.2786444425582886
MX-40,MX-40.jpg,3,0.4357260763645172,3.4607155323028564
MX-41,MX-41.jpg,9,1.9164947271347046,-3.1800320148468018
MX-42,MX-42.jpg,2,-5.950122833251953,-2.26967191696167
MX-43,MX-43.jpg,5,0.6900540590286255,3.470587730407715
MX-44,MX-44.jpg,3,-3.6481447219848633,0.6073469519615173
MX-45,MX-45.jpg,11,-1.9132468700408936,-5.668463706970215
MX-46,MX-46.jpg,9,-1.382261037826538,0.41693127155303955
MX-47,MX-47.jpg,5,3.6143980026245117,-2.7678122520446777
MX-48,MX-48.jpg,11,-5.071804046630859,-6.315615653991699
MX-49,MX-49.jpg,9,2.869121789932251,-2.882688045501709
MX-50,MX-50.jpg,11,-0.7676753997802734,-4.635796070098877
JE-1,JE-1.jpg,8,-0.35098060965538025,5.890926361083984
JE-2,JE-2.jpg,2,-6.539053440093994,-6.521042346954346
JE-3,JE-3.jpg,7,3.723855495452881,-2.1199734210968018
JE-4,JE-4.jpg,4,0.6482187509536743,5.779411792755127
JE-5,JE-5.jpg,4,3.6378164291381836,1.777639389038086
JE-6,JE-6.jpg,1,10.380879402160645,1.9094091653823853
JE-7,JE-7.jpg,3,1.744088888168335,-0.6722343564033508
JE-8,JE-8.jpg,5,-2.0970044136047363,-0.7323671579360962
JE-9,JE-9.jpg,2,-6.3692498207092285,-1.123392939567566
JE-10,JE-10.jpg,11,-1.2135950326919556,-4.657156944274902
JE-11,JE-11.jpg,9,3.4452362060546875,-1.7105743885040283
JE-12,JE-12.jpg,8,-4.008005619049072,0.6084581017494202
JE-13,JE-13.jpg,1,7.5292816162109375,3.0847678184509277
JE-14,JE-14.jpg,4,3.693834066390991,8.589662551879883
JE-15,JE-15.jpg,3,-1.3672842979431152,-0.30081722140312195
JE-16,JE-16.jpg,9,2.8432867527008057,-1.0472418069839478
JE-17,JE-17.jpg,7,3.7663469314575195,1.6765501499176025
JE-18,JE-18.jpg,5,-0.38029757142066956,1.1429286003112793
JE-19,JE-19.jpg,9,2.180941104888916,-4.321954727172852
JE-20,JE-20.jpg,4,2.4111950397491455,7.421081066131592
JE-21,JE-21.jpg,4,2.0561397075653076,6.33807897567749
JE-22,JE-22.jpg,11,0.7749707698822021,-5.97553014755249
JE-23,JE-23.jpg,2,-5.722461223602295,-4.9325361251831055
JE-24,JE-24.jpg,3,-7.14308500289917,-4.619891166687012
JE-25,JE-25.jpg,5,-2.6856212615966797,-0.175820454955101
JE-26,JE-26.jpg,8,-2.7880396842956543,2.503021717071533
JE-27,JE-27.jpg,9,2.589996576309204,-2.8707046508789062
JE-28,JE-28.jpg,3,3.612095594406128,0.1183101013302803
JE-29,JE-29.jpg,11,-1.7140460014343262,-3.9171950817108154
JE-30,JE-30.jpg,3,-2.3003933429718018,0.5023897290229797
JE-31,JE-31.jpg,9,-1.3325464725494385,-1.1794275045394897
JE-32,JE-32.jpg,11,-3.8751282691955566,-5.669393539428711
JE-33,JE-33.jpg,8,-3.7775275707244873,1.7946243286132812
JE-34,JE-34.jpg,4,0.8477226495742798,6.14771842956543
JE-35,JE-35.jpg,5,0.3795546889305115,-2.232377529144287
JE-36,JE-36.jpg,5,-2.8117129802703857,2.0910189151763916
JE-37,JE-37.jpg,8,-1.4867768287658691,1.680763840675354
JE-38,JE-38.jpg,5,2.307908535003662,-0.062209244817495346
JE-39,JE-39.jpg,8,-2.737140655517578,1.216320514678955
JE-40,JE-40.jpg,9,2.4956953525543213,-3.250786542892456
JE-41,JE-41.jpg,5,0.8123476505279541,-1.8529452085494995
JE-42,JE-42.jpg,3,2.461286783218384,1.0469861030578613
JE-43,JE-43.jpg,3,-4.462823867797852,-0.2977420389652252
JE-44,JE-44.jpg,0,2.4759209156036377,-5.553851127624512
JE-45,JE-45.jpg,4,1.6855193376541138,3.506563186645508
JE-46,JE-46.jpg,8,-2.3965981006622314,-0.24651721119880676
JE-47,JE-47.jpg,2,-4.23245096206665,0.3509630560874939
JE-48,JE-48.jpg,0,5.381276607513428,-2.25955867767334
JE-49,JE-49.jpg,10,-6.275192737579346,5.655768394470215
JE-50,JE-50.jpg,2,-4.450727939605713,1.9206944704055786
JM-1,JM-1.jpg,4,2.1324667930603027,4.864029407501221
JM-2,JM-2.jpg,9,-0.11091150343418121,1.5714119672775269
JM-3,JM-3.jpg,9,0.573559582233429,1.2024204730987549
JM-4,JM-4.jpg,3,-3.337242841720581,2.4756107330322266
JM-5,JM-5.jpg,2,-3.2813518047332764,-1.658560872077942
JM-6,JM-6.jpg,4,2.2235896587371826,2.1554739475250244
JM-7,JM-7.jpg,5,1.7540227174758911,-2.032865047454834
JM-8,JM-8.jpg,8,-0.26779842376708984,7.385358810424805
JM-9,JM-9.jpg,8,-3.5566868782043457,5.23861837387085
JM-10,JM-10.jpg,9,-1.5822454690933228,-2.3834969997406006
JM-11,JM-11.jpg,8,1.2212311029434204,3.131472110748291
JM-12,JM-12.jpg,9,4.31771993637085,-1.9501752853393555
JM-13,JM-13.jpg,3,-2.5254111289978027,-0.8673369288444519
JM-14,JM-14.jpg,4,2.5201058387756348,-0.1891479194164276
JM-15,JM-15.jpg,11,-2.4777824878692627,-3.257357358932495
JM-16,JM-16.jpg,11,-2.1104791164398193,-5.617634296417236
JM-17,JM-17.jpg,9,-0.45825228095054626,-0.8876417875289917
JM-18,JM-18.jpg,7,7.52315616607666,-0.8207101821899414
JM-19,JM-19.jpg,11,-1.5091429948806763,-6.209099292755127
JM-20,JM-20.jpg,4,1.2242059707641602,1.4010270833969116
JM-21,JM-21.jpg,9,3.0745859146118164,-2.4097259044647217
JM-22,JM-22.jpg,5,-3.0746445655822754,-1.163873553276062
JM-23,JM-23.jpg,9,1.049997329711914,-0.2423100620508194
JM-24,JM-24.jpg,9,0.6309599280357361,2.498748302459717
JM-25,JM-25.jpg,2,-2.2009642124176025,1.837681770324707
JM-26,JM-26.jpg,8,0.23594032227993011,4.07465934753418
JM-27,JM-27.jpg,9,0.9785565137863159,0.7957807779312134
JM-28,JM-28.jpg,5,-1.9489377737045288,-2.589984178543091
JM-29,JM-29.jpg,5,-0.4556172490119934,1.4092026948928833
JM-30,JM-30.jpg,4,2.065385341644287,3.5886569023132324
JM-31,JM-31.jpg,3,0.9106729030609131,-0.4752291738986969
JM-32,JM-32.jpg,2,-2.9681341648101807,-2.79467511177063
JM-33,JM-33.jpg,0,5.561577796936035,-2.558622121810913
JM-34,JM-34.jpg,9,-2.6567983627319336,-2.3245184421539307
JM-35,JM-35.jpg,3,-0.03935886174440384,0.8774521946907043
JM-36,JM-36.jpg,11,-3.132807970046997,-3.1229400634765625
JM-37,JM-37.jpg,11,-4.192770481109619,-7.395005702972412
JM-38,JM-38.jpg,7,10.781872749328613,2.4316318035125732
JM-39,JM-39.jpg,4,0.3149797022342682,4.528127670288086
JM-40,JM-40.jpg,9,-0.1662931591272354,-0.3803993761539459
JM-41,JM-41.jpg,2,-3.501089572906494,-0.7154726982116699
JM-42,JM-42.jpg,8,-0.6030791401863098,4.120375633239746
JM-43,JM-43.jpg,2,-5.966251850128174,-3.390748977661133
JM-44,JM-44.jpg,3,-2.7851901054382324,1.224750280380249
JM-45,JM-45.jpg,2,-3.950976610183716,-0.308483749628067
JM-46,JM-46.jpg,0,3.252084732055664,-4.690080165863037
JM-47,JM-47.jpg,9,-0.021565716713666916,-0.38420745730400085
JM-48,JM-48.jpg,0,2.4583451747894287,-3.1906003952026367
JM-49,JM-49.jpg,4,4.500476837158203,0.8229145407676697
JM-50,JM-50.jpg,1,7.859480381011963,4.223041534423828
JO-1,JO-1.jpg,11,-1.1764222383499146,-4.124755859375
JO-2,JO-2.jpg,3,0.43669813871383667,1.0318933725357056
JO-3,JO-3.jpg,2,-4.338120937347412,0.5224239826202393
JO-4,JO-4.jpg,0,5.260464191436768,-3.4246180057525635
JO-5,JO-5.jpg,2,-2.2328779697418213,1.5007996559143066
JO-6,JO-6.jpg,7,7.004787445068359,1.2985892295837402
JO-7,JO-7.jpg,4,4.7538862228393555,1.3872301578521729
JO-8,JO-8.jpg,4,4.285797595977783,3.8647310733795166
JO-9,JO-9.jpg,11,-4.226924419403076,-5.267834663391113
JO-10,JO-10.jpg,9,0.016758449375629425,0.0690082237124443
JO-11,JO-11.jpg,9,2.8581414222717285,-1.575689673423767
JO-12,JO-12.jpg,3,1.696287751197815,-5.337892055511475
JO-13,JO-13.jpg,0,0.8097753524780273,-6.302927017211914
JO-14,JO-14.jpg,4,3.38755202293396,2.830458879470825
JO-15,JO-15.jpg,5,-0.6459209322929382,-1.2535089254379272
JO-16,JO-16.jpg,3,-1.3463388681411743,-0.7425351142883301
JO-17,JO-17.jpg,3,1.0951753854751587,-0.31734663248062134
JO-18,JO-18.jpg,3,-1.7669073343276978,-0.8279460072517395
JO-19,JO-19.jpg,8,-2.5589282512664795,5.2078471183776855
JO-20,JO-20.jpg,9,0.2519678771495819,1.916154384613037
JO-21,JO-21.jpg,8,-1.243640422821045,3.9789249897003174
JO-22,JO-22.jpg,3,-3.381648302078247,0.42110902070999146
JO-23,JO-23.jpg,10,-4.4165568351745605,8.110817909240723
JO-24,JO-24.jpg,2,-6.542845726013184,-3.0144548416137695
JO-25,JO-25.jpg,10,-1.7791926860809326,11.823143005371094
JO-26,JO-26.jpg,11,-1.4841735363006592,-5.253965854644775
JO-27,JO-27.jpg,6,-4.7209343910217285,4.139535903930664
JO-28,JO-28.jpg,4,1.9441970586776733,1.2042443752288818
JO-29,JO-29.jpg,8,-1.3208945989608765,1.1893539428710938
JO-30,JO-30.jpg,0,0.9219455718994141,-4.954665660858154
JO-31,JO-31.jpg,4,2.3514535427093506,0.2739785611629486
JO-32,JO-32.jpg,9,2.3940136432647705,-0.4294242560863495
JO-33,JO-33.jpg,4,6.180083274841309,3.668670654296875
JO-34,JO-34.jpg,11,0.06642036885023117,-6.037744522094727
JO-35,JO-35.jpg,9,1.7066415548324585,-1.9499567747116089
JO-36,JO-36.jpg,11,-5.7361040115356445,-0.7295126914978027
JO-37,JO-37.jpg,3,-5.053751468658447,-3.2180161476135254
JO-38,JO-38.jpg,0,3.730306386947632,-3.2908334732055664
JO-39,JO-39.jpg,8,-1.5879559516906738,4.0996413230896
JO-40,JO-40.jpg,4,0.049307115375995636,5.080652713775635
JO-41,JO-41.jpg,4,0.6521894931793213,4.434746265411377
JO-42,JO-42.jpg,0,2.5028414726257324,-0.5033502578735352
JO-43,JO-43.jpg,8,-0.5917860865592957,1.1545196771621704
JO-44,JO-44.jpg,9,0.48629724979400635,-2.070993185043335
JO-45,JO-45.jpg,8,-3.041635513305664,0.962601363658905
JO-46,JO-46.jpg,4,0.9733883738517761,4.721704483032227
JO-47,JO-47.jpg,8,-0.023647071793675423,3.1885390281677246
JO-48,JO-48.jpg,4,3.4967706203460693,1.1550933122634888
JO-49,JO-49.jpg,4,5.040463447570801,0.8671009540557861
JO-50,JO-50.jpg,6,-9.167671203613281,1.8248947858810425
JP-1,JP-1.jpg,4,0.6036602258682251,8.097644805908203
JP-2,JP-2.jpg,8,1.4784170389175415,5.318967819213867
JP-3,JP-3.jpg,7,4.276034832000732,1.23285973072052
JP-4,JP-4.jpg,9,-1.3349039554595947,-2.7773842811584473
JP-5,JP-5.jpg,10,-4.655185222625732,0.6637888550758362
JP-6,JP-6.jpg,1,7.057384490966797,0.737209677696228
JP-7,JP-7.jpg,1,8.419075012207031,1.704944133758545
JP-8,JP-8.jpg,11,-2.1808881759643555,-2.615466594696045
JP-9,JP-9.jpg,2,-4.379929542541504,0.9655968546867371
JP-10,JP-10.jpg,4,4.887403964996338,-0.33014219999313354
JP-11,JP-11.jpg,0,1.3196966648101807,-3.297457456588745
JP-12,JP-12.jpg,1,10.494172096252441,3.1971664428710938
JP-13,JP-13.jpg,0,6.083762168884277,-6.903615951538086
JP-14,JP-14.jpg,8,-1.5529230833053589,3.693423271179199
JP-15,JP-15.jpg,7,6.685415744781494,2.0554392337799072
JP-16,JP-16.jpg,7,6.712778568267822,1.673500895500183
JP-17,JP-17.jpg,4,3.795121431350708,4.587118148803711
JP-18,JP-18.jpg,8,-2.81585955619812,1.253557801246643
JP-19,JP-19.jpg,1,10.848176956176758,2.4130518436431885
JP-20,JP-20.jpg,1,9.866958618164062,1.5117586851119995
JP-21,JP-21.jpg,0,6.857411861419678,-1.0019317865371704
JP-22,JP-22.jpg,9,2.879005193710327,-0.48290541768074036
JP-23,JP-23.jpg,4,5.515486717224121,1.4123871326446533
JP-24,JP-24.jpg,9,-1.323944330215454,-0.4872368574142456
JP-25,JP-25.jpg,8,-2.339986801147461,2.1076083183288574
JP-26,JP-26.jpg,11,0.7996181845664978,-4.448407173156738
JP-27,JP-27.jpg,4,2.7668185234069824,2.132223129272461
JP-28,JP-28.jpg,11,-1.3197240829467773,-5.79068660736084
JP-29,JP-29.jpg,11,0.8196866512298584,-11.534841537475586
JP-30,JP-30.jpg,7,10.150813102722168,0.4471081495285034
JP-31,JP-31.jpg,11,-0.353850394487381,-4.107870101928711
JP-32,JP-32.jpg,6,-5.982722282409668,6.231661319732666
JP-33,JP-33.jpg,10,0.45636507868766785,6.000075340270996
JP-34,JP-34.jpg,4,0.6474279761314392,2.881072521209717
JP-35,JP-35.jpg,1,8.071697235107422,1.0394097566604614
JP-36,JP-36.jpg,11,-2.4471054077148438,-2.938897132873535
JP-37,JP-37.jpg,4,5.785482883453369,2.1922764778137207
JP-38,JP-38.jpg,8,-2.162929058074951,1.8843270540237427
JP-39,JP-39.jpg,9,0.6254582405090332,0.06495829671621323
JP-40,JP-40.jpg,8,-2.4037225246429443,2.7554755210876465
JP-41,JP-41.jpg,1,9.68822956085205,-0.6223883628845215
JP-42,JP-42.jpg,6,-5.811261177062988,2.0803983211517334
JP-43,JP-43.jpg,5,-1.6347111463546753,-3.3973920345306396
JP-44,JP-44.jpg,7,6.285502910614014,3.530924081802368
JP-45,JP-45.jpg,4,6.89650821685791,5.187008857727051
JP-46,JP-46.jpg,4,5.391594409942627,3.9635703563690186
JP-47,JP-47.jpg,11,-0.2615777850151062,-6.593697547912598
JP-48,JP-48.jpg,7,3.6692559719085693,-1.8595101833343506
JP-49,JP-49.jpg,8,-0.06023741886019707,4.997183322906494
JP-50,JP-50.jpg,0,3.8364696502685547,-4.221540927886963
KE-1,KE-1.jpg,3,-1.4440017938613892,-1.2964684963226318
KE-2,KE-2.jpg,8,-1.1851025819778442,1.5818147659301758
KE-3,KE-3.jpg,2,-7.039253234863281,0.12179464846849442
KE-4,KE-4.jpg,3,-4.044063568115234,3.0680971145629883
KE-5,KE-5.jpg,4,1.6166857481002808,1.3207299709320068
KE-6,KE-6.jpg,9,-1.5026284456253052,-3.706768751144409
KE-7,KE-7.jpg,3,-3.1364641189575195,-2.7151966094970703
KE-8,KE-8.jpg,8,-1.0481677055358887,3.33219838142395
KE-9,KE-9.jpg,3,-0.0242674108594656,0.13977648317813873
KE-10,KE-10.jpg,4,0.3048578202724457,6.2454094886779785
KE-11,KE-11.jpg,9,1.018501877784729,-2.0320093631744385
KE-12,KE-12.jpg,8,-2.478611469268799,1.6551309823989868
KE-13,KE-13.jpg,0,3.5740795135498047,-3.879547595977783
KE-14,KE-14.jpg,8,-2.478611469268799,1.6551309823989868
KE-15,KE-15.jpg,2,-5.98374605178833,1.0435396432876587
KE-16,KE-16.jpg,9,-0.8998545408248901,0.1254979968070984
KE-17,KE-17.jpg,5,-0.4186343252658844,-1.9690790176391602
KE-18,KE-18.jpg,3,-2.0664992332458496,2.316362142562866
KE-19,KE-19.jpg,11,-3.05179762840271,-5.733104705810547
KE-20,KE-20.jpg,3,0.0992552861571312,1.319431185722351
KE-21,KE-21.jpg,3,-2.0664992332458496,2.316362142562866
KE-22,KE-22.jpg,3,-1.7856731414794922,-2.693570852279663
KE-23,KE-23.jpg,2,-3.4372239112854004,-1.409040093421936
KE-24,KE-24.jpg,2,-4.181649208068848,1.9763869047164917
KE-25,KE-25.jpg,8,-1.4482592344284058,3.4479079246520996
KE-26,KE-26.jpg,9,-0.04848065972328186,-3.6223435401916504
KE-27,KE-27.jpg,2,-6.612656593322754,-1.458788275718689
KE-28,KE-28.jpg,8,-1.3613076210021973,3.074418544769287
KE-29,KE-29.jpg,3,-1.9817157983779907,-1.3523659706115723
KE-30,KE-30.jpg,5,-0.4186343252658844,-1.9690790176391602
KE-31,KE-31.jpg,6,-5.664419174194336,4.861940860748291
KE-32,KE-32.jpg,5,1.1665019989013672,-0.13545061647891998
KE-33,KE-33.jpg,8,1.3434916734695435,4.441556453704834
KE-34,KE-34.jpg,8,-1.1011312007904053,3.5732266902923584
KE-35,KE-35.jpg,2,-3.477084159851074,-3.828917980194092
KE-36,KE-36.jpg,10,-3.3141071796417236,5.353799819946289
KE-37,KE-37.jpg,9,0.9433901309967041,1.4874439239501953
KE-38,KE-38.jpg,3,-2.3596229553222656,3.274827241897583
KE-39,KE-39.jpg,2,-7.167206764221191,-5.112653732299805
KE-40,KE-40.jpg,5,0.7746961116790771,1.9380425214767456
KE-41,KE-41.jpg,2,-3.8991241455078125,-0.8288640975952148
KE-42,KE-42.jpg,5,-0.4186343252658844,-1.9690790176391602
KE-43,KE-43.jpg,3,-0.6835778951644897,0.14423716068267822
KE-44,KE-44.jpg,11,-0.7510356307029724,-8.319236755371094
KE-45,KE-45.jpg,0,4.035769939422607,-3.8574602603912354
KE-46,KE-46.jpg,3,-0.8377218246459961,-2.1527798175811768
KE-47,KE-47.jpg,9,0.2277984470129013,-0.10665009170770645
KE-48,KE-48.jpg,9,-0.058911386877298355,-0.7220715284347534
KE-49,KE-49.jpg,4,3.3435401916503906,2.646078586578369
KE-50,KE-50.jpg,8,-0.5780574083328247,4.512482643127441
KG-1,KG-1.jpg,8,-1.9857021570205688,1.8892494440078735
KG-2,KG-2.jpg,8,-3.55368709564209,2.6207118034362793
KG-3,KG-3.jpg,11,0.0801641047000885,-8.455666542053223
KG-4,KG-4.jpg,9,-1.4070689678192139,-3.2759451866149902
KG-5,KG-5.jpg,3,-3.54034686088562,-0.3561283051967621
KG-6,KG-6.jpg,8,-4.191534042358398,2.8769643306732178
KG-7,KG-7.jpg,11,-4.251715660095215,-2.361640453338623
KG-8,KG-8.jpg,5,-2.724618673324585,0.9272777438163757
KG-9,KG-9.jpg,9,-2.5577118396759033,-0.8543322682380676
KG-10,KG-10.jpg,8,-2.075371265411377,3.888444662094116
KG-11,KG-11.jpg,8,-3.3172082901000977,4.852802753448486
KG-12,KG-12.jpg,1,6.119753837585449,4.335971832275391
KG-13,KG-13.jpg,6,-8.894813537597656,3.4790847301483154
KG-14,KG-14.jpg,5,0.389416366815567,-2.1802520751953125
KG-15,KG-15.jpg,9,0.5628550052642822,1.0885180234909058
KG-16,KG-16.jpg,3,-1.7025126218795776,0.12333010137081146
KG-17,KG-17.jpg,8,-2.1463189125061035,1.7872726917266846
KG-18,KG-18.jpg,4,6.112338066101074,3.7460317611694336
KG-19,KG-19.jpg,2,-4.99983024597168,0.036804601550102234
KG-20,KG-20.jpg,2,-4.713721752166748,-1.6234861612319946
KG-21,KG-21.jpg,9,2.0664968490600586,-3.8020856380462646
KG-22,KG-22.jpg,5,-2.6361117362976074,1.6688520908355713
KG-23,KG-23.jpg,10,-2.437505006790161,3.8857808113098145
KG-24,KG-24.jpg,8,-2.9449148178100586,5.813828945159912
KG-25,KG-25.jpg,0,2.800532102584839,-6.351688385009766
KG-26,KG-26.jpg,0,7.733747482299805,-6.556706428527832
KG-27,KG-27.jpg,3,-1.1466549634933472,-3.61201810836792
KG-28,KG-28.jpg,9,-0.6492314338684082,-2.6018283367156982
KG-29,KG-29.jpg,2,-7.13466739654541,-0.28701233863830566
KG-30,KG-30.jpg,9,-0.15366269648075104,-0.006741800811141729
KG-31,KG-31.jpg,2,-2.5512125492095947,0.29236534237861633
KG-32,KG-32.jpg,2,-3.493485689163208,-1.3521848917007446
KG-33,KG-33.jpg,4,0.9256725311279297,4.327071666717529
KG-34,KG-34.jpg,2,-4.5043110847473145,-2.3502118587493896
KG-35,KG-35.jpg,8,-1.5048596858978271,1.6133519411087036
KG-36,KG-36.jpg,9,-1.3306083679199219,-2.458085536956787
KG-37,KG-37.jpg,10,-2.755896806716919,9.911383628845215
KG-38,KG-38.jpg,8,-1.7114990949630737,2.049558639526367
KG-39,KG-39.jpg,3,0.8461081385612488,-2.6797685623168945
KG-40,KG-40.jpg,9,-2.144531488418579,-2.1375510692596436
KG-41,KG-41.jpg,7,5.513908863067627,0.3857313394546509
KG-42,KG-42.jpg,2,-6.148412704467773,6.6952996253967285
KG-43,KG-43.jpg,5,-0.0729699656367302,-2.625494956970215
KG-44,KG-44.jpg,5,-1.3420237302780151,0.28870946168899536
KG-45,KG-45.jpg,4,2.560497283935547,1.6816024780273438
KG-46,KG-46.jpg,4,1.0344105958938599,3.4406046867370605
KG-47,KG-47.jpg,9,2.8007845878601074,0.2163751721382141
KG-48,KG-48.jpg,6,-3.3975372314453125,5.414478778839111
KG-49,KG-49.jpg,9,0.3727826476097107,-2.71571683883667
KG-50,KG-50.jpg,5,1.4446196556091309,-2.0043232440948486
KH-1,KH-1.jpg,3,-3.952728271484375,-0.6361914277076721
KH-2,KH-2.jpg,8,-2.369826316833496,0.4742480516433716
KH-3,KH-3.jpg,2,-2.1043050289154053,0.15746548771858215
KH-4,KH-4.jpg,8,-0.4687007963657379,2.2728874683380127
KH-5,KH-5.jpg,6,-6.9774956703186035,1.359258770942688
KH-6,KH-6.jpg,10,-3.5510361194610596,6.391326904296875
KH-7,KH-7.jpg,6,-5.321734428405762,1.272393822669983
KH-8,KH-8.jpg,8,-2.0668814182281494,2.0268726348876953
KH-9,KH-9.jpg,9,-0.3553757667541504,-0.013538741506636143
KH-10,KH-10.jpg,9,0.6090256571769714,0.944276750087738
KH-11,KH-11.jpg,3,-3.698734998703003,0.11197724938392639
KH-12,KH-12.jpg,9,-1.6367828845977783,-0.04701324924826622
KH-13,KH-13.jpg,9,2.9761242866516113,-0.3714057505130768
KH-14,KH-14.jpg,8,-1.6620382070541382,2.3269219398498535
KH-15,KH-15.jpg,11,-2.6652045249938965,-5.744894504547119
KH-16,KH-16.jpg,9,-0.5058422684669495,-1.031084656715393
KH-17,KH-17.jpg,8,-2.8655834197998047,4.306886672973633
KH-18,KH-18.jpg,1,9.659506797790527,3.426968574523926
KH-19,KH-19.jpg,8,-2.830948829650879,0.6713767051696777
KH-20,KH-20.jpg,10,-1.1829372644424438,4.818219184875488
KH-21,KH-21.jpg,2,-6.627025127410889,0.23791414499282837
KH-22,KH-22.jpg,3,-0.9315268993377686,-5.8741679191589355
KH-23,KH-23.jpg,7,5.1343183517456055,-2.3214614391326904
KH-24,KH-24.jpg,8,-1.2478547096252441,1.8840181827545166
KH-25,KH-25.jpg,9,-0.6154475808143616,-0.7108425498008728
KH-26,KH-26.jpg,3,-0.18034496903419495,-0.21186700463294983
KH-27,KH-27.jpg,9,0.33458441495895386,-0.44348952174186707
KH-28,KH-28.jpg,4,3.7718865871429443,3.072993755340576
KH-29,KH-29.jpg,2,-5.165168762207031,2.3921117782592773
KH-30,KH-30.jpg,8,-0.9578298330307007,1.1153597831726074
KH-31,KH-31.jpg,4,1.3478361368179321,2.5627501010894775
KH-32,KH-32.jpg,3,-3.3906280994415283,0.7765769958496094
KH-33,KH-33.jpg,3,-1.4835429191589355,0.20007559657096863
KH-34,KH-34.jpg,7,3.4716413021087646,1.0143334865570068
KH-35,KH-35.jpg,3,-1.5900648832321167,-2.8353888988494873
KH-36,KH-36.jpg,0,4.823958873748779,-5.31787633895874
KH-37,KH-37.jpg,9,-0.08861667662858963,-2.1979329586029053
KH-38,KH-38.jpg,2,-3.8606760501861572,2.4772281646728516
KH-39,KH-39.jpg,0,0.9660012125968933,-4.151971817016602
KH-40,KH-40.jpg,8,-4.1742424964904785,1.536785364151001
KH-41,KH-41.jpg,2,-5.004157066345215,-2.8815348148345947
KH-42,KH-42.jpg,6,-8.361462593078613,3.9058191776275635
KH-43,KH-43.jpg,4,3.5482513904571533,2.9232544898986816
KH-44,KH-44.jpg,0,2.7290985584259033,-4.537576198577881
KH-45,KH-45.jpg,7,4.801688194274902,-2.6862056255340576
KH-46,KH-46.jpg,11,-0.39754799008369446,-4.432125568389893
KH-47,KH-47.jpg,2,-1.88279390335083,1.6478991508483887
KH-48,KH-48.jpg,4,0.887251615524292,3.661393642425537
KH-49,KH-49.jpg,9,0.06279551982879639,0.5226757526397705
KH-50,KH-50.jpg,3,-2.624540328979492,0.4800969362258911
KN-1,KN-1.jpg,7,9.057475090026855,0.32308778166770935
KN-2,KN-2.jpg,9,-1.2996493577957153,-0.4195409417152405
KN-3,KN-3.jpg,3,-5.447288513183594,-4.326585292816162
KN-4,KN-4.jpg,7,4.760277271270752,-0.7544928789138794
KN-5,KN-5.jpg,4,3.868685722351074,-0.23523718118667603
KN-6,KN-6.jpg,5,-1.5250164270401,-1.686818242073059
KN-7,KN-7.jpg,11,-0.5517104268074036,-2.569514751434326
KN-8,KN-8.jpg,1,7.212878227233887,5.560272216796875
KN-9,KN-9.jpg,9,-0.139329731464386,-1.822344422340393
KN-10,KN-10.jpg,2,-6.7183709144592285,-0.8750051856040955
KN-11,KN-11.jpg,2,-4.625486373901367,-1.2816013097763062
KN-12,KN-12.jpg,1,8.533924102783203,3.33681583404541
KN-13,KN-13.jpg,7,7.804707050323486,-2.7025563716888428
KN-14,KN-14.jpg,4,0.4753658175468445,5.3058247566223145
KN-15,KN-15.jpg,4,3.7089593410491943,4.0849609375
KN-16,KN-16.jpg,5,-1.2427250146865845,0.04568706452846527
KN-17,KN-17.jpg,1,7.770593166351318,3.809460163116455
KN-18,KN-18.jpg,10,-6.314558029174805,8.1073637008667
KN-19,KN-19.jpg,7,5.554748058319092,-0.5526255965232849
KN-20,KN-20.jpg,2,-6.840242385864258,-5.5199103355407715
KN-21,KN-21.jpg,2,-4.445960998535156,0.9111438989639282
KN-22,KN-22.jpg,2,-3.325169086456299,-1.902101755142212
KN-23,KN-23.jpg,7,4.850778579711914,0.598597526550293
KN-24,KN-24.jpg,6,-8.375816345214844,2.5812721252441406
KN-25,KN-25.jpg,5,3.1072938442230225,0.7056581377983093
KN-26,KN-26.jpg,9,1.345925211906433,0.19729956984519958
KN-27,KN-27.jpg,1,6.424898624420166,3.8449645042419434
KN-28,KN-28.jpg,1,8.226848602294922,2.506291389465332
KN-29,KN-29.jpg,4,7.249236583709717,3.9265365600585938
KN-30,KN-30.jpg,1,8.204928398132324,2.893451690673828
KN-31,KN-31.jpg,5,-1.7266743183135986,-3.338719367980957
KN-32,KN-32.jpg,1,8.608908653259277,1.7829508781433105
KN-33,KN-33.jpg,9,0.006686855107545853,-1.8681340217590332
KN-34,KN-34.jpg,8,-2.0700619220733643,3.0757038593292236
KN-35,KN-35.jpg,1,7.7843403816223145,2.124739408493042
KN-36,KN-36.jpg,1,8.24862003326416,3.317786693572998
KN-37,KN-37.jpg,1,7.770593166351318,3.809460163116455
KN-38,KN-38.jpg,1,6.76100492477417,3.6947238445281982
KN-39,KN-39.jpg,9,-0.5390015244483948,0.7429773211479187
KN-40,KN-40.jpg,9,-0.9775534272193909,0.17965678870677948
KN-41,KN-41.jpg,10,-7.10369873046875,3.5497679710388184
KN-42,KN-42.jpg,11,-3.8820040225982666,-3.0844340324401855
KN-43,KN-43.jpg,7,6.04424524307251,-3.871227979660034
KN-44,KN-44.jpg,8,-3.9185574054718018,2.8346242904663086
KN-45,KN-45.jpg,1,8.24862003326416,3.317786693572998
KN-46,KN-46.jpg,1,8.036423683166504,3.342623710632324
KN-47,KN-47.jpg,7,6.307864665985107,1.2385494709014893
KN-48,KN-48.jpg,0,6.679113864898682,-2.8919427394866943
KN-49,KN-49.jpg,5,-0.6974667906761169,1.5253558158874512
KN-50,KN-50.jpg,11,-0.7522134184837341,-3.2340564727783203
KP-1,KP-1.jpg,6,-6.091030597686768,1.953367829322815
KP-2,KP-2.jpg,9,-1.745915174484253,0.4844818115234375
KP-3,KP-3.jpg,9,3.1195735931396484,-2.6055450439453125
KP-4,KP-4.jpg,4,5.494269371032715,1.063872218132019
KP-5,KP-5.jpg,3,-1.4172234535217285,-2.104111433029175
KP-6,KP-6.jpg,9,0.9456637501716614,-2.875129222869873
KP-7,KP-7.jpg,0,2.6813814640045166,-2.9742729663848877
KP-8,KP-8.jpg,9,-1.413576602935791,-1.7170491218566895
KP-9,KP-9.jpg,9,1.4128040075302124,-1.5682200193405151
KP-10,KP-10.jpg,2,-3.6248931884765625,0.23788632452487946
KP-11,KP-11.jpg,11,0.8107595443725586,-6.515900611877441
KP-12,KP-12.jpg,11,-2.6157944202423096,-4.320505142211914
KP-13,KP-13.jpg,0,3.355579376220703,-3.815716028213501
KP-14,KP-14.jpg,9,-0.365181565284729,-1.4359065294265747
KP-15,KP-15.jpg,2,-5.929145336151123,0.46822500228881836
KP-16,KP-16.jpg,2,-4.3511128425598145,-5.268590927124023
KP-17,KP-17.jpg,2,-6.636829853057861,-0.3704867660999298
KP-18,KP-18.jpg,0,4.142668724060059,-1.5745174884796143
KP-19,KP-19.jpg,9,2.4860808849334717,-1.9084545373916626
KP-20,KP-20.jpg,7,4.3918046951293945,-3.0602805614471436
KP-21,KP-21.jpg,3,-1.4114307165145874,2.305661678314209
KP-22,KP-22.jpg,11,-1.006237506866455,-4.819294452667236
KP-23,KP-23.jpg,0,4.18454647064209,-3.8332252502441406
KP-24,KP-24.jpg,0,4.768115997314453,-5.659325122833252
KP-25,KP-25.jpg,7,5.266025543212891,1.6322249174118042
KP-26,KP-26.jpg,2,-4.210762977600098,0.5458968877792358
KP-27,KP-27.jpg,11,-0.3905852735042572,-5.920567512512207
KP-28,KP-28.jpg,9,-0.22669865190982819,0.48484861850738525
KP-29,KP-29.jpg,5,-0.8788111209869385,-5.4522294998168945
KP-30,KP-30.jpg,11,-1.6207702159881592,-3.762737512588501
KP-31,KP-31.jpg,4,4.494161605834961,-0.20706063508987427
KP-32,KP-32.jpg,2,-2.6278462409973145,-1.6850475072860718
KP-33,KP-33.jpg,4,3.0660483837127686,0.690779447555542
KP-34,KP-34.jpg,9,2.8363804817199707,-1.3355425596237183
KP-35,KP-35.jpg,7,5.168887615203857,-0.8834611773490906
KP-36,KP-36.jpg,6,-3.700652837753296,2.947342872619629
KP-37,KP-37.jpg,7,6.0439372062683105,-0.22725029289722443
KP-38,KP-38.jpg,0,3.4712045192718506,-3.4391021728515625
KP-39,KP-39.jpg,2,-3.7638471126556396,-1.3548858165740967
KP-40,KP-40.jpg,9,1.0015783309936523,1.0504350662231445
KP-41,KP-41.jpg,9,3.16082501411438,-0.3924386501312256
KP-42,KP-42.jpg,11,-1.2861294746398926,-4.7082977294921875
KP-43,KP-43.jpg,7,5.524142265319824,-3.3282153606414795
KP-44,KP-44.jpg,4,1.026828646659851,3.5613527297973633
KP-45,KP-45.jpg,11,-2.606444835662842,-4.219399929046631
KP-46,KP-46.jpg,11,1.31355881690979,-5.849859714508057
KP-47,KP-47.jpg,2,-5.613855838775635,0.561503529548645
KP-48,KP-48.jpg,2,-3.6801042556762695,-0.953278660774231
KP-49,KP-49.jpg,11,-1.5396003723144531,-6.550253868103027
KP-50,KP-50.jpg,7,4.1015825271606445,-2.168039560317993
KR-1,KR-1.jpg,0,4.736599445343018,-2.7636451721191406
KR-2,KR-2.jpg,6,-4.73012113571167,10.141331672668457
KR-3,KR-3.jpg,11,2.2616641521453857,-4.234014511108398
KR-4,KR-4.jpg,7,5.811421871185303,-0.17371518909931183
KR-5,KR-5.jpg,8,-2.6278998851776123,1.6556612253189087
KR-6,KR-6.jpg,3,0.2456589937210083,3.0250091552734375
KR-7,KR-7.jpg,8,-1.8998191356658936,-0.0170785840600729
KR-8,KR-8.jpg,7,3.893989086151123,0.39241182804107666
KR-9,KR-9.jpg,2,-4.855609893798828,1.0343639850616455
KR-10,KR-10.jpg,11,-0.7690021991729736,-4.447500228881836
KR-11,KR-11.jpg,10,-5.255454063415527,4.579126834869385
KR-12,KR-12.jpg,10,-3.018998622894287,7.547849178314209
KR-13,KR-13.jpg,4,3.5221304893493652,3.0890607833862305
KR-14,KR-14.jpg,7,8.552075386047363,-3.60019850730896
KR-15,KR-15.jpg,9,-0.8149992823600769,-2.1013193130493164
KR-16,KR-16.jpg,0,1.4307105541229248,-6.614037036895752
KR-17,KR-17.jpg,1,8.01061725616455,7.990355968475342
KR-18,KR-18.jpg,11,-0.9138657450675964,-5.534465312957764
KR-19,KR-19.jpg,2,-9.244847297668457,-2.255298137664795
KR-20,KR-20.jpg,3,-2.8901474475860596,0.47176018357276917
KR-21,KR-21.jpg,7,7.952635288238525,0.3750823438167572
KR-22,KR-22.jpg,5,2.9031472206115723,1.8866971731185913
KR-23,KR-23.jpg,3,-4.1733317375183105,-1.9269485473632812
KR-24,KR-24.jpg,6,-8.070436477661133,6.564967632293701
KR-25,KR-25.jpg,0,1.6446751356124878,-4.935755729675293
KR-26,KR-26.jpg,3,0.7705767750740051,0.7496394515037537
KR-27,KR-27.jpg,0,8.037349700927734,-6.102856159210205
KR-28,KR-28.jpg,1,10.533563613891602,2.3495328426361084
KR-29,KR-29.jpg,8,-2.830739974975586,1.1028010845184326
KR-30,KR-30.jpg,9,3.6758296489715576,-1.5838907957077026
KR-31,KR-31.jpg,8,0.4703843295574188,3.1969223022460938
KR-32,KR-32.jpg,0,3.455441474914551,-4.53739070892334
KR-33,KR-33.jpg,0,2.339428186416626,-4.214308261871338
KR-34,KR-34.jpg,3,-3.833007335662842,2.653614044189453
KR-35,KR-35.jpg,5,3.1372623443603516,-0.10420455038547516
KR-36,KR-36.jpg,7,8.205123901367188,-2.7303521633148193
KR-37,KR-37.jpg,9,2.239067316055298,-0.5252885222434998
KR-38,KR-38.jpg,0,4.903446674346924,-2.375159502029419
KR-39,KR-39.jpg,3,-0.5591856837272644,-2.1825032234191895
KR-40,KR-40.jpg,9,0.04073052853345871,-0.4281708896160126
KR-41,KR-41.jpg,0,3.4811346530914307,-5.942285060882568
KR-42,KR-42.jpg,11,-0.0030439484398812056,-7.401463031768799
KR-43,KR-43.jpg,9,1.7466742992401123,1.1899287700653076
KR-44,KR-44.jpg,9,0.3533819615840912,-2.855741024017334
KR-45,KR-45.jpg,8,-1.199276328086853,2.0628325939178467
KR-46,KR-46.jpg,5,0.0010994784533977509,0.868560791015625
KR-47,KR-47.jpg,11,-0.75031977891922,-4.604325294494629
KR-48,KR-48.jpg,3,-3.9072792530059814,2.568521499633789
KR-49,KR-49.jpg,0,1.9138824939727783,-8.376778602600098
KR-50,KR-50.jpg,3,2.797208070755005,-3.510557174682617
KW-1,KW-1.jpg,8,-1.1302566528320312,5.999392986297607
KW-2,KW-2.jpg,11,-0.029620256274938583,-4.168061256408691
KW-3,KW-3.jpg,7,7.168903350830078,-1.8228410482406616
KW-4,KW-4.jpg,0,3.3692209720611572,-2.306591272354126
KW-5,KW-5.jpg,5,1.8377097845077515,-3.376131296157837
KW-6,KW-6.jpg,9,1.7779884338378906,0.9020010828971863
KW-7,KW-7.jpg,7,4.394524097442627,-1.849669337272644
KW-8,KW-8.jpg,11,-0.4706132113933563,-3.909550428390503
KW-9,KW-9.jpg,4,1.6545623540878296,1.7126572132110596
KW-10,KW-10.jpg,4,5.423142910003662,5.480349063873291
KW-11,KW-11.jpg,6,-5.690328598022461,4.982487201690674
KW-12,KW-12.jpg,8,-0.37561357021331787,3.9141640663146973
KW-13,KW-13.jpg,11,-0.05459539592266083,-5.913961410522461
KW-14,KW-14.jpg,8,-2.8532297611236572,2.4792535305023193
KW-15,KW-15.jpg,10,-5.918656826019287,5.944065093994141
KW-16,KW-16.jpg,7,6.911970615386963,-3.7854835987091064
KW-17,KW-17.jpg,8,-0.007336377166211605,4.145936489105225
KW-18,KW-18.jpg,5,2.0639584064483643,-0.4788493812084198
KW-19,KW-19.jpg,4,-0.7123587131500244,1.8033655881881714
KW-20,KW-20.jpg,2,-6.252682685852051,-1.8602991104125977
KW-21,KW-21.jpg,9,0.011197811923921108,-0.5443305373191833
KW-22,KW-22.jpg,11,0.5041194558143616,-4.010817527770996
KW-23,KW-23.jpg,11,-1.0791704654693604,-3.692103385925293
KW-24,KW-24.jpg,4,1.224096417427063,3.7569377422332764
KW-25,KW-25.jpg,7,4.486487865447998,-2.6927661895751953
KW-26,KW-26.jpg,11,0.3561078608036041,-6.3449249267578125
KW-27,KW-27.jpg,9,0.9575740098953247,-3.2536113262176514
KW-28,KW-28.jpg,2,-3.707535743713379,-0.1828477680683136
KW-29,KW-29.jpg,8,-0.4285421669483185,3.9307479858398438
KW-30,KW-30.jpg,11,-3.1182374954223633,-4.29323148727417
KW-31,KW-31.jpg,7,4.938945293426514,-2.851024627685547
KW-32,KW-32.jpg,2,-1.9608567953109741,2.19873046875
KW-33,KW-33.jpg,9,0.02986525185406208,1.562331199645996
KW-34,KW-34.jpg,11,1.136388897895813,-3.688319206237793
KW-35,KW-35.jpg,2,-3.9943342208862305,0.2864585220813751
KW-36,KW-36.jpg,7,3.954514265060425,1.6902308464050293
KW-37,KW-37.jpg,4,1.227983832359314,2.03505277633667
KW-38,KW-38.jpg,5,0.028079980984330177,0.1308457851409912
KW-39,KW-39.jpg,11,1.1389786005020142,-3.6863272190093994
KW-40,KW-40.jpg,4,2.283440351486206,0.14047783613204956
KW-41,KW-41.jpg,4,1.3318833112716675,2.7824759483337402
KW-42,KW-42.jpg,4,3.5088322162628174,0.9910364151000977
KW-43,KW-43.jpg,4,3.0630245208740234,6.114419937133789
KW-44,KW-44.jpg,7,8.436772346496582,-2.5807106494903564
KW-45,KW-45.jpg,9,1.851836919784546,0.9379836320877075
KW-46,KW-46.jpg,4,2.9013803005218506,0.17084412276744843
KW-47,KW-47.jpg,4,-0.11613055318593979,2.5448973178863525
KW-48,KW-48.jpg,7,5.250221252441406,0.11399804800748825
KW-49,KW-49.jpg,7,7.731902599334717,-0.9077861905097961
KW-50,KW-50.jpg,2,-3.5301272869110107,-0.6801154613494873
KY-1,KY-1.jpg,7,6.950990676879883,-2.7014739513397217
KY-2,KY-2.jpg,8,-1.5758247375488281,0.0024199453182518482
KY-3,KY-3.jpg,7,3.522275447845459,-1.4218937158584595
KY-4,KY-4.jpg,6,-6.529050827026367,2.959061622619629
KY-5,KY-5.jpg,2,-4.5031938552856445,-2.164713144302368
KY-6,KY-6.jpg,9,0.5884373784065247,1.225776195526123
KY-7,KY-7.jpg,5,-1.072399377822876,1.592128872871399
KY-8,KY-8.jpg,9,-0.04246797040104866,0.2776922881603241
KY-9,KY-9.jpg,5,1.3493843078613281,-0.24820217490196228
KY-10,KY-10.jpg,9,-0.6037415266036987,-0.2073282152414322
KY-11,KY-11.jpg,2,-2.07053542137146,0.6372032165527344
KY-12,KY-12.jpg,9,-3.1116695404052734,-0.8159549832344055
KY-13,KY-13.jpg,9,1.2803559303283691,-1.4904670715332031
KY-14,KY-14.jpg,9,-1.3600014448165894,-0.3952222764492035
KY-15,KY-15.jpg,9,1.6351169347763062,-2.0908923149108887
KY-16,KY-16.jpg,11,1.1758207082748413,-4.496642112731934
KY-17,KY-17.jpg,9,1.5151422023773193,-0.014215345494449139
KY-18,KY-18.jpg,0,2.5221002101898193,-3.985600471496582
KY-19,KY-19.jpg,9,0.025127911940217018,-3.2498786449432373
KY-20,KY-20.jpg,9,2.9790689945220947,-3.460486888885498
KY-21,KY-21.jpg,9,0.5884373784065247,1.225776195526123
KY-22,KY-22.jpg,9,-1.050833821296692,-1.0731531381607056
KY-23,KY-23.jpg,2,-4.689401149749756,-2.0080864429473877
KY-24,KY-24.jpg,9,1.0203874111175537,-1.8060119152069092
KY-25,KY-25.jpg,9,2.4994850158691406,0.5185479521751404
KY-26,KY-26.jpg,5,3.6510331630706787,-1.4353845119476318
KY-27,KY-27.jpg,7,3.6151535511016846,-2.8373515605926514
KY-28,KY-28.jpg,2,-5.103201389312744,1.8399043083190918
KY-29,KY-29.jpg,9,0.033953141421079636,-3.7451231479644775
KY-30,KY-30.jpg,11,-0.20815670490264893,-7.539834499359131
KY-31,KY-31.jpg,7,5.671128749847412,2.907654047012329
KY-32,KY-32.jpg,2,-4.976419925689697,-3.858822822570801
KY-33,KY-33.jpg,11,-2.5499613285064697,-3.3984060287475586
KY-34,KY-34.jpg,11,-1.5548548698425293,-4.901580810546875
KY-35,KY-35.jpg,9,3.3344128131866455,-0.07097534835338593
KY-36,KY-36.jpg,2,-3.835265874862671,-0.7650771141052246
KY-37,KY-37.jpg,4,3.1777760982513428,3.5661606788635254
KY-38,KY-38.jpg,7,3.6151535511016846,-2.8373515605926514
KY-39,KY-39.jpg,7,4.163316249847412,0.33663204312324524
KY-40,KY-40.jpg,8,-0.5066494941711426,2.5742239952087402
KY-41,KY-41.jpg,5,-4.086185455322266,-0.30255427956581116
KY-42,KY-42.jpg,0,2.5221002101898193,-3.985600471496582
KY-43,KY-43.jpg,9,2.9790689945220947,-3.460486888885498
KY-44,KY-44.jpg,9,0.025127911940217018,-3.2498786449432373
KY-45,KY-45.jpg,7,3.6151535511016846,-2.8373515605926514
KY-46,KY-46.jpg,5,-2.214310884475708,1.8217580318450928
KY-47,KY-47.jpg,4,1.5296075344085693,3.461085796356201
KY-48,KY-48.jpg,4,3.643979549407959,0.9347084164619446
KY-49,KY-49.jpg,9,-1.0520057678222656,-0.2415749579668045
KY-50,KY-50.jpg,9,3.3166167736053467,-2.0519776344299316
KZ-1,KZ-1.jpg,2,-5.004976749420166,2.8507232666015625
KZ-2,KZ-2.jpg,9,1.6915578842163086,-1.359148621559143
KZ-3,KZ-3.jpg,0,4.1556243896484375,-2.60871958732605
KZ-4,KZ-4.jpg,1,9.585663795471191,2.045769453048706
KZ-5,KZ-5.jpg,11,-1.2607461214065552,-5.843870162963867
KZ-6,KZ-6.jpg,9,-0.36318159103393555,0.5004222393035889
KZ-7,KZ-7.jpg,8,-0.834581732749939,1.8573377132415771
KZ-8,KZ-8.jpg,4,3.2162132263183594,0.6348620653152466
KZ-9,KZ-9.jpg,7,7.934892177581787,-0.11979855597019196
KZ-10,KZ-10.jpg,1,8.301811218261719,3.616849184036255
KZ-11,KZ-11.jpg,1,9.950347900390625,4.320043563842773
KZ-12,KZ-12.jpg,4,2.1628382205963135,6.088169574737549
KZ-13,KZ-13.jpg,0,0.7339867353439331,-6.4421820640563965
KZ-14,KZ-14.jpg,0,4.889898300170898,-4.409285545349121
KZ-15,KZ-15.jpg,5,-0.06616268306970596,0.9331601858139038
KZ-16,KZ-16.jpg,5,0.7141614556312561,-0.12661607563495636
KZ-17,KZ-17.jpg,5,-1.0159707069396973,-1.085960030555725
KZ-18,KZ-18.jpg,9,-0.9586938619613647,-3.7979001998901367
KZ-19,KZ-19.jpg,4,4.060074806213379,1.6170939207077026
KZ-20,KZ-20.jpg,3,-3.9075052738189697,-0.25395065546035767
KZ-21,KZ-21.jpg,4,2.4922969341278076,5.525197982788086
KZ-22,KZ-22.jpg,9,4.263897895812988,-2.1869876384735107
KZ-23,KZ-23.jpg,8,-1.3323339223861694,4.883831977844238
KZ-24,KZ-24.jpg,11,-6.303151607513428,-5.027752876281738
KZ-25,KZ-25.jpg,0,2.977614402770996,-3.2115135192871094
KZ-26,KZ-26.jpg,1,6.123838424682617,7.287424087524414
KZ-27,KZ-27.jpg,4,4.2827959060668945,2.80837345123291
KZ-28,KZ-28.jpg,7,5.891225814819336,0.9377305507659912
KZ-29,KZ-29.jpg,8,0.6859472990036011,3.3960821628570557
KZ-30,KZ-30.jpg,5,1.8168355226516724,-0.1840064823627472
KZ-31,KZ-31.jpg,5,-3.0556910037994385,2.5748918056488037
KZ-32,KZ-32.jpg,9,0.5166948437690735,1.6359084844589233
KZ-33,KZ-33.jpg,9,2.990105152130127,1.6384156942367554
KZ-34,KZ-34.jpg,8,-4.913702964782715,1.2239887714385986
KZ-35,KZ-35.jpg,8,-1.1093772649765015,3.9338016510009766
KZ-36,KZ-36.jpg,0,4.423755168914795,-2.6960384845733643
KZ-37,KZ-37.jpg,5,-2.2058324813842773,-1.4188787937164307
KZ-38,KZ-38.jpg,2,-9.11920166015625,-0.7141568660736084
KZ-39,KZ-39.jpg,0,3.1700401306152344,-5.1170549392700195
KZ-40,KZ-40.jpg,5,2.2977843284606934,-1.0526477098464966
KZ-41,KZ-41.jpg,11,-1.0028156042099,-5.359216690063477
KZ-42,KZ-42.jpg,7,6.386775970458984,-0.8797533512115479
KZ-43,KZ-43.jpg,0,1.3237813711166382,-1.7574669122695923
KZ-44,KZ-44.jpg,9,0.34647536277770996,-3.01414155960083
KZ-45,KZ-45.jpg,1,7.374701499938965,8.708137512207031
KZ-46,KZ-46.jpg,11,-2.1962881088256836,-3.853891372680664
KZ-47,KZ-47.jpg,9,1.3388657569885254,-1.7840499877929688
KZ-48,KZ-48.jpg,8,-1.257075309753418,6.27473258972168
KZ-49,KZ-49.jpg,7,5.070502281188965,0.1832561194896698
KZ-50,KZ-50.jpg,9,1.2197966575622559,1.401393175125122
LA-1,LA-1.jpg,8,-2.1968586444854736,4.764379501342773
LA-2,LA-2.jpg,2,-6.496212959289551,1.2876319885253906
LA-3,LA-3.jpg,8,-3.2573769092559814,0.5371585488319397
LA-4,LA-4.jpg,3,-0.0718308687210083,3.3718302249908447
LA-5,LA-5.jpg,8,-1.9188348054885864,10.41836166381836
LA-6,LA-6.jpg,8,-3.0097405910491943,1.412816047668457
LA-7,LA-7.jpg,7,4.863496780395508,-0.043743934482336044
LA-8,LA-8.jpg,6,-5.335176467895508,2.5209038257598877
LA-9,LA-9.jpg,9,-1.0984190702438354,-0.9558919072151184
LA-10,LA-10.jpg,5,1.922784686088562,2.176488161087036
LA-11,LA-11.jpg,1,8.288039207458496,4.96540641784668
LA-12,LA-12.jpg,0,3.3999290466308594,-2.646810531616211
LA-13,LA-13.jpg,8,-1.7643829584121704,1.9410332441329956
LA-14,LA-14.jpg,5,1.2145193815231323,2.059474229812622
LA-15,LA-15.jpg,9,0.1552286297082901,0.9957030415534973
LA-16,LA-16.jpg,4,2.5908374786376953,0.625889241695404
LA-17,LA-17.jpg,2,-5.673250675201416,-1.9769450426101685
LA-18,LA-18.jpg,8,0.9535648822784424,2.150446653366089
LA-19,LA-19.jpg,9,0.681667685508728,-0.39356890320777893
LA-20,LA-20.jpg,9,2.619739055633545,-1.1139979362487793
LA-21,LA-21.jpg,3,-0.7693917155265808,-2.393817663192749
LA-22,LA-22.jpg,9,1.5951217412948608,-1.2283352613449097
LA-23,LA-23.jpg,8,-1.5980381965637207,1.128829002380371
LA-24,LA-24.jpg,7,6.715211868286133,0.3575219511985779
LA-25,LA-25.jpg,7,5.784890651702881,-0.9803647398948669
LA-26,LA-26.jpg,2,-4.539999008178711,1.0571039915084839
LA-27,LA-27.jpg,4,2.9700770378112793,4.8567914962768555
LA-28,LA-28.jpg,9,-1.7173480987548828,-0.8906863927841187
LA-29,LA-29.jpg,4,3.3346757888793945,1.3332246541976929
LA-30,LA-30.jpg,0,3.636012077331543,-2.946122169494629
LA-31,LA-31.jpg,8,1.0452479124069214,2.43563175201416
LA-32,LA-32.jpg,9,2.204042434692383,-0.9645407199859619
LA-33,LA-33.jpg,8,-2.1730339527130127,3.0211408138275146
LA-34,LA-34.jpg,9,0.6642200350761414,-2.0917861461639404
LA-35,LA-35.jpg,4,2.7164480686187744,3.37149715423584
LA-36,LA-36.jpg,4,5.742918491363525,4.559503555297852
LA-37,LA-37.jpg,0,2.9698047637939453,-1.0895310640335083
LA-38,LA-38.jpg,8,0.6915724873542786,1.7408900260925293
LA-39,LA-39.jpg,2,-4.825094699859619,0.7726635932922363
LA-40,LA-40.jpg,3,0.7270068526268005,-2.9933531284332275
LA-41,LA-41.jpg,7,4.018309116363525,-1.4298608303070068
LA-42,LA-42.jpg,4,2.844856023788452,1.7252492904663086
LA-43,LA-43.jpg,4,2.7516727447509766,3.3778862953186035
LA-44,LA-44.jpg,9,3.0707521438598633,-0.1589900553226471
LA-45,LA-45.jpg,4,3.084728956222534,3.453481435775757
LA-46,LA-46.jpg,0,-0.3123205006122589,-3.485690116882324
LA-47,LA-47.jpg,7,4.863496780395508,-0.043743934482336044
LA-48,LA-48.jpg,0,-0.3123205006122589,-3.485690116882324
LA-49,LA-49.jpg,4,6.837310791015625,1.3220369815826416
LA-50,LA-50.jpg,4,0.19836360216140747,4.656081676483154
LB-1,LB-1.jpg,9,2.6298279762268066,-1.1234681606292725
LB-2,LB-2.jpg,9,1.488505244255066,0.6684051752090454
LB-3,LB-3.jpg,7,4.156419277191162,-0.09644407778978348
LB-4,LB-4.jpg,11,-1.9327038526535034,-5.552423000335693
LB-5,LB-5.jpg,7,8.869393348693848,4.097166061401367
LB-6,LB-6.jpg,4,3.0765209197998047,2.780046224594116
LB-7,LB-7.jpg,8,2.4905102252960205,2.4550695419311523
LB-8,LB-8.jpg,8,0.5052233338356018,5.465542316436768
LB-9,LB-9.jpg,6,-5.470831394195557,5.620384216308594
LB-10,LB-10.jpg,2,-2.389089822769165,1.6178333759307861
LB-11,LB-11.jpg,2,-2.61507248878479,0.379576712846756
LB-12,LB-12.jpg,9,0.3619609773159027,0.13617494702339172
LB-13,LB-13.jpg,8,-1.2969027757644653,2.6445493698120117
LB-14,LB-14.jpg,4,4.087157249450684,-0.11489535123109818
LB-15,LB-15.jpg,7,8.510992050170898,-3.229912757873535
LB-16,LB-16.jpg,8,-3.078308582305908,1.5310543775558472
LB-17,LB-17.jpg,8,-1.3531029224395752,4.345383167266846
LB-18,LB-18.jpg,4,5.561516761779785,5.023101329803467
LB-19,LB-19.jpg,0,1.7555642127990723,-3.813281536102295
LB-20,LB-20.jpg,4,2.152204990386963,0.7409489154815674
LB-21,LB-21.jpg,7,5.382411479949951,-2.975656747817993
LB-22,LB-22.jpg,0,3.882094621658325,-6.473289489746094
LB-23,LB-23.jpg,3,-1.6370797157287598,0.31071344017982483
LB-24,LB-24.jpg,8,-0.4281763434410095,4.272763729095459
LB-25,LB-25.jpg,9,0.48169735074043274,-1.3497731685638428
LB-26,LB-26.jpg,2,-2.228451728820801,0.8502213954925537
LB-27,LB-27.jpg,9,0.5446591377258301,0.6998071074485779
LB-28,LB-28.jpg,9,1.041239857673645,-0.9837855100631714
LB-29,LB-29.jpg,5,2.3052306175231934,-2.378492832183838
LB-30,LB-30.jpg,8,-1.5418131351470947,1.6312763690948486
LB-31,LB-31.jpg,11,-1.2313021421432495,-3.981684923171997
LB-32,LB-32.jpg,7,8.454856872558594,-2.8751866817474365
LB-33,LB-33.jpg,4,4.6992998123168945,1.0788437128067017
LB-34,LB-34.jpg,8,-1.0627928972244263,0.6076905131340027
LB-35,LB-35.jpg,6,-8.489130973815918,-0.4114753305912018
LB-36,LB-36.jpg,8,-0.5292921662330627,1.8794575929641724
LB-37,LB-37.jpg,11,0.21799637377262115,-6.055043697357178
LB-38,LB-38.jpg,2,-2.23954176902771,-2.6055092811584473
LB-39,LB-39.jpg,8,-0.1322675198316574,6.6129374504089355
LB-40,LB-40.jpg,11,-0.4471137821674347,-5.772650718688965
LB-41,LB-41.jpg,7,4.274427890777588,0.5758103728294373
LB-42,LB-42.jpg,9,2.5731863975524902,1.158052921295166
LB-43,LB-43.jpg,2,-3.2845754623413086,4.183990955352783
LB-44,LB-44.jpg,0,3.7186119556427,-7.31612491607666
LB-45,LB-45.jpg,8,-1.1107745170593262,2.1902005672454834
LB-46,LB-46.jpg,7,3.965818166732788,0.8754122853279114
LB-47,LB-47.jpg,0,0.8140628337860107,-6.249594211578369
LB-48,LB-48.jpg,6,-7.41530704498291,6.775643348693848
LB-49,LB-49.jpg,9,-0.7865792512893677,0.9777092933654785
LB-50,LB-50.jpg,5,-1.5015267133712769,-0.2042674422264099
LC-1,LC-1.jpg,7,8.185441970825195,-3.1808111667633057
LC-2,LC-2.jpg,7,8.185441970825195,-3.1808111667633057
LC-3,LC-3.jpg,11,-0.5414477586746216,-3.0644564628601074
LC-4,LC-4.jpg,2,-7.744503498077393,-1.765579342842102
LC-5,LC-5.jpg,11,0.39555624127388,-6.663762092590332
LC-6,LC-6.jpg,9,-2.496039867401123,-0.9487035274505615
LC-7,LC-7.jpg,7,5.444450378417969,0.7927795052528381
LC-8,LC-8.jpg,5,-1.573933482170105,-1.6926841735839844
LC-9,LC-9.jpg,8,0.26388710737228394,3.1389319896698
LC-10,LC-10.jpg,8,-1.62486732006073,1.5727118253707886
LC-11,LC-11.jpg,2,-6.086781024932861,-1.781296968460083
LC-12,LC-12.jpg,6,-8.406761169433594,2.28639554977417
LC-13,LC-13.jpg,9,0.7103923559188843,-2.537274122238159
LC-14,LC-14.jpg,11,-0.2872033417224884,-6.5939741134643555
LC-15,LC-15.jpg,0,2.6235909461975098,-5.59000301361084
LC-16,LC-16.jpg,4,1.058367371559143,1.884055733680725
LC-17,LC-17.jpg,5,-2.3044674396514893,-1.5700358152389526
LC-18,LC-18.jpg,5,0.7583453059196472,-2.1324658393859863
LC-19,LC-19.jpg,7,8.185441970825195,-3.1808111667633057
LC-20,LC-20.jpg,3,-4.818305492401123,-3.5201382637023926
LC-21,LC-21.jpg,7,8.185441970825195,-3.1808111667633057
LC-22,LC-22.jpg,9,0.7837925553321838,-0.7348331809043884
LC-23,LC-23.jpg,0,2.92712664604187,-4.930245399475098
LC-24,LC-24.jpg,8,-2.3485825061798096,1.2515380382537842
LC-25,LC-25.jpg,9,-0.9413116574287415,-0.4000510275363922
LC-26,LC-26.jpg,7,8.185441970825195,-3.1808111667633057
LC-27,LC-27.jpg,9,1.1447389125823975,-0.8656028509140015
LC-28,LC-28.jpg,9,0.12485628575086594,0.2397802174091339
LC-29,LC-29.jpg,3,-3.1502950191497803,-1.1224431991577148
LC-30,LC-30.jpg,7,8.185441970825195,-3.1808111667633057
LC-31,LC-31.jpg,3,0.6064161062240601,-0.3806152045726776
LC-32,LC-32.jpg,1,8.522480010986328,4.175089359283447
LC-33,LC-33.jpg,11,-0.46585261821746826,-6.7933349609375
LC-34,LC-34.jpg,7,4.41459321975708,0.23499464988708496
LC-35,LC-35.jpg,7,3.3994364738464355,0.7808080315589905
LC-36,LC-36.jpg,4,1.4151020050048828,1.6645790338516235
LC-37,LC-37.jpg,3,-6.148575782775879,0.4735925793647766
LC-38,LC-38.jpg,8,-2.3743934631347656,3.981323719024658
LC-39,LC-39.jpg,7,8.185441970825195,-3.1808111667633057
LC-40,LC-40.jpg,8,-3.033924102783203,5.066378116607666
LC-41,LC-41.jpg,11,-0.03456711024045944,-6.852226734161377
LC-42,LC-42.jpg,9,1.074581503868103,-2.2959649562835693
LC-43,LC-43.jpg,7,8.185441970825195,-3.1808111667633057
LC-44,LC-44.jpg,9,0.7258366942405701,0.8808488845825195
LC-45,LC-45.jpg,4,3.4779274463653564,-0.6397530436515808
LC-46,LC-46.jpg,3,-0.21364152431488037,0.058079447597265244
LC-47,LC-47.jpg,8,-4.496944904327393,1.823990821838379
LC-48,LC-48.jpg,3,-7.081253528594971,0.696246325969696
LC-49,LC-49.jpg,2,-4.65028715133667,0.6113114356994629
LC-50,LC-50.jpg,7,8.185441970825195,-3.1808111667633057
LK-1,LK-1.jpg,2,-3.3627052307128906,-1.9569218158721924
LK-2,LK-2.jpg,11,-3.3810737133026123,-3.841475486755371
LK-3,LK-3.jpg,11,-0.5440701842308044,-4.117033004760742
LK-4,LK-4.jpg,4,3.125906467437744,2.3469486236572266
LK-5,LK-5.jpg,4,1.8044058084487915,3.491283893585205
LK-6,LK-6.jpg,0,1.0240719318389893,-2.2928223609924316
LK-7,LK-7.jpg,9,-2.263533592224121,-1.5215179920196533
LK-8,LK-8.jpg,9,-0.34237220883369446,-2.2009477615356445
LK-9,LK-9.jpg,9,3.35257887840271,-0.13218845427036285
LK-10,LK-10.jpg,5,-1.5921186208724976,1.807084321975708
LK-11,LK-11.jpg,6,-7.674319267272949,3.376321315765381
LK-12,LK-12.jpg,2,-2.5420169830322266,-2.3050689697265625
LK-13,LK-13.jpg,2,-2.823230266571045,-1.1055107116699219
LK-14,LK-14.jpg,11,-4.0780158042907715,-2.593701124191284
LK-15,LK-15.jpg,4,2.82794189453125,1.0735785961151123
LK-16,LK-16.jpg,10,-8.710588455200195,7.173075199127197
LK-17,LK-17.jpg,11,-0.8483129739761353,-4.542108058929443
LK-18,LK-18.jpg,9,-1.051486611366272,-2.0171377658843994
LK-19,LK-19.jpg,4,2.4010403156280518,2.9527595043182373
LK-20,LK-20.jpg,9,0.7946022748947144,0.5451410412788391
LK-21,LK-21.jpg,5,2.167505979537964,1.9015823602676392
LK-22,LK-22.jpg,0,4.4252495765686035,-2.5415992736816406
LK-23,LK-23.jpg,8,-0.33497312664985657,3.6888012886047363
LK-24,LK-24.jpg,4,2.546433687210083,2.1766343116760254
LK-25,LK-25.jpg,8,-2.3225090503692627,0.7249282598495483
LK-26,LK-26.jpg,4,0.3583657741546631,2.4893300533294678
LK-27,LK-27.jpg,4,-0.952347993850708,2.8003103733062744
LK-28,LK-28.jpg,9,-0.4565191864967346,-2.789185047149658
LK-29,LK-29.jpg,9,-0.5802609920501709,0.5727717876434326
LK-30,LK-30.jpg,5,5.104650020599365,1.8816958665847778
LK-31,LK-31.jpg,9,-0.26850688457489014,-1.7989426851272583
LK-32,LK-32.jpg,9,-1.9383058547973633,-2.761284112930298
LK-33,LK-33.jpg,8,-3.354336977005005,3.454031229019165
LK-34,LK-34.jpg,2,-4.8744659423828125,-2.585923433303833
LK-35,LK-35.jpg,2,-4.180971145629883,-0.18485614657402039
LK-36,LK-36.jpg,8,0.0618903823196888,3.8613269329071045
LK-37,LK-37.jpg,11,-3.4230170249938965,-5.190030574798584
LK-38,LK-38.jpg,4,1.875319480895996,1.2692408561706543
LK-39,LK-39.jpg,2,-3.8572957515716553,0.6161562204360962
LK-40,LK-40.jpg,3,-0.7082675695419312,-0.09283924847841263
LK-41,LK-41.jpg,3,0.48943933844566345,-3.309542417526245
LK-42,LK-42.jpg,9,0.3123330771923065,-2.091930866241455
LK-43,LK-43.jpg,9,-1.7556840181350708,1.633726954460144
LK-44,LK-44.jpg,8,-0.7172722816467285,1.2628809213638306
LK-45,LK-45.jpg,2,-5.1240010261535645,0.6503849029541016
LK-46,LK-46.jpg,4,2.4311907291412354,1.7319397926330566
LK-47,LK-47.jpg,7,4.59849214553833,-2.2426767349243164
LK-48,LK-48.jpg,2,-4.128714084625244,-0.9917952418327332
LK-49,LK-49.jpg,9,-1.0267490148544312,0.10249348729848862
LK-50,LK-50.jpg,6,-8.371962547302246,3.420447826385498
LS-1,LS-1.jpg,2,-5.659307956695557,1.7707560062408447
LS-2,LS-2.jpg,9,0.3427773714065552,-1.518518090248108
LS-3,LS-3.jpg,5,2.8795344829559326,3.203850507736206
LS-4,LS-4.jpg,9,2.3655333518981934,-2.5189223289489746
LS-5,LS-5.jpg,2,-3.5730130672454834,0.06142739951610565
LS-6,LS-6.jpg,6,-8.124455451965332,0.40924304723739624
LS-7,LS-7.jpg,8,-0.3797680139541626,5.254753589630127
LS-8,LS-8.jpg,8,-2.041494131088257,3.1912291049957275
LS-9,LS-9.jpg,5,-0.3081314265727997,1.122090458869934
LS-10,LS-10.jpg,9,1.0678049325942993,-2.3718860149383545
LS-11,LS-11.jpg,6,-7.931765556335449,3.3418688774108887
LS-12,LS-12.jpg,8,-2.5288169384002686,1.6872743368148804
LS-13,LS-13.jpg,9,-0.20086805522441864,0.35544848442077637
LS-14,LS-14.jpg,6,-5.976717472076416,2.3451123237609863
LS-15,LS-15.jpg,3,2.4455342292785645,4.312060832977295
LS-16,LS-16.jpg,4,4.253162860870361,0.612461268901825
LS-17,LS-17.jpg,3,-2.4149279594421387,-2.4814186096191406
LS-18,LS-18.jpg,6,-8.123327255249023,0.4093238413333893
LS-19,LS-19.jpg,9,2.4002130031585693,-2.440786361694336
LS-20,LS-20.jpg,6,-8.059724807739258,1.0096688270568848
LS-21,LS-21.jpg,11,0.7462713718414307,-6.40952205657959
LS-22,LS-22.jpg,11,-1.456018328666687,-4.257563591003418
LS-23,LS-23.jpg,9,3.664836883544922,-0.7974732518196106
LS-24,LS-24.jpg,10,-5.416453838348389,5.522531509399414
LS-25,LS-25.jpg,11,0.5723834037780762,-2.5121965408325195
LS-26,LS-26.jpg,2,-3.489772081375122,-3.233912706375122
LS-27,LS-27.jpg,4,1.1745637655258179,2.3788094520568848
LS-28,LS-28.jpg,9,1.0918933153152466,-1.5766228437423706
LS-29,LS-29.jpg,8,-0.6602606177330017,1.0264980792999268
LS-30,LS-30.jpg,8,-1.2222890853881836,5.937026500701904
LS-31,LS-31.jpg,10,-4.555927276611328,5.6147050857543945
LS-32,LS-32.jpg,4,0.47950780391693115,0.8071540594100952
LS-33,LS-33.jpg,9,-2.4033868312835693,-0.15105529129505157
LS-34,LS-34.jpg,2,-3.6220502853393555,-0.24083879590034485
LS-35,LS-35.jpg,8,-2.4408133029937744,1.8582849502563477
LS-36,LS-36.jpg,1,5.451971054077148,0.32448911666870117
LS-37,LS-37.jpg,8,-2.8742260932922363,1.826927661895752
LS-38,LS-38.jpg,9,-1.395365834236145,-1.918216347694397
LS-39,LS-39.jpg,2,-2.11663818359375,-3.5921144485473633
LS-40,LS-40.jpg,0,1.8894034624099731,-4.682931423187256
LS-41,LS-41.jpg,9,0.400539755821228,1.0528711080551147
LS-42,LS-42.jpg,8,-1.7568774223327637,2.535557508468628
LS-43,LS-43.jpg,2,-4.770346164703369,-0.4338063597679138
LS-44,LS-44.jpg,11,-1.3802424669265747,-3.325378894805908
LS-45,LS-45.jpg,11,-1.586087703704834,-4.812328815460205
LS-46,LS-46.jpg,3,0.19795319437980652,-2.6434874534606934
LS-47,LS-47.jpg,9,-1.5628275871276855,-0.8041404485702515
LS-48,LS-48.jpg,8,-2.401001214981079,1.5411514043807983
LS-49,LS-49.jpg,5,3.075587511062622,0.48412322998046875
LS-50,LS-50.jpg,9,2.416142702102661,-0.5461580753326416
LT-1,LT-1.jpg,0,2.822962522506714,-6.041515827178955
LT-2,LT-2.jpg,1,7.009090423583984,2.6022393703460693
LT-3,LT-3.jpg,2,-1.8977748155593872,0.8387597799301147
LT-4,LT-4.jpg,0,7.025825023651123,-4.9738640785217285
LT-5,LT-5.jpg,5,-5.145253658294678,-1.583061933517456
LT-6,LT-6.jpg,8,1.9377334117889404,4.709743022918701
LT-7,LT-7.jpg,4,1.3291462659835815,2.2176358699798584
LT-8,LT-8.jpg,0,8.15597915649414,-5.784766674041748
LT-9,LT-9.jpg,9,-0.6285578012466431,-0.9074394702911377
LT-10,LT-10.jpg,3,-0.2945334315299988,-3.5163798332214355
LT-11,LT-11.jpg,4,5.727360725402832,5.650277614593506
LT-12,LT-12.jpg,1,10.147594451904297,3.1783595085144043
LT-13,LT-13.jpg,11,-2.469493865966797,-3.850496768951416
LT-14,LT-14.jpg,3,0.06117198243737221,-0.6096431016921997
LT-15,LT-15.jpg,9,-1.5587384700775146,0.20643769204616547
LT-16,LT-16.jpg,2,-3.836014986038208,-0.4831836521625519
LT-17,LT-17.jpg,9,-1.626847267150879,0.4027024805545807
LT-18,LT-18.jpg,8,-4.191813945770264,4.246309280395508
LT-19,LT-19.jpg,0,3.950460195541382,-2.5698158740997314
LT-20,LT-20.jpg,0,4.831345558166504,-8.13086223602295
LT-21,LT-21.jpg,2,-3.787313461303711,-1.774345874786377
LT-22,LT-22.jpg,10,-6.171176910400391,5.058597087860107
LT-23,LT-23.jpg,4,6.311230659484863,2.1393799781799316
LT-24,LT-24.jpg,0,4.209856033325195,-5.1740193367004395
LT-25,LT-25.jpg,6,-5.337011814117432,3.4316823482513428
LT-26,LT-26.jpg,2,-5.508171558380127,-1.2545888423919678
LT-27,LT-27.jpg,1,7.963548183441162,1.8943344354629517
LT-28,LT-28.jpg,5,-0.5152883529663086,-1.0631057024002075
LT-29,LT-29.jpg,8,-0.0023357358295470476,3.9334235191345215
LT-30,LT-30.jpg,5,0.22503572702407837,-1.403908610343933
LT-31,LT-31.jpg,7,7.971808433532715,-0.474448025226593
LT-32,LT-32.jpg,2,-2.7688944339752197,-2.6348891258239746
LT-33,LT-33.jpg,4,4.018059730529785,2.4951138496398926
LT-34,LT-34.jpg,3,-0.11856242269277573,-1.7959572076797485
LT-35,LT-35.jpg,3,-1.3751347064971924,-8.639100074768066
LT-36,LT-36.jpg,9,-1.0549242496490479,-0.4404835104942322
LT-37,LT-37.jpg,2,-2.6982269287109375,-0.36501145362854004
LT-38,LT-38.jpg,2,-6.697993278503418,0.871539294719696
LT-39,LT-39.jpg,3,-0.802453339099884,-1.1085025072097778
LT-40,LT-40.jpg,9,0.23441849648952484,0.7666262984275818
LT-41,LT-41.jpg,5,2.956024646759033,-1.4927117824554443
LT-42,LT-42.jpg,8,-3.5970568656921387,0.4967626929283142
LT-43,LT-43.jpg,3,-0.6202144026756287,-0.1260957568883896
LT-44,LT-44.jpg,4,3.6567344665527344,3.977198839187622
LT-45,LT-45.jpg,1,10.486540794372559,2.306919813156128
LT-46,LT-46.jpg,3,2.1475348472595215,1.1096839904785156
LT-47,LT-47.jpg,2,-9.677905082702637,-2.2692408561706543
LT-48,LT-48.jpg,7,5.489223003387451,-1.0500531196594238
LT-49,LT-49.jpg,6,-6.069404125213623,3.9525692462921143
LT-50,LT-50.jpg,6,-7.45967435836792,3.7263243198394775
LU-1,LU-1.jpg,7,5.696191787719727,-0.25675827264785767
LU-2,LU-2.jpg,5,-3.3485963344573975,-0.9831846356391907
LU-3,LU-3.jpg,4,4.5251994132995605,6.016005516052246
LU-4,LU-4.jpg,9,0.34149444103240967,-2.8988935947418213
LU-5,LU-5.jpg,3,-0.32258933782577515,-0.738273024559021
LU-6,LU-6.jpg,9,-1.2559722661972046,-0.4908601939678192
LU-7,LU-7.jpg,1,9.76037311553955,2.959251642227173
LU-8,LU-8.jpg,9,3.4019925594329834,-3.8308424949645996
LU-9,LU-9.jpg,5,0.5524095296859741,2.985671043395996
LU-10,LU-10.jpg,4,2.6764156818389893,0.7793565988540649
LU-11,LU-11.jpg,11,-0.7508681416511536,-4.263005256652832
LU-12,LU-12.jpg,7,8.575533866882324,-1.9887288808822632
LU-13,LU-13.jpg,11,0.41077721118927,-4.280758380889893
LU-14,LU-14.jpg,0,4.517160415649414,-7.327043056488037
LU-15,LU-15.jpg,7,6.872802257537842,0.344568133354187
LU-16,LU-16.jpg,0,6.012462139129639,-5.995447158813477
LU-17,LU-17.jpg,7,6.062795162200928,0.8868330717086792
LU-18,LU-18.jpg,3,-0.6326241493225098,-1.4290813207626343
LU-19,LU-19.jpg,8,0.13661551475524902,4.397405624389648
LU-20,LU-20.jpg,9,0.917696475982666,-0.4117412865161896
LU-21,LU-21.jpg,11,-1.4255057573318481,-5.680863857269287
LU-22,LU-22.jpg,2,-2.9175469875335693,-2.219897508621216
LU-23,LU-23.jpg,9,2.5878427028656006,-0.34075215458869934
LU-24,LU-24.jpg,4,3.2797605991363525,1.6745123863220215
LU-25,LU-25.jpg,9,1.9339803457260132,1.4180898666381836
LU-26,LU-26.jpg,9,0.5325100421905518,1.355168342590332
LU-27,LU-27.jpg,9,0.5777679085731506,-0.4675917625427246
LU-28,LU-28.jpg,6,-8.4189453125,3.95747709274292
LU-29,LU-29.jpg,2,-2.410010814666748,-3.462125778198242
LU-30,LU-30.jpg,9,0.532741367816925,1.0883811712265015
LU-31,LU-31.jpg,9,-0.8863483667373657,0.9974390864372253
LU-32,LU-32.jpg,3,1.9794856309890747,0.7910057306289673
LU-33,LU-33.jpg,9,1.0502195358276367,-2.5433409214019775
LU-34,LU-34.jpg,2,-4.629934310913086,-1.8048092126846313
LU-35,LU-35.jpg,7,7.384360313415527,4.602365493774414
LU-36,LU-36.jpg,3,2.5634217262268066,-1.3089439868927002
LU-37,LU-37.jpg,11,1.6365625858306885,-6.8221282958984375
LU-38,LU-38.jpg,8,-0.8460994362831116,1.0725868940353394
LU-39,LU-39.jpg,8,-0.8842825293540955,2.7612411975860596
LU-40,LU-40.jpg,9,-0.7233259677886963,-1.133736252784729
LU-41,LU-41.jpg,5,-1.7496968507766724,2.9804751873016357
LU-42,LU-42.jpg,8,-2.1203739643096924,6.474961757659912
LU-43,LU-43.jpg,6,-6.892860412597656,6.016023635864258
LU-44,LU-44.jpg,8,0.06847956776618958,2.2509608268737793
LU-45,LU-45.jpg,8,-3.759638786315918,6.0670952796936035
LU-46,LU-46.jpg,2,-2.5615031719207764,-0.9656125903129578
LU-47,LU-47.jpg,7,8.356266021728516,1.7096284627914429
LU-48,LU-48.jpg,9,-0.5063074827194214,-1.5200021266937256
LU-49,LU-49.jpg,9,1.8957358598709106,-1.1189769506454468
LU-50,LU-50.jpg,8,0.6682068705558777,7.698598861694336
LV-1,LV-1.jpg,5,-1.182613492012024,0.7690058946609497
LV-2,LV-2.jpg,11,-1.3404183387756348,-4.3918609619140625
LV-3,LV-3.jpg,7,5.719849109649658,-0.9390034079551697
LV-4,LV-4.jpg,2,-3.345309257507324,-0.5228564143180847
LV-5,LV-5.jpg,4,1.6582691669464111,2.1829941272735596
LV-6,LV-6.jpg,2,-3.159402847290039,-3.364497423171997
LV-7,LV-7.jpg,2,-3.241885185241699,-0.7832512259483337
LV-8,LV-8.jpg,8,-1.1873122453689575,0.3753649890422821
LV-9,LV-9.jpg,0,2.353724479675293,-6.7469482421875
LV-10,LV-10.jpg,9,0.7864647507667542,0.24694420397281647
LV-11,LV-11.jpg,8,-1.7204691171646118,1.2963132858276367
LV-12,LV-12.jpg,9,-0.8649589419364929,1.0578707456588745
LV-13,LV-13.jpg,8,-2.225113868713379,1.9292792081832886
LV-14,LV-14.jpg,5,-5.521399021148682,-1.122464895248413
LV-15,LV-15.jpg,1,7.346207618713379,3.147700071334839
LV-16,LV-16.jpg,7,7.551417350769043,-2.195402145385742
LV-17,LV-17.jpg,0,3.970813512802124,-5.0934014320373535
LV-18,LV-18.jpg,11,-4.736039638519287,-8.012065887451172
LV-19,LV-19.jpg,0,3.868278741836548,-2.348935127258301
LV-20,LV-20.jpg,9,-0.6268497109413147,-0.14756901562213898
LV-21,LV-21.jpg,0,0.7682114243507385,-1.5988956689834595
LV-22,LV-22.jpg,11,1.1212518215179443,-10.549173355102539
LV-23,LV-23.jpg,6,-6.8656439781188965,3.7757556438446045
LV-24,LV-24.jpg,9,0.019183659926056862,-2.2633631229400635
LV-25,LV-25.jpg,7,4.3706278800964355,-1.9573830366134644
LV-26,LV-26.jpg,9,-0.8974385857582092,0.406297892332077
LV-27,LV-27.jpg,0,1.4024062156677246,-2.638040542602539
LV-28,LV-28.jpg,7,7.548999786376953,-1.3277846574783325
LV-29,LV-29.jpg,0,2.896969795227051,-3.4179575443267822
LV-30,LV-30.jpg,11,-2.0544326305389404,-4.649425506591797
LV-31,LV-31.jpg,11,-1.6120356321334839,-3.8254847526550293
LV-32,LV-32.jpg,11,-2.019932746887207,-4.070359706878662
LV-33,LV-33.jpg,2,-3.3808441162109375,-0.7542517781257629
LV-34,LV-34.jpg,0,0.548119306564331,-1.8042758703231812
LV-35,LV-35.jpg,9,0.3351551592350006,0.8101344108581543
LV-36,LV-36.jpg,4,2.236074924468994,3.2876362800598145
LV-37,LV-37.jpg,5,4.578433036804199,-1.3882521390914917
LV-38,LV-38.jpg,4,4.049220561981201,5.143749713897705
LV-39,LV-39.jpg,9,1.4448617696762085,-0.3546435236930847
LV-40,LV-40.jpg,11,-1.0414570569992065,-4.4957780838012695
LV-41,LV-41.jpg,3,-0.6556981801986694,-2.4725112915039062
LV-42,LV-42.jpg,0,3.6328351497650146,-6.488427639007568
LV-43,LV-43.jpg,9,1.067663550376892,-2.082149028778076
LV-44,LV-44.jpg,3,-1.5751128196716309,1.2868276834487915
LV-45,LV-45.jpg,8,-0.8725716471672058,1.0801045894622803
LV-46,LV-46.jpg,11,-1.5881097316741943,-4.725714683532715
LV-47,LV-47.jpg,2,-7.641654968261719,-5.83496618270874
LV-48,LV-48.jpg,11,-0.8604872822761536,-6.614575386047363
LV-49,LV-49.jpg,8,-1.059870958328247,2.6094677448272705
LV-50,LV-50.jpg,8,-2.1910011768341064,3.8082711696624756
MA-1,MA-1.jpg,9,0.4401571750640869,-0.3484207093715668
MA-2,MA-2.jpg,11,-0.33916938304901123,-4.300217151641846
MA-3,MA-3.jpg,3,-2.456925868988037,-2.9162802696228027
MA-4,MA-4.jpg,6,-4.916399955749512,4.796629905700684
MA-5,MA-5.jpg,8,1.7035325765609741,2.410423755645752
MA-6,MA-6.jpg,4,2.943462371826172,2.5631980895996094
MA-7,MA-7.jpg,9,2.3013107776641846,-1.853458046913147
MA-8,MA-8.jpg,9,1.6922335624694824,-3.2796592712402344
MA-9,MA-9.jpg,5,-1.355782151222229,-0.3883911073207855
MA-10,MA-10.jpg,9,-0.03305322304368019,-1.7118271589279175
MA-11,MA-11.jpg,11,-0.6130269169807434,-4.287724494934082
MA-12,MA-12.jpg,9,1.3565752506256104,-0.004837042186409235
MA-13,MA-13.jpg,0,3.035054922103882,-4.896773815155029
MA-14,MA-14.jpg,8,-0.036815740168094635,3.478978395462036
MA-15,MA-15.jpg,6,-9.137968063354492,3.087216854095459
MA-16,MA-16.jpg,8,-1.627549648284912,1.1948018074035645
MA-17,MA-17.jpg,2,-4.393060207366943,2.5576910972595215
MA-18,MA-18.jpg,2,-3.448734760284424,-3.121209144592285
MA-19,MA-19.jpg,4,2.94667649269104,1.559158444404602
MA-20,MA-20.jpg,9,3.22001051902771,-0.190883070230484
MA-21,MA-21.jpg,3,-3.3056888580322266,0.39132264256477356
MA-22,MA-22.jpg,3,-2.4123005867004395,-2.0180857181549072
MA-23,MA-23.jpg,8,-3.5202436447143555,3.5634782314300537
MA-24,MA-24.jpg,2,-4.847809791564941,-4.641688823699951
MA-25,MA-25.jpg,9,1.8231165409088135,-0.5245954394340515
MA-26,MA-26.jpg,11,-5.2440505027771,-4.37665319442749
MA-27,MA-27.jpg,4,6.025998592376709,4.093563556671143
MA-28,MA-28.jpg,9,0.10558190196752548,-1.1424732208251953
MA-29,MA-29.jpg,8,-3.484995126724243,0.4137226939201355
MA-30,MA-30.jpg,6,-5.230563163757324,4.208036422729492
MA-31,MA-31.jpg,2,-3.556739568710327,-3.105159044265747
MA-32,MA-32.jpg,5,-0.553250789642334,0.7817606329917908
MA-33,MA-33.jpg,6,-5.137125492095947,0.895372211933136
MA-34,MA-34.jpg,2,-4.93367862701416,-4.867254257202148
MA-35,MA-35.jpg,9,3.402949571609497,-2.023735523223877
MA-36,MA-36.jpg,3,-2.7926084995269775,-3.173938512802124
MA-37,MA-37.jpg,9,0.2198828011751175,-0.8962041735649109
MA-38,MA-38.jpg,9,2.8454999923706055,-2.2567338943481445
MA-39,MA-39.jpg,2,-3.331204414367676,-2.274869680404663
MA-40,MA-40.jpg,8,0.1264069378376007,5.086721897125244
MA-41,MA-41.jpg,2,-5.227410316467285,1.4927197694778442
MA-42,MA-42.jpg,3,-3.0020980834960938,0.2792068123817444
MA-43,MA-43.jpg,0,1.908119559288025,-2.6360621452331543
MA-44,MA-44.jpg,5,0.21391628682613373,-0.08983398973941803
MA-45,MA-45.jpg,7,8.014403343200684,-0.11481873691082001
MA-46,MA-46.jpg,7,5.471408843994141,-0.1757933348417282
MA-47,MA-47.jpg,10,1.612767219543457,4.786953449249268
MA-48,MA-48.jpg,5,2.148723840713501,0.5854431390762329
MA-49,MA-49.jpg,4,5.497889518737793,1.6578880548477173
MA-50,MA-50.jpg,3,1.0305261611938477,-3.616021156311035
MC-1,MC-1.jpg,6,-5.798308372497559,2.002223014831543
MC-2,MC-2.jpg,5,1.1981251239776611,2.987570285797119
MC-3,MC-3.jpg,2,-4.006357669830322,-2.2106709480285645
MC-4,MC-4.jpg,2,-9.007528305053711,0.6588469743728638
MC-5,MC-5.jpg,4,3.242323875427246,0.07957502454519272
MC-6,MC-6.jpg,3,0.04367964714765549,-2.558133602142334
MC-7,MC-7.jpg,6,-6.19911003112793,3.3895835876464844
MC-8,MC-8.jpg,9,0.025560757145285606,-1.9881296157836914
MC-9,MC-9.jpg,9,2.5798497200012207,0.35004764795303345
MC-10,MC-10.jpg,0,1.932767391204834,-9.753789901733398
MC-11,MC-11.jpg,3,-4.203150749206543,-0.3845227360725403
MC-12,MC-12.jpg,8,-4.584895610809326,1.6092922687530518
MC-13,MC-13.jpg,1,6.832442760467529,7.620403289794922
MC-14,MC-14.jpg,2,-3.203397035598755,1.1737335920333862
MC-15,MC-15.jpg,10,-7.158904552459717,6.896742343902588
MC-16,MC-16.jpg,11,-1.8562144041061401,-6.1878838539123535
MC-17,MC-17.jpg,3,-1.812939167022705,-0.46353963017463684
MC-18,MC-18.jpg,9,-0.22185011208057404,-1.0422298908233643
MC-19,MC-19.jpg,8,-3.8977842330932617,2.92423152923584
MC-20,MC-20.jpg,2,-3.2004482746124268,0.6371530890464783
MC-21,MC-21.jpg,6,-8.803531646728516,2.7263026237487793
MC-22,MC-22.jpg,10,-4.979981422424316,6.739042282104492
MC-23,MC-23.jpg,9,-0.5282573699951172,-2.6929168701171875
MC-24,MC-24.jpg,4,5.174864292144775,4.074587345123291
MC-25,MC-25.jpg,9,-1.8050659894943237,0.008259215392172337
MC-26,MC-26.jpg,0,4.602256774902344,-1.9392359256744385
MC-27,MC-27.jpg,8,-0.8382466435432434,2.5871450901031494
MC-28,MC-28.jpg,0,1.1008368730545044,-3.742187261581421
MC-29,MC-29.jpg,5,-4.507157325744629,-2.4870004653930664
MC-30,MC-30.jpg,4,4.678708553314209,1.380592703819275
MC-31,MC-31.jpg,1,6.4608941078186035,2.136622190475464
MC-32,MC-32.jpg,9,1.7690247297286987,-2.7199342250823975
MC-33,MC-33.jpg,3,-0.6837910413742065,-1.1195720434188843
MC-34,MC-34.jpg,8,0.7599775195121765,3.917078971862793
MC-35,MC-35.jpg,9,-0.26423361897468567,-1.2233585119247437
MC-36,MC-36.jpg,8,-3.2234954833984375,3.4624509811401367
MC-37,MC-37.jpg,8,-2.000741481781006,1.9656755924224854
MC-38,MC-38.jpg,9,-2.1498472690582275,-1.0656195878982544
MC-39,MC-39.jpg,1,8.568371772766113,4.500118732452393
MC-40,MC-40.jpg,3,-5.568803787231445,-1.7410348653793335
MC-41,MC-41.jpg,9,-2.4015514850616455,-0.9551961421966553
MC-42,MC-42.jpg,5,-0.046427883207798004,0.9202536940574646
MC-43,MC-43.jpg,8,-2.4087271690368652,0.5425329804420471
MC-44,MC-44.jpg,0,1.0725712776184082,-2.3547799587249756
MC-45,MC-45.jpg,8,-3.551389694213867,0.6464509963989258
MC-46,MC-46.jpg,8,-2.833983898162842,1.0906481742858887
MC-47,MC-47.jpg,9,0.5163124799728394,0.4659525752067566
MC-48,MC-48.jpg,5,-2.4454119205474854,1.1905287504196167
MC-49,MC-49.jpg,4,3.2524397373199463,0.4409727156162262
MC-50,MC-50.jpg,5,-3.643505334854126,1.1704407930374146
NA-1,NA-1.jpg,6,-5.376810073852539,4.159728527069092
NA-2,NA-2.jpg,11,-2.7680180072784424,-5.25075101852417
NA-3,NA-3.jpg,2,-2.6461188793182373,1.0202535390853882
NA-4,NA-4.jpg,2,-4.980264663696289,-1.0917439460754395
NA-5,NA-5.jpg,0,5.231215476989746,-2.6059446334838867
NA-6,NA-6.jpg,3,-1.6376910209655762,-0.6768304705619812
NA-7,NA-7.jpg,2,-6.281203269958496,-0.07549998164176941
NA-8,NA-8.jpg,9,-2.617781162261963,-1.2535566091537476
NA-9,NA-9.jpg,7,6.051097393035889,-2.6447503566741943
NA-10,NA-10.jpg,2,-3.3481316566467285,-0.6371930837631226
NA-11,NA-11.jpg,8,1.8335059881210327,5.5381855964660645
NA-12,NA-12.jpg,3,2.759838819503784,-3.8135643005371094
NA-13,NA-13.jpg,4,6.589175224304199,2.379106283187866
NA-14,NA-14.jpg,8,-3.991999626159668,0.03842593729496002
NA-15,NA-15.jpg,3,-0.9311984777450562,-0.32643648982048035
NA-16,NA-16.jpg,0,1.7027547359466553,-2.7580506801605225
NA-17,NA-17.jpg,5,-0.8005870580673218,-0.3359147310256958
NA-18,NA-18.jpg,2,-3.030352830886841,1.3538079261779785
NA-19,NA-19.jpg,11,1.255986213684082,-4.767236232757568
NA-20,NA-20.jpg,5,-4.402737140655518,-2.690913200378418
NA-21,NA-21.jpg,6,-6.690067291259766,1.1526477336883545
NA-22,NA-22.jpg,0,3.4743542671203613,-8.368173599243164
NA-23,NA-23.jpg,9,2.0847716331481934,0.8395916819572449
NA-24,NA-24.jpg,7,5.096766471862793,-1.496617317199707
NA-25,NA-25.jpg,0,7.186548233032227,-4.754004001617432
NA-26,NA-26.jpg,2,-6.281203269958496,-0.07549998164176941
NA-27,NA-27.jpg,9,-1.1288775205612183,-1.5405982732772827
NA-28,NA-28.jpg,3,-2.6153860092163086,-4.108990669250488
NA-29,NA-29.jpg,2,-4.785252571105957,-2.0208656787872314
NA-30,NA-30.jpg,2,-6.281203269958496,-0.07549998164176941
NA-31,NA-31.jpg,8,-0.5530279874801636,1.6761902570724487
NA-32,NA-32.jpg,2,-6.963344097137451,-4.415923595428467
NA-33,NA-33.jpg,4,4.94332218170166,1.4933890104293823
NA-34,NA-34.jpg,5,0.6810144186019897,2.257021188735962
NA-35,NA-35.jpg,0,3.063448190689087,-1.9210728406906128
NA-36,NA-36.jpg,9,-0.9443758130073547,-0.8320475816726685
NA-37,NA-37.jpg,11,-0.07502719014883041,-5.218709945678711
NA-38,NA-38.jpg,4,6.609285354614258,3.637626886367798
NA-39,NA-39.jpg,11,-5.096132755279541,-2.5538806915283203
NA-40,NA-40.jpg,9,-3.2065114974975586,-1.4981461763381958
NA-41,NA-41.jpg,11,-4.585741996765137,-4.254167079925537
NA-42,NA-42.jpg,3,3.8630712032318115,-4.063916206359863
NA-43,NA-43.jpg,8,-0.5294874906539917,2.9710421562194824
NA-44,NA-44.jpg,9,-1.124563217163086,-1.9626010656356812
NA-45,NA-45.jpg,0,-0.37833577394485474,-4.9492902755737305
NA-46,NA-46.jpg,1,8.41128921508789,1.7267099618911743
NA-47,NA-47.jpg,11,-3.980134963989258,-3.7874650955200195
NA-48,NA-48.jpg,3,-4.251001834869385,-2.289494514465332
NA-49,NA-49.jpg,11,-1.3658376932144165,-5.361061096191406
NA-50,NA-50.jpg,2,-5.892847061157227,-0.3848193883895874
NC-1,NC-1.jpg,5,3.0833189487457275,0.6091190576553345
NC-2,NC-2.jpg,0,1.3004249334335327,-7.108456611633301
NC-3,NC-3.jpg,9,2.0677499771118164,-1.121317982673645
NC-4,NC-4.jpg,9,0.48149794340133667,-0.5145770311355591
NC-5,NC-5.jpg,2,-3.9596710205078125,-0.6332859992980957
NC-6,NC-6.jpg,5,2.7776951789855957,0.16189977526664734
NC-7,NC-7.jpg,4,3.5708069801330566,4.870882987976074
NC-8,NC-8.jpg,2,-4.07535982131958,-2.254894256591797
NC-9,NC-9.jpg,5,-0.9679595828056335,0.8852447271347046
NC-10,NC-10.jpg,5,-1.450782299041748,-1.0468820333480835
NC-11,NC-11.jpg,2,-4.211999416351318,-1.9004932641983032
NC-12,NC-12.jpg,9,0.15793466567993164,-0.16769766807556152
NC-13,NC-13.jpg,2,-4.048254013061523,-3.646899461746216
NC-14,NC-14.jpg,5,2.770129919052124,-6.372684001922607
NC-15,NC-15.jpg,3,-4.561048984527588,-5.726377487182617
NC-16,NC-16.jpg,3,-2.062303304672241,4.928159713745117
NC-17,NC-17.jpg,5,-0.5223417282104492,-1.976542353630066
NC-18,NC-18.jpg,5,-0.4937739372253418,-1.3463157415390015
NC-19,NC-19.jpg,10,-4.590068340301514,4.4341654777526855
NC-20,NC-20.jpg,9,0.8888885974884033,-1.7065109014511108
NC-21,NC-21.jpg,8,-0.20391669869422913,2.661163091659546
NC-22,NC-22.jpg,10,-6.0908637046813965,4.893205642700195
NC-23,NC-23.jpg,5,0.16627748310565948,1.000514268875122
NC-24,NC-24.jpg,9,-1.366402268409729,-0.9934539794921875
NC-25,NC-25.jpg,5,0.8940903544425964,-3.4764363765716553
NC-26,NC-26.jpg,4,3.5798654556274414,1.9892394542694092
NC-27,NC-27.jpg,5,-2.1707277297973633,-0.42720720171928406
NC-28,NC-28.jpg,0,2.946366548538208,-5.635037899017334
NC-29,NC-29.jpg,11,-0.3273905813694,-12.25397777557373
NC-30,NC-30.jpg,4,1.5805637836456299,3.850921392440796
NC-31,NC-31.jpg,5,0.765006959438324,-0.9174346923828125
NC-32,NC-32.jpg,5,0.5749582052230835,-1.2593932151794434
NC-33,NC-33.jpg,5,-0.23235931992530823,-1.8408784866333008
NC-34,NC-34.jpg,9,-1.0036883354187012,-1.7188373804092407
NC-35,NC-35.jpg,5,0.8223084807395935,-2.928288221359253
NC-36,NC-36.jpg,5,0.8794224858283997,-0.646946132183075
NC-37,NC-37.jpg,5,-3.9068305492401123,-2.770648717880249
NC-38,NC-38.jpg,3,-1.8387048244476318,-1.7979469299316406
NC-39,NC-39.jpg,1,9.991524696350098,2.9223673343658447
NC-40,NC-40.jpg,5,-2.0549399852752686,-2.462432622909546
NC-41,NC-41.jpg,2,-5.279299259185791,-3.826704740524292
NC-42,NC-42.jpg,9,3.2849016189575195,-1.6277464628219604
NC-43,NC-43.jpg,5,0.6595747470855713,-0.8237729668617249
NC-44,NC-44.jpg,2,-5.806455612182617,-1.9141979217529297
NC-45,NC-45.jpg,5,0.29888325929641724,0.37900808453559875
NC-46,NC-46.jpg,5,4.500931262969971,2.70143723487854
NC-47,NC-47.jpg,5,-1.0092899799346924,1.2971985340118408
NC-48,NC-48.jpg,11,-3.321040630340576,-2.800400972366333
NC-49,NC-49.jpg,2,-3.3509814739227295,0.6274139881134033
NC-50,NC-50.jpg,3,-0.10110591351985931,-6.245554447174072
NE-1,NE-1.jpg,8,0.03622550517320633,5.4362359046936035
NE-2,NE-2.jpg,8,-1.5331944227218628,6.688243389129639
NE-3,NE-3.jpg,2,-3.465111494064331,-1.9003263711929321
NE-4,NE-4.jpg,4,3.415156364440918,7.905930042266846
NE-5,NE-5.jpg,3,0.8126580715179443,0.29859665036201477
NE-6,NE-6.jpg,6,-7.198935508728027,4.925769329071045
NE-7,NE-7.jpg,6,-7.957924842834473,0.9221898913383484
NE-8,NE-8.jpg,0,2.1183927059173584,-1.1050819158554077
NE-9,NE-9.jpg,8,-1.5838676691055298,0.8983404636383057
NE-10,NE-10.jpg,4,4.4580769538879395,7.996386528015137
NE-11,NE-11.jpg,3,1.7878738641738892,2.0349349975585938
NE-12,NE-12.jpg,6,-7.050140857696533,2.9667181968688965
NE-13,NE-13.jpg,9,-1.0414221286773682,-2.151369094848633
NE-14,NE-14.jpg,4,7.083595275878906,5.216836929321289
NE-15,NE-15.jpg,3,-2.9257471561431885,2.2125611305236816
NE-16,NE-16.jpg,2,-6.443124294281006,2.053790330886841
NE-17,NE-17.jpg,7,4.775936126708984,-1.349604845046997
NE-18,NE-18.jpg,4,6.005046844482422,7.44433069229126
NE-19,NE-19.jpg,7,5.259028911590576,1.3326807022094727
NE-20,NE-20.jpg,11,1.7531495094299316,-3.8707408905029297
NE-21,NE-21.jpg,5,2.1060712337493896,0.029219742864370346
NE-22,NE-22.jpg,2,-4.553777694702148,-4.178240776062012
NE-23,NE-23.jpg,6,-6.128925323486328,3.024458408355713
NE-24,NE-24.jpg,6,-8.537609100341797,5.709200859069824
NE-25,NE-25.jpg,8,-2.6256303787231445,4.99098014831543
NE-26,NE-26.jpg,8,-0.2981663942337036,3.9972970485687256
NE-27,NE-27.jpg,2,-4.730135440826416,3.3023722171783447
NE-28,NE-28.jpg,4,6.0019755363464355,1.3052825927734375
NE-29,NE-29.jpg,4,5.668326377868652,1.8466129302978516
NE-30,NE-30.jpg,7,9.730660438537598,1.5530725717544556
NE-31,NE-31.jpg,6,-4.372500896453857,4.43345308303833
NE-32,NE-32.jpg,4,3.3726513385772705,4.527740001678467
NE-33,NE-33.jpg,1,7.6953349113464355,4.828362941741943
NE-34,NE-34.jpg,1,5.937319278717041,6.890879154205322
NE-35,NE-35.jpg,11,-3.0126476287841797,-4.669477462768555
NE-36,NE-36.jpg,11,-0.5923731327056885,-7.65591287612915
NE-37,NE-37.jpg,4,1.5762706995010376,2.9927499294281006
NE-38,NE-38.jpg,4,4.167751789093018,6.1221604347229
NE-39,NE-39.jpg,1,7.9160051345825195,5.833868980407715
NE-40,NE-40.jpg,5,3.4645607471466064,-1.6103618144989014
NE-41,NE-41.jpg,5,1.4339542388916016,5.1298017501831055
NE-42,NE-42.jpg,0,3.827357292175293,-7.776398181915283
NE-43,NE-43.jpg,6,-6.678467273712158,0.5052422285079956
NE-44,NE-44.jpg,4,2.175956964492798,0.9432502388954163
NE-45,NE-45.jpg,6,-7.689361572265625,2.7640087604522705
NE-46,NE-46.jpg,9,0.21801429986953735,-1.5514836311340332
NE-47,NE-47.jpg,1,10.370080947875977,3.00108003616333
NE-48,NE-48.jpg,3,-4.154881000518799,-1.0538603067398071
NE-49,NE-49.jpg,6,-8.285404205322266,2.1959805488586426
NE-50,NE-50.jpg,2,-5.925848960876465,0.11530271172523499
NI-1,NI-1.jpg,2,-2.4386632442474365,-1.3918027877807617
NI-2,NI-2.jpg,5,-2.9094045162200928,-5.27018928527832
NI-3,NI-3.jpg,5,3.05440616607666,-1.368735432624817
NI-4,NI-4.jpg,4,0.7519225478172302,3.4263811111450195
NI-5,NI-5.jpg,7,5.322690486907959,-3.866391897201538
NI-6,NI-6.jpg,10,-5.206234931945801,6.7552313804626465
NI-7,NI-7.jpg,11,-1.3680723905563354,-3.2254343032836914
NI-8,NI-8.jpg,8,-1.7181205749511719,4.63608980178833
NI-9,NI-9.jpg,5,-2.8162548542022705,-2.2972373962402344
NI-10,NI-10.jpg,5,-2.8147189617156982,-5.1964850425720215
NI-11,NI-11.jpg,3,-2.060485363006592,-2.4301507472991943
NI-12,NI-12.jpg,7,5.337921619415283,-2.0258541107177734
NI-13,NI-13.jpg,4,1.6256784200668335,5.934627056121826
NI-14,NI-14.jpg,9,1.18717360496521,0.3374217748641968
NI-15,NI-15.jpg,5,3.05440616607666,-1.368735432624817
NI-16,NI-16.jpg,4,4.5641350746154785,2.8408095836639404
NI-17,NI-17.jpg,7,4.721678733825684,-0.3417682647705078
NI-18,NI-18.jpg,9,2.4486773014068604,-2.050187826156616
NI-19,NI-19.jpg,2,-6.218680381774902,-0.17730183899402618
NI-20,NI-20.jpg,2,-3.761225461959839,-0.5194650292396545
NI-21,NI-21.jpg,9,0.9361031651496887,1.1991840600967407
NI-22,NI-22.jpg,0,2.0221235752105713,-4.545834064483643
NI-23,NI-23.jpg,2,-4.390922546386719,-3.7408437728881836
NI-24,NI-24.jpg,8,-0.6712228655815125,2.7057433128356934
NI-25,NI-25.jpg,9,1.574514389038086,-0.3241298794746399
NI-26,NI-26.jpg,2,-6.178550720214844,-0.3786899447441101
NI-27,NI-27.jpg,11,-2.3279500007629395,-3.3975632190704346
NI-28,NI-28.jpg,4,1.4068982601165771,1.9386820793151855
NI-29,NI-29.jpg,9,0.1147233098745346,-2.6153430938720703
NI-30,NI-30.jpg,4,4.174551486968994,3.2865684032440186
NI-31,NI-31.jpg,9,0.7081348896026611,0.11810129135847092
NI-32,NI-32.jpg,5,-1.3734476566314697,-1.7792178392410278
NI-33,NI-33.jpg,9,-1.1018096208572388,0.3953607976436615
NI-34,NI-34.jpg,11,-0.42729294300079346,-3.7473621368408203
NI-35,NI-35.jpg,8,-3.521561622619629,3.3857762813568115
NI-36,NI-36.jpg,8,1.8079041242599487,1.5188815593719482
NI-37,NI-37.jpg,9,0.12411714345216751,-0.032194145023822784
NI-38,NI-38.jpg,4,5.099193572998047,2.6999292373657227
NI-39,NI-39.jpg,9,1.6079459190368652,-4.84050989151001
NI-40,NI-40.jpg,9,0.7018486261367798,-3.7202677726745605
NI-41,NI-41.jpg,9,0.4718862473964691,0.39346081018447876
NI-42,NI-42.jpg,11,-2.2008216381073,-3.746185302734375
NI-43,NI-43.jpg,11,-2.395752191543579,-8.60251522064209
NI-44,NI-44.jpg,7,6.129207134246826,-1.531039834022522
NI-45,NI-45.jpg,0,2.0221235752105713,-4.545834064483643
NI-46,NI-46.jpg,7,3.7034664154052734,0.6770597696304321
NI-47,NI-47.jpg,9,2.6684396266937256,-0.6762232780456543
NI-48,NI-48.jpg,5,3.05440616607666,-1.368735432624817
NI-49,NI-49.jpg,9,2.187084197998047,-2.856984853744507
NI-50,NI-50.jpg,5,1.3300180435180664,-7.300352573394775
NL-1,NL-1.jpg,4,2.412168264389038,1.6120429039001465
NL-2,NL-2.jpg,2,-5.524311542510986,-2.2616329193115234
NL-3,NL-3.jpg,4,1.8552526235580444,1.522131085395813
NL-4,NL-4.jpg,9,1.881286382675171,-3.836707592010498
NL-5,NL-5.jpg,6,-5.718082904815674,0.647303581237793
NL-6,NL-6.jpg,1,8.271156311035156,0.42019569873809814
NL-7,NL-7.jpg,11,-0.6233944892883301,-4.993021011352539
NL-8,NL-8.jpg,0,6.29444694519043,-7.613516330718994
NL-9,NL-9.jpg,9,-1.540185570716858,0.4767020046710968
NL-10,NL-10.jpg,1,10.944968223571777,3.16314697265625
NL-11,NL-11.jpg,3,-0.5825433135032654,-2.0108444690704346
NL-12,NL-12.jpg,4,0.6107531785964966,6.6777777671813965
NL-13,NL-13.jpg,10,-0.5558953881263733,7.031308174133301
NL-14,NL-14.jpg,11,-3.6941075325012207,-1.6108901500701904
NL-15,NL-15.jpg,1,9.81896686553955,1.7583420276641846
NL-16,NL-16.jpg,11,-2.90516996383667,-4.858049392700195
NL-17,NL-17.jpg,10,-0.5751174688339233,7.716802597045898
NL-18,NL-18.jpg,8,-1.5101932287216187,0.30263853073120117
NL-19,NL-19.jpg,3,0.6226831078529358,1.8962773084640503
NL-20,NL-20.jpg,3,0.8264169096946716,-3.148683547973633
NL-21,NL-21.jpg,0,3.2976605892181396,0.30609196424484253
NL-22,NL-22.jpg,9,-0.6083322167396545,-0.5014634728431702
NL-23,NL-23.jpg,0,1.0061596632003784,-3.8366241455078125
NL-24,NL-24.jpg,9,1.65533447265625,-1.2030035257339478
NL-25,NL-25.jpg,5,-2.4324967861175537,2.1695878505706787
NL-26,NL-26.jpg,8,-1.3603757619857788,5.387629508972168
NL-27,NL-27.jpg,9,0.6352443695068359,-4.091494560241699
NL-28,NL-28.jpg,4,5.271529197692871,1.1570442914962769
NL-29,NL-29.jpg,2,-3.9872965812683105,1.6300712823867798
NL-30,NL-30.jpg,9,1.2395529747009277,-1.883752465248108
NL-31,NL-31.jpg,4,0.9407330751419067,4.239307880401611
NL-32,NL-32.jpg,8,-1.261833906173706,3.906705379486084
NL-33,NL-33.jpg,0,3.8369011878967285,-0.26168206334114075
NL-34,NL-34.jpg,11,0.14330299198627472,-2.578530788421631
NL-35,NL-35.jpg,7,4.3596014976501465,-1.5174760818481445
NL-36,NL-36.jpg,5,-4.600762367248535,-0.7351272106170654
NL-37,NL-37.jpg,7,8.73961353302002,-0.021476930007338524
NL-38,NL-38.jpg,7,6.858623504638672,3.7909820079803467
NL-39,NL-39.jpg,9,-0.7807999849319458,1.0616058111190796
NL-40,NL-40.jpg,0,2.9930152893066406,-5.375051498413086
NL-41,NL-41.jpg,1,6.675900936126709,10.368005752563477
NL-42,NL-42.jpg,2,-4.014790058135986,-2.0603644847869873
NL-43,NL-43.jpg,0,5.654897689819336,-7.030945301055908
NL-44,NL-44.jpg,4,0.34738412499427795,3.178213596343994
NL-45,NL-45.jpg,3,2.4069011211395264,-3.1190550327301025
NL-46,NL-46.jpg,9,-0.06605958938598633,-1.6201972961425781
NL-47,NL-47.jpg,2,-5.307810306549072,1.4380234479904175
NL-48,NL-48.jpg,4,4.570204257965088,3.8508336544036865
NL-49,NL-49.jpg,9,2.2410809993743896,0.39993521571159363
NL-50,NL-50.jpg,1,6.304081439971924,7.516860008239746
NO-1,NO-1.jpg,5,2.801882028579712,2.872312068939209
NO-2,NO-2.jpg,11,-2.9218995571136475,-1.4913418292999268
NO-3,NO-3.jpg,2,-7.291494846343994,-3.0522947311401367
NO-4,NO-4.jpg,8,-4.408696174621582,4.0895771980285645
NO-5,NO-5.jpg,8,-4.791393756866455,3.691171646118164
NO-6,NO-6.jpg,8,-2.4172892570495605,4.69143009185791
NO-7,NO-7.jpg,9,0.4253077208995819,-1.4603153467178345
NO-8,NO-8.jpg,11,-2.634796380996704,-6.679344177246094
NO-9,NO-9.jpg,9,1.891984224319458,-1.5601489543914795
NO-10,NO-10.jpg,8,-2.5964443683624268,1.5534658432006836
NO-11,NO-11.jpg,11,-1.5614641904830933,-6.757521629333496
NO-12,NO-12.jpg,1,7.5110063552856445,5.5286030769348145
NO-13,NO-13.jpg,3,2.73071551322937,-2.298550844192505
NO-14,NO-14.jpg,9,-1.824966549873352,-0.30511173605918884
NO-15,NO-15.jpg,9,-2.0543429851531982,-3.212294816970825
NO-16,NO-16.jpg,2,-4.636574745178223,-0.44578301906585693
NO-17,NO-17.jpg,1,10.447673797607422,3.6527678966522217
NO-18,NO-18.jpg,7,7.87669038772583,-2.281339168548584
NO-19,NO-19.jpg,7,7.193448066711426,-0.7491352558135986
NO-20,NO-20.jpg,7,4.251317501068115,-1.8799165487289429
NO-21,NO-21.jpg,7,3.6724319458007812,-2.48266863822937
NO-22,NO-22.jpg,11,-0.9509665369987488,-3.782805919647217
NO-23,NO-23.jpg,9,2.642824649810791,-1.4874571561813354
NO-24,NO-24.jpg,2,-4.0539326667785645,-0.5542426109313965
NO-25,NO-25.jpg,7,5.351175785064697,-2.367415189743042
NO-26,NO-26.jpg,6,-4.0605926513671875,1.0428377389907837
NO-27,NO-27.jpg,11,-2.741222858428955,-7.598970890045166
NO-28,NO-28.jpg,4,1.4152653217315674,1.4411332607269287
NO-29,NO-29.jpg,4,2.132376194000244,2.7545485496520996
NO-30,NO-30.jpg,11,0.23746122419834137,-7.779101371765137
NO-31,NO-31.jpg,3,-0.43079453706741333,-2.2082536220550537
NO-32,NO-32.jpg,2,-3.262307643890381,0.12373344600200653
NO-33,NO-33.jpg,11,0.21301324665546417,-8.359463691711426
NO-34,NO-34.jpg,0,1.5557547807693481,-3.8763930797576904
NO-35,NO-35.jpg,0,2.120060682296753,-8.695556640625
NO-36,NO-36.jpg,5,-1.8100531101226807,2.859563112258911
NO-37,NO-37.jpg,10,-6.745977401733398,7.414907455444336
NO-38,NO-38.jpg,2,-4.134047031402588,3.2445058822631836
NO-39,NO-39.jpg,2,-5.061068058013916,2.096503734588623
NO-40,NO-40.jpg,0,1.009315013885498,-3.5804951190948486
NO-41,NO-41.jpg,3,-2.8857927322387695,0.6050404906272888
NO-42,NO-42.jpg,11,-2.7521066665649414,-6.17192268371582
NO-43,NO-43.jpg,3,-1.6993436813354492,0.9435705542564392
NO-44,NO-44.jpg,2,-4.17940616607666,-0.4941045343875885
NO-45,NO-45.jpg,7,9.986858367919922,-3.672386646270752
NO-46,NO-46.jpg,9,-2.4969356060028076,-2.4712271690368652
NO-47,NO-47.jpg,0,1.8386163711547852,-5.4472737312316895
NO-48,NO-48.jpg,4,4.052255153656006,2.3998970985412598
NO-49,NO-49.jpg,2,-3.209697723388672,-4.278954982757568
NO-50,NO-50.jpg,9,0.8302239179611206,-3.2724905014038086
NP-1,NP-1.jpg,11,-2.900869846343994,-4.863375663757324
NP-2,NP-2.jpg,4,0.2990587651729584,2.8809587955474854
NP-3,NP-3.jpg,7,6.588428020477295,2.1100635528564453
NP-4,NP-4.jpg,9,-1.1531795263290405,-2.7541444301605225
NP-5,NP-5.jpg,0,2.2274162769317627,-4.799221992492676
NP-6,NP-6.jpg,4,0.14835494756698608,2.8914570808410645
NP-7,NP-7.jpg,3,-2.5548596382141113,-2.5273425579071045
NP-8,NP-8.jpg,8,-0.44793930649757385,5.728466033935547
NP-9,NP-9.jpg,4,3.7562103271484375,1.2084928750991821
NP-10,NP-10.jpg,8,-2.1905035972595215,3.327693223953247
NP-11,NP-11.jpg,9,-1.3914138078689575,-0.1779438555240631
NP-12,NP-12.jpg,8,-0.028673408553004265,3.898538112640381
NP-13,NP-13.jpg,2,-3.3051888942718506,1.1072819232940674
NP-14,NP-14.jpg,6,-5.77126932144165,3.261279582977295
NP-15,NP-15.jpg,9,-0.474385142326355,1.2008287906646729
NP-16,NP-16.jpg,8,-1.308606505393982,3.7803537845611572
NP-17,NP-17.jpg,6,-7.231966495513916,3.282733201980591
NP-18,NP-18.jpg,4,2.2697088718414307,3.278815746307373
NP-19,NP-19.jpg,0,2.6161162853240967,-5.329403400421143
NP-20,NP-20.jpg,11,-1.3421506881713867,-4.670838356018066
NP-21,NP-21.jpg,8,-1.0230168104171753,2.61688494682312
NP-22,NP-22.jpg,0,3.342435598373413,-4.266621112823486
NP-23,NP-23.jpg,11,-3.2662582397460938,-5.062653064727783
NP-24,NP-24.jpg,9,-0.574213981628418,-2.7512974739074707
NP-25,NP-25.jpg,9,-0.7232398390769958,-2.083076000213623
NP-26,NP-26.jpg,4,1.9098628759384155,1.9622825384140015
NP-27,NP-27.jpg,5,-2.204859733581543,-0.6586971282958984
NP-28,NP-28.jpg,4,1.1250717639923096,5.883799076080322
NP-29,NP-29.jpg,11,-1.5797514915466309,-4.713960647583008
NP-30,NP-30.jpg,5,1.8556954860687256,2.495351791381836
NP-31,NP-31.jpg,9,-1.3184696435928345,-0.07608690857887268
NP-32,NP-32.jpg,2,-2.30471134185791,1.6108006238937378
NP-33,NP-33.jpg,8,-0.25057655572891235,2.3695318698883057
NP-34,NP-34.jpg,7,7.685128688812256,-1.008713960647583
NP-35,NP-35.jpg,2,-2.492208480834961,1.9989835023880005
NP-36,NP-36.jpg,8,-0.8358387351036072,4.101965427398682
NP-37,NP-37.jpg,4,4.15110445022583,4.589151859283447
NP-38,NP-38.jpg,5,-2.0202620029449463,-4.214841842651367
NP-39,NP-39.jpg,2,-1.9774507284164429,-0.4866577684879303
NP-40,NP-40.jpg,8,1.370484471321106,3.78322172164917
NP-41,NP-41.jpg,1,9.660063743591309,3.6221323013305664
NP-42,NP-42.jpg,8,-2.9952211380004883,1.2326558828353882
NP-43,NP-43.jpg,9,-1.7121330499649048,-0.14151111245155334
NP-44,NP-44.jpg,10,-5.936131477355957,5.219440937042236
NP-45,NP-45.jpg,8,-0.9769026637077332,1.7182239294052124
NP-46,NP-46.jpg,2,-3.360710382461548,0.42568114399909973
NP-47,NP-47.jpg,9,1.8641588687896729,1.465172529220581
NP-48,NP-48.jpg,0,6.26848030090332,-8.306696891784668
NP-49,NP-49.jpg,4,1.8032828569412231,1.9551217555999756
NP-50,NP-50.jpg,7,3.112264633178711,-1.8907766342163086
NZ-1,NZ-1.jpg,2,-3.624828577041626,-0.5758517980575562
NZ-2,NZ-2.jpg,11,-1.842828392982483,-3.633253812789917
NZ-3,NZ-3.jpg,5,1.4864232540130615,-3.5304315090179443
NZ-4,NZ-4.jpg,3,-6.569740295410156,-0.20159603655338287
NZ-5,NZ-5.jpg,9,1.7119048833847046,-1.4926854372024536
NZ-6,NZ-6.jpg,10,-2.0016441345214844,5.05436372756958
NZ-7,NZ-7.jpg,2,-8.653603553771973,-2.7426087856292725
NZ-8,NZ-8.jpg,8,-0.6932809352874756,2.339750289916992
NZ-9,NZ-9.jpg,8,-2.875481605529785,3.5177016258239746
NZ-10,NZ-10.jpg,5,0.07183675467967987,0.7888403534889221
NZ-11,NZ-11.jpg,11,0.37587645649909973,-5.5832061767578125
NZ-12,NZ-12.jpg,2,-4.114343643188477,-0.4790289103984833
NZ-13,NZ-13.jpg,5,2.9590141773223877,1.965749979019165
NZ-14,NZ-14.jpg,3,-1.0304722785949707,-3.3558263778686523
NZ-15,NZ-15.jpg,6,-4.211303234100342,9.484376907348633
NZ-16,NZ-16.jpg,8,-0.048357754945755005,6.391556262969971
NZ-17,NZ-17.jpg,9,-0.08992768824100494,1.4309463500976562
NZ-18,NZ-18.jpg,9,2.352250814437866,0.3641345202922821
NZ-19,NZ-19.jpg,8,1.993361234664917,1.592241644859314
NZ-20,NZ-20.jpg,5,0.5515255331993103,0.0897110253572464
NZ-21,NZ-21.jpg,8,-0.6613388061523438,3.4552714824676514
NZ-22,NZ-22.jpg,0,0.914051353931427,-0.8606030941009521
NZ-23,NZ-23.jpg,6,-7.977928638458252,5.100497245788574
NZ-24,NZ-24.jpg,3,-2.2469966411590576,-1.1050617694854736
NZ-25,NZ-25.jpg,9,-0.8360244035720825,0.552097499370575
NZ-26,NZ-26.jpg,2,-3.310281276702881,-1.5914875268936157
NZ-27,NZ-27.jpg,0,4.2009453773498535,-5.322668552398682
NZ-28,NZ-28.jpg,2,-4.582281589508057,-3.298186779022217
NZ-29,NZ-29.jpg,0,3.296769142150879,-3.3847968578338623
NZ-30,NZ-30.jpg,8,-2.928140878677368,2.4013240337371826
NZ-31,NZ-31.jpg,4,1.3873893022537231,2.0384557247161865
NZ-32,NZ-32.jpg,4,3.9224355220794678,3.2621726989746094
NZ-33,NZ-33.jpg,5,0.3418414890766144,-1.8151737451553345
NZ-34,NZ-34.jpg,8,-3.440171003341675,2.7798638343811035
NZ-35,NZ-35.jpg,9,-0.41188913583755493,1.161035180091858
NZ-36,NZ-36.jpg,2,-4.342966556549072,-2.985581398010254
NZ-37,NZ-37.jpg,2,-1.7375909090042114,-1.677729606628418
NZ-38,NZ-38.jpg,4,4.6242804527282715,7.413952350616455
NZ-39,NZ-39.jpg,7,4.771212100982666,-1.9427216053009033
NZ-40,NZ-40.jpg,5,2.214404344558716,1.623551607131958
NZ-41,NZ-41.jpg,2,-7.676097393035889,0.059188082814216614
NZ-42,NZ-42.jpg,9,3.588535785675049,-0.31132814288139343
NZ-43,NZ-43.jpg,0,5.079990386962891,-2.488145589828491
NZ-44,NZ-44.jpg,1,10.137322425842285,2.970438003540039
NZ-45,NZ-45.jpg,2,-4.638906478881836,0.15781907737255096
NZ-46,NZ-46.jpg,5,-6.394440650939941,0.3797919750213623
NZ-47,NZ-47.jpg,9,-0.17430469393730164,-1.4945085048675537
NZ-48,NZ-48.jpg,7,5.179203987121582,-2.2314908504486084
NZ-49,NZ-49.jpg,4,1.9325906038284302,1.6214386224746704
NZ-50,NZ-50.jpg,9,0.27220284938812256,-2.0989644527435303
OM-1,OM-1.jpg,4,3.9293298721313477,2.8155388832092285
OM-2,OM-2.jpg,8,-2.8909599781036377,5.9932732582092285
OM-3,OM-3.jpg,11,-1.2844526767730713,-9.8286771774292
OM-4,OM-4.jpg,11,1.3530536890029907,-4.387472152709961
OM-5,OM-5.jpg,3,-3.8531641960144043,-4.187052249908447
OM-6,OM-6.jpg,9,2.689507246017456,-1.2551453113555908
OM-7,OM-7.jpg,9,2.2097020149230957,-2.375209093093872
OM-8,OM-8.jpg,1,6.988841533660889,10.071805953979492
OM-9,OM-9.jpg,7,4.179965972900391,-0.4385158121585846
OM-10,OM-10.jpg,0,2.042954206466675,-4.069365978240967
OM-11,OM-11.jpg,3,-3.414785385131836,3.338712215423584
OM-12,OM-12.jpg,9,2.0992701053619385,-0.15503905713558197
OM-13,OM-13.jpg,9,0.8674307465553284,-0.6296507716178894
OM-14,OM-14.jpg,11,-3.155925750732422,-4.191368579864502
OM-15,OM-15.jpg,9,2.2097020149230957,-2.375209093093872
OM-16,OM-16.jpg,11,-4.832839012145996,-3.474928140640259
OM-17,OM-17.jpg,0,1.1124067306518555,-3.6527955532073975
OM-18,OM-18.jpg,0,1.3066530227661133,-3.8857197761535645
OM-19,OM-19.jpg,0,0.8456175923347473,-3.548753499984741
OM-20,OM-20.jpg,5,-2.2776827812194824,1.8909626007080078
OM-21,OM-21.jpg,9,-0.22599036991596222,1.0346975326538086
OM-22,OM-22.jpg,4,4.893514156341553,2.449294328689575
OM-23,OM-23.jpg,0,2.394757032394409,-7.139547824859619
OM-24,OM-24.jpg,9,2.995244026184082,-1.3283003568649292
OM-25,OM-25.jpg,7,4.265161991119385,0.9610379338264465
OM-26,OM-26.jpg,3,-1.5645736455917358,-5.1568803787231445
OM-27,OM-27.jpg,0,1.5740588903427124,-3.5101301670074463
OM-28,OM-28.jpg,4,4.86034631729126,2.437406301498413
OM-29,OM-29.jpg,11,-2.3438806533813477,-5.8475518226623535
OM-30,OM-30.jpg,2,-6.4115166664123535,-1.7809956073760986
OM-31,OM-31.jpg,7,4.179965972900391,-0.4385158121585846
OM-32,OM-32.jpg,0,2.7762439250946045,-2.9084150791168213
OM-33,OM-33.jpg,3,-2.210646629333496,-1.106070876121521
OM-34,OM-34.jpg,8,0.3495756983757019,2.343395948410034
OM-35,OM-35.jpg,9,-0.3380017578601837,-2.471496820449829
OM-36,OM-36.jpg,3,-3.8884835243225098,0.8185028433799744
OM-37,OM-37.jpg,3,-0.2411665916442871,0.41060832142829895
OM-38,OM-38.jpg,11,-0.03907928988337517,-5.331233501434326
OM-39,OM-39.jpg,0,2.9273080825805664,-2.8444783687591553
OM-40,OM-40.jpg,6,-6.664956092834473,3.7304811477661133
OM-41,OM-41.jpg,3,2.563492774963379,2.315913677215576
OM-42,OM-42.jpg,0,2.9273080825805664,-2.8444783687591553
OM-43,OM-43.jpg,2,-4.735805034637451,-0.5211960673332214
OM-44,OM-44.jpg,7,4.179965972900391,-0.4385158121585846
OM-45,OM-45.jpg,11,-0.22991296648979187,-3.2530503273010254
OM-46,OM-46.jpg,0,2.9273080825805664,-2.8444783687591553
OM-47,OM-47.jpg,2,-3.382411479949951,-2.419055461883545
OM-48,OM-48.jpg,9,0.07836385816335678,-1.6050913333892822
OM-49,OM-49.jpg,11,-2.7966537475585938,-2.786754846572876
OM-50,OM-50.jpg,3,1.412911295890808,-0.49400457739830017
PA-1,PA-1.jpg,8,-4.305271625518799,3.1193079948425293
PA-2,PA-2.jpg,7,4.591862678527832,3.1035993099212646
PA-3,PA-3.jpg,9,-1.586708903312683,-2.673313617706299
PA-4,PA-4.jpg,9,-2.403360366821289,-1.4874249696731567
PA-5,PA-5.jpg,0,2.0842130184173584,-2.2291829586029053
PA-6,PA-6.jpg,6,-8.663087844848633,5.465816974639893
PA-7,PA-7.jpg,0,0.12284541130065918,-1.9004185199737549
PA-8,PA-8.jpg,2,-4.116665840148926,-1.1046520471572876
PA-9,PA-9.jpg,4,4.25085973739624,5.743945598602295
PA-10,PA-10.jpg,9,2.6258902549743652,0.4633607864379883
PA-11,PA-11.jpg,2,-1.956443428993225,-0.3863677978515625
PA-12,PA-12.jpg,11,0.2972968816757202,-7.115478038787842
PA-13,PA-13.jpg,5,1.079635739326477,-0.2231922149658203
PA-14,PA-14.jpg,4,4.022384166717529,1.8304375410079956
PA-15,PA-15.jpg,1,8.493179321289062,4.483764171600342
PA-16,PA-16.jpg,4,2.3320534229278564,3.2525277137756348
PA-17,PA-17.jpg,4,2.6486611366271973,2.5304384231567383
PA-18,PA-18.jpg,2,-5.799204349517822,-3.08119535446167
PA-19,PA-19.jpg,11,-2.183067560195923,-1.5088244676589966
PA-20,PA-20.jpg,5,-0.6420939564704895,-2.614598274230957
PA-21,PA-21.jpg,9,1.7567998170852661,-0.5821934938430786
PA-22,PA-22.jpg,5,-1.1905839443206787,1.353750228881836
PA-23,PA-23.jpg,9,2.7619566917419434,-0.35780394077301025
PA-24,PA-24.jpg,6,-5.9835028648376465,3.741719961166382
PA-25,PA-25.jpg,8,-4.076578140258789,2.8027865886688232
PA-26,PA-26.jpg,9,3.618940591812134,-0.700925350189209
PA-27,PA-27.jpg,8,-0.39364707469940186,2.3618879318237305
PA-28,PA-28.jpg,6,-5.449430465698242,-0.33986544609069824
PA-29,PA-29.jpg,8,-3.6069889068603516,2.653995990753174
PA-30,PA-30.jpg,3,0.3675791025161743,-3.8344221115112305
PA-31,PA-31.jpg,9,-0.712178111076355,-2.1955225467681885
PA-32,PA-32.jpg,4,1.9477245807647705,5.242410182952881
PA-33,PA-33.jpg,8,-1.6224640607833862,2.524491310119629
PA-34,PA-34.jpg,4,5.109809398651123,0.9090304970741272
PA-35,PA-35.jpg,2,-3.8434336185455322,-1.5139800310134888
PA-36,PA-36.jpg,9,1.759478211402893,-0.5991268157958984
PA-37,PA-37.jpg,3,-2.3690454959869385,0.7939845323562622
PA-38,PA-38.jpg,8,-3.0234487056732178,0.8125245571136475
PA-39,PA-39.jpg,8,-2.229113817214966,2.0994417667388916
PA-40,PA-40.jpg,2,-4.869433879852295,-4.561694622039795
PA-41,PA-41.jpg,8,-1.6675350666046143,5.252509117126465
PA-42,PA-42.jpg,9,0.019054517149925232,1.3855336904525757
PA-43,PA-43.jpg,8,-0.361562579870224,1.3548599481582642
PA-44,PA-44.jpg,11,-2.225200653076172,-3.9735827445983887
PA-45,PA-45.jpg,0,1.969495177268982,-0.4667426347732544
PA-46,PA-46.jpg,2,-3.658597946166992,0.46121689677238464
PA-47,PA-47.jpg,3,-1.3489760160446167,-2.8604187965393066
PA-48,PA-48.jpg,4,1.9653010368347168,6.1047210693359375
PA-49,PA-49.jpg,6,-5.280891418457031,0.7926942110061646
PA-50,PA-50.jpg,2,-2.8113718032836914,-1.4985461235046387
PE-1,PE-1.jpg,8,-1.4941232204437256,2.049185037612915
PE-2,PE-2.jpg,2,-4.375121116638184,2.4249165058135986
PE-3,PE-3.jpg,9,-1.5573233366012573,-0.5103244185447693
PE-4,PE-4.jpg,4,5.757942199707031,4.860272407531738
PE-5,PE-5.jpg,9,-0.4840080142021179,-0.4917179048061371
PE-6,PE-6.jpg,7,2.7026114463806152,0.7953674793243408
PE-7,PE-7.jpg,3,0.2651050388813019,-1.0854614973068237
PE-8,PE-8.jpg,4,1.9971786737442017,3.286972761154175
PE-9,PE-9.jpg,4,1.5708990097045898,2.8051693439483643
PE-10,PE-10.jpg,7,5.129060745239258,-1.8106650114059448
PE-11,PE-11.jpg,9,-1.5393028259277344,0.20174913108348846
PE-12,PE-12.jpg,10,-3.3423237800598145,0.5982987284660339
PE-13,PE-13.jpg,9,-0.9458505511283875,-2.4578020572662354
PE-14,PE-14.jpg,8,-1.191346526145935,4.079771518707275
PE-15,PE-15.jpg,8,-2.156398296356201,5.519740581512451
PE-16,PE-16.jpg,2,-3.581425666809082,0.7319382429122925
PE-17,PE-17.jpg,7,9.792919158935547,-1.2909464836120605
PE-18,PE-18.jpg,9,-0.36541226506233215,0.4117126762866974
PE-19,PE-19.jpg,4,-0.487546443939209,2.1782379150390625
PE-20,PE-20.jpg,9,1.3299061059951782,-1.3082010746002197
PE-21,PE-21.jpg,8,1.3466663360595703,3.2662529945373535
PE-22,PE-22.jpg,2,-3.985241174697876,-2.0102732181549072
PE-23,PE-23.jpg,4,-0.9475152492523193,3.171379327774048
PE-24,PE-24.jpg,9,1.8585001230239868,-0.0683913454413414
PE-25,PE-25.jpg,9,-0.6186581254005432,0.48042383790016174
PE-26,PE-26.jpg,9,-0.3118622303009033,-0.5233563780784607
PE-27,PE-27.jpg,9,0.06777964532375336,0.48632991313934326
PE-28,PE-28.jpg,11,-1.2512915134429932,-6.960996150970459
PE-29,PE-29.jpg,9,-1.1654731035232544,-1.6904958486557007
PE-30,PE-30.jpg,8,-3.1660449504852295,3.9264307022094727
PE-31,PE-31.jpg,8,-1.5249229669570923,1.8437271118164062
PE-32,PE-32.jpg,8,-1.9063446521759033,3.2366371154785156
PE-33,PE-33.jpg,8,-1.2832757234573364,3.9904818534851074
PE-34,PE-34.jpg,2,-5.021484375,-0.049859095364809036
PE-35,PE-35.jpg,9,1.871358036994934,-0.4018698036670685
PE-36,PE-36.jpg,9,1.328155279159546,-3.1851916313171387
PE-37,PE-37.jpg,9,-0.9338041543960571,-0.31430739164352417
PE-38,PE-38.jpg,9,0.2703593075275421,-3.4386343955993652
PE-39,PE-39.jpg,7,10.046066284179688,-3.5910093784332275
PE-40,PE-40.jpg,9,0.6264520287513733,-0.21371783316135406
PE-41,PE-41.jpg,2,-2.548943281173706,0.48334529995918274
PE-42,PE-42.jpg,9,-0.35099053382873535,0.7186089754104614
PE-43,PE-43.jpg,6,-5.313762187957764,3.185509443283081
PE-44,PE-44.jpg,9,1.4661108255386353,1.560013771057129
PE-45,PE-45.jpg,9,4.119091987609863,0.034074608236551285
PE-46,PE-46.jpg,5,-1.1451395750045776,-2.999824285507202
PE-47,PE-47.jpg,11,-1.1940600872039795,-2.5740966796875
PE-48,PE-48.jpg,8,-3.536593437194824,4.416740417480469
PE-49,PE-49.jpg,7,6.93015193939209,1.3384618759155273
PE-50,PE-50.jpg,6,-7.579345226287842,3.8855011463165283
PF-1,PF-1.jpg,7,5.243511199951172,1.246395468711853
PF-2,PF-2.jpg,5,-0.4210655391216278,-3.6691102981567383
PF-3,PF-3.jpg,11,0.7692306041717529,-8.096993446350098
PF-4,PF-4.jpg,11,-0.42678824067115784,-5.206117153167725
PF-5,PF-5.jpg,9,3.3225152492523193,-0.07574804127216339
PF-6,PF-6.jpg,11,-2.4198014736175537,-7.947249889373779
PF-7,PF-7.jpg,9,-0.7010936737060547,-1.6934425830841064
PF-8,PF-8.jpg,2,-3.5021169185638428,-3.58916974067688
PF-9,PF-9.jpg,3,3.702444076538086,-0.014243358746170998
PF-10,PF-10.jpg,5,-1.4793223142623901,-0.34195953607559204
PF-11,PF-11.jpg,2,-3.2506837844848633,1.724028468132019
PF-12,PF-12.jpg,9,-2.6197214126586914,-1.6527211666107178
PF-13,PF-13.jpg,1,6.9085540771484375,2.462505578994751
PF-14,PF-14.jpg,5,2.1212005615234375,-4.911516189575195
PF-15,PF-15.jpg,5,1.57884681224823,-1.1005054712295532
PF-16,PF-16.jpg,8,1.2142168283462524,6.81513786315918
PF-17,PF-17.jpg,7,9.438036918640137,-1.7826110124588013
PF-18,PF-18.jpg,7,4.864367485046387,2.8864073753356934
PF-19,PF-19.jpg,8,-2.238788604736328,2.343447208404541
PF-20,PF-20.jpg,1,9.812508583068848,1.4959486722946167
PF-21,PF-21.jpg,4,3.2607710361480713,0.7237550020217896
PF-22,PF-22.jpg,2,-3.4816431999206543,0.7401259541511536
PF-23,PF-23.jpg,11,-0.5793200731277466,-4.670551776885986
PF-24,PF-24.jpg,11,-2.4963579177856445,-4.798726558685303
PF-25,PF-25.jpg,0,2.880843162536621,-3.3505868911743164
PF-26,PF-26.jpg,0,3.8571224212646484,-3.6402852535247803
PF-27,PF-27.jpg,0,1.1836413145065308,-7.888453960418701
PF-28,PF-28.jpg,5,-0.24464024603366852,-3.497140407562256
PF-29,PF-29.jpg,5,1.0460034608840942,-1.8992946147918701
PF-30,PF-30.jpg,2,-5.7618327140808105,4.762734413146973
PF-31,PF-31.jpg,5,3.5537831783294678,1.027024507522583
PF-32,PF-32.jpg,5,1.498647689819336,-0.4757523238658905
PF-33,PF-33.jpg,7,8.860920906066895,1.0081353187561035
PF-34,PF-34.jpg,1,9.793505668640137,1.88894784450531
PF-35,PF-35.jpg,5,-0.10036561638116837,-4.569054126739502
PF-36,PF-36.jpg,5,-0.6117219924926758,-3.0738413333892822
PF-37,PF-37.jpg,5,3.123504877090454,0.7575864791870117
PF-38,PF-38.jpg,5,-0.24311107397079468,-2.852618455886841
PF-39,PF-39.jpg,9,1.621677041053772,-1.1775262355804443
PF-40,PF-40.jpg,9,-0.03096989169716835,-0.28702521324157715
PF-41,PF-41.jpg,4,3.9989914894104004,2.279369354248047
PF-42,PF-42.jpg,11,0.09445665776729584,-7.488137245178223
PF-43,PF-43.jpg,6,-4.508939743041992,2.294642686843872
PF-44,PF-44.jpg,2,-6.770195960998535,-6.346466064453125
PF-45,PF-45.jpg,11,1.0612311363220215,-4.374292850494385
PF-46,PF-46.jpg,11,0.6517505049705505,-11.99138069152832
PF-47,PF-47.jpg,5,-0.20448651909828186,1.5382765531539917
PF-48,PF-48.jpg,5,0.3403688073158264,-3.6518495082855225
PF-49,PF-49.jpg,2,-2.5680172443389893,0.4296761155128479
PF-50,PF-50.jpg,0,1.4607340097427368,-4.793159484863281
PG-1,PG-1.jpg,2,-1.5946120023727417,-0.6462793946266174
PG-2,PG-2.jpg,9,-0.5291011333465576,-0.7587080597877502
PG-3,PG-3.jpg,6,-7.400681018829346,3.3370628356933594
PG-4,PG-4.jpg,3,3.2524993419647217,4.322418212890625
PG-5,PG-5.jpg,2,-5.958408832550049,-1.8157697916030884
PG-6,PG-6.jpg,5,-2.1545052528381348,-1.3372764587402344
PG-7,PG-7.jpg,3,-2.146533250808716,-1.038710355758667
PG-8,PG-8.jpg,8,-1.4462047815322876,3.539921522140503
PG-9,PG-9.jpg,9,-1.2958288192749023,0.3023814558982849
PG-10,PG-10.jpg,2,-2.6644527912139893,1.342896819114685
PG-11,PG-11.jpg,8,-0.24218620359897614,4.233851432800293
PG-12,PG-12.jpg,5,-0.9982768297195435,1.5127843618392944
PG-13,PG-13.jpg,9,0.004158100113272667,0.4682580232620239
PG-14,PG-14.jpg,9,-0.8567336201667786,0.8141781687736511
PG-15,PG-15.jpg,2,-3.5910630226135254,-0.06594684720039368
PG-16,PG-16.jpg,2,-2.524446964263916,-2.0245859622955322
PG-17,PG-17.jpg,8,0.2906135022640228,4.288154602050781
PG-18,PG-18.jpg,3,-3.5839157104492188,3.317103862762451
PG-19,PG-19.jpg,9,1.602365493774414,-1.7800418138504028
PG-20,PG-20.jpg,6,-4.480730056762695,1.8284839391708374
PG-21,PG-21.jpg,5,1.3634535074234009,-1.048040747642517
PG-22,PG-22.jpg,8,-3.9140419960021973,1.3445225954055786
PG-23,PG-23.jpg,8,-0.3405272662639618,3.9798223972320557
PG-24,PG-24.jpg,6,-5.016916275024414,3.1411237716674805
PG-25,PG-25.jpg,3,0.5973019599914551,3.0312623977661133
PG-26,PG-26.jpg,2,-4.50946569442749,-1.0035885572433472
PG-27,PG-27.jpg,4,0.7863762378692627,2.6007943153381348
PG-28,PG-28.jpg,4,0.6372388005256653,3.2653613090515137
PG-29,PG-29.jpg,2,-5.640809535980225,-3.7781572341918945
PG-30,PG-30.jpg,3,-4.184347629547119,-3.4823646545410156
PG-31,PG-31.jpg,10,-0.31445902585983276,7.988658905029297
PG-32,PG-32.jpg,6,-6.312561988830566,1.168245792388916
PG-33,PG-33.jpg,9,-1.2967257499694824,0.29788142442703247
PG-34,PG-34.jpg,2,-3.7005488872528076,2.7758731842041016
PG-35,PG-35.jpg,4,0.7454159259796143,3.306440591812134
PG-36,PG-36.jpg,4,5.021605968475342,3.5922605991363525
PG-37,PG-37.jpg,6,-7.915860176086426,2.5558035373687744
PG-38,PG-38.jpg,5,-1.0108541250228882,1.4676151275634766
PG-39,PG-39.jpg,8,-1.1876980066299438,2.5298023223876953
PG-40,PG-40.jpg,9,0.28123006224632263,-0.21424344182014465
PG-41,PG-41.jpg,5,-0.9984737038612366,1.5121413469314575
PG-42,PG-42.jpg,2,-2.8568341732025146,1.326363444328308
PG-43,PG-43.jpg,5,-0.9984737038612366,1.5121413469314575
PG-44,PG-44.jpg,5,-2.157158374786377,-1.3346693515777588
PG-45,PG-45.jpg,5,0.2242107391357422,0.8519943952560425
PG-46,PG-46.jpg,5,-2.159039258956909,-1.3671776056289673
PG-47,PG-47.jpg,8,-1.369864583015442,3.8178822994232178
PG-48,PG-48.jpg,8,0.6819365620613098,4.018354415893555
PG-49,PG-49.jpg,10,-0.6643596887588501,7.023379325866699
PG-50,PG-50.jpg,8,-3.918825149536133,1.3134652376174927
PK-1,PK-1.jpg,8,0.8794487714767456,2.9917943477630615
PK-2,PK-2.jpg,8,-1.8338273763656616,2.3123607635498047
PK-3,PK-3.jpg,9,-0.030213501304388046,0.5936971306800842
PK-4,PK-4.jpg,8,-0.8622881770133972,3.084343433380127
PK-5,PK-5.jpg,9,0.7321256995201111,-1.473544955253601
PK-6,PK-6.jpg,8,-3.491162061691284,0.2125828117132187
PK-7,PK-7.jpg,9,1.2840869426727295,-0.2524068057537079
PK-8,PK-8.jpg,2,-5.310034275054932,-0.7210975885391235
PK-9,PK-9.jpg,5,-2.248447895050049,-0.15822559595108032
PK-10,PK-10.jpg,8,-0.3018621802330017,3.826066732406616
PK-11,PK-11.jpg,9,-1.0317195653915405,-2.983494997024536
PK-12,PK-12.jpg,6,-8.09925365447998,4.6240153312683105
PK-13,PK-13.jpg,4,3.3056344985961914,2.543942928314209
PK-14,PK-14.jpg,2,-4.94152307510376,-3.8392832279205322
PK-15,PK-15.jpg,8,-4.425436019897461,0.16661174595355988
PK-16,PK-16.jpg,9,1.0210309028625488,-1.1628621816635132
PK-17,PK-17.jpg,2,-4.877492427825928,-3.527338743209839
PK-18,PK-18.jpg,2,-4.289941310882568,0.058292731642723083
PK-19,PK-19.jpg,11,-1.5536004304885864,-9.810076713562012
PK-20,PK-20.jpg,0,2.8171849250793457,1.3559460639953613
PK-21,PK-21.jpg,3,3.891245126724243,-3.964607000350952
PK-22,PK-22.jpg,6,-4.557864665985107,0.899949312210083
PK-23,PK-23.jpg,1,7.335883140563965,6.466769695281982
PK-24,PK-24.jpg,8,-1.1498912572860718,0.28112563490867615
PK-25,PK-25.jpg,2,-5.819958686828613,-2.3521366119384766
PK-26,PK-26.jpg,8,-2.4872937202453613,0.18735568225383759
PK-27,PK-27.jpg,3,-4.84173583984375,0.10989328473806381
PK-28,PK-28.jpg,3,-5.8697509765625,0.9452407956123352
PK-29,PK-29.jpg,2,-6.327071666717529,-0.5314063429832458
PK-30,PK-30.jpg,8,-2.8376829624176025,3.6076836585998535
PK-31,PK-31.jpg,9,2.0564377307891846,-3.170901298522949
PK-32,PK-32.jpg,8,-1.0950686931610107,1.849664568901062
PK-33,PK-33.jpg,0,0.3178250789642334,-5.580994129180908
PK-34,PK-34.jpg,7,4.526732921600342,1.4118192195892334
PK-35,PK-35.jpg,2,-7.359921932220459,-1.7652084827423096
PK-36,PK-36.jpg,4,2.444345474243164,0.2398563176393509
PK-37,PK-37.jpg,10,-0.6083660125732422,8.068867683410645
PK-38,PK-38.jpg,8,-4.29240608215332,2.230400323867798
PK-39,PK-39.jpg,2,-4.053777694702148,-3.2232298851013184
PK-40,PK-40.jpg,8,-2.9056155681610107,1.7012722492218018
PK-41,PK-41.jpg,11,-4.082101345062256,-5.511303424835205
PK-42,PK-42.jpg,8,-1.9811996221542358,4.354561805725098
PK-43,PK-43.jpg,5,-0.027699893340468407,-2.6527981758117676
PK-44,PK-44.jpg,6,-7.164085388183594,0.738461434841156
PK-45,PK-45.jpg,2,-7.127068996429443,-2.4697468280792236
PK-46,PK-46.jpg,11,0.02229197695851326,-5.113194942474365
PK-47,PK-47.jpg,8,-2.0714004039764404,5.9684977531433105
PK-48,PK-48.jpg,10,-2.377678155899048,2.032226800918579
PK-49,PK-49.jpg,8,-2.5393896102905273,2.840428352355957
PK-50,PK-50.jpg,10,-2.574902057647705,2.5743870735168457
PL-1,PL-1.jpg,11,-2.6549360752105713,-2.1631226539611816
PL-2,PL-2.jpg,7,6.038162708282471,-0.1253223866224289
PL-3,PL-3.jpg,11,1.470188856124878,-5.996359348297119
PL-4,PL-4.jpg,5,4.412575721740723,5.518692970275879
PL-5,PL-5.jpg,7,3.128438711166382,0.7218337655067444
PL-6,PL-6.jpg,6,-4.109269142150879,7.032182693481445
PL-7,PL-7.jpg,1,7.755492687225342,1.3822882175445557
PL-8,PL-8.jpg,6,-8.775124549865723,0.685092568397522
PL-9,PL-9.jpg,9,1.6665456295013428,-1.2846531867980957
PL-10,PL-10.jpg,7,2.028764009475708,2.513270139694214
PL-11,PL-11.jpg,3,-2.212289333343506,0.138766348361969
PL-12,PL-12.jpg,9,-2.2167398929595947,-1.5155260562896729
PL-13,PL-13.jpg,2,-2.8104422092437744,-1.7108323574066162
PL-14,PL-14.jpg,5,-0.8877267837524414,1.0637966394424438
PL-15,PL-15.jpg,9,-1.5872726440429688,-0.6792364120483398
PL-16,PL-16.jpg,0,1.6415300369262695,-4.198797225952148
PL-17,PL-17.jpg,11,-3.601296901702881,-5.01746940612793
PL-18,PL-18.jpg,5,-2.171238899230957,1.2948510646820068
PL-19,PL-19.jpg,7,6.7198805809021,1.4830472469329834
PL-20,PL-20.jpg,0,5.575893878936768,-3.0079703330993652
PL-21,PL-21.jpg,9,0.035296663641929626,-2.877044439315796
PL-22,PL-22.jpg,11,-2.6513659954071045,-3.111349105834961
PL-23,PL-23.jpg,5,1.1203842163085938,-4.058898448944092
PL-24,PL-24.jpg,2,-3.106621742248535,-2.33227276802063
PL-25,PL-25.jpg,9,-1.5940771102905273,-1.6279932260513306
PL-26,PL-26.jpg,0,6.481338024139404,-5.915754318237305
PL-27,PL-27.jpg,3,-3.5506932735443115,-1.4380102157592773
PL-28,PL-28.jpg,2,-6.43062686920166,-3.57096004486084
PL-29,PL-29.jpg,2,-4.443706512451172,0.8527539968490601
PL-30,PL-30.jpg,4,2.757824182510376,3.1351096630096436
PL-31,PL-31.jpg,6,-8.324987411499023,5.6451945304870605
PL-32,PL-32.jpg,7,6.625697612762451,-1.1378308534622192
PL-33,PL-33.jpg,5,-1.5214518308639526,-0.5433090329170227
PL-34,PL-34.jpg,4,5.1921210289001465,6.172697067260742
PL-35,PL-35.jpg,9,0.42852434515953064,0.7829281687736511
PL-36,PL-36.jpg,1,9.757577896118164,5.1921610832214355
PL-37,PL-37.jpg,0,5.00262451171875,-8.273211479187012
PL-38,PL-38.jpg,0,4.686176300048828,-4.082724571228027
PL-39,PL-39.jpg,10,-2.5905399322509766,0.0011863368563354015
PL-40,PL-40.jpg,2,-4.7311015129089355,-0.8130336403846741
PL-41,PL-41.jpg,7,8.07616138458252,-0.6200487017631531
PL-42,PL-42.jpg,8,1.0826828479766846,3.760472297668457
PL-43,PL-43.jpg,9,-1.5595890283584595,-0.31087571382522583
PL-44,PL-44.jpg,9,0.750978946685791,-1.3927960395812988
PL-45,PL-45.jpg,0,2.9933366775512695,-4.820591449737549
PL-46,PL-46.jpg,6,-5.6654486656188965,6.664456844329834
PL-47,PL-47.jpg,6,-5.349915027618408,1.2817059755325317
PL-48,PL-48.jpg,11,-2.3756067752838135,-6.490871429443359
PL-49,PL-49.jpg,9,0.3898916244506836,-0.30393412709236145
PL-50,PL-50.jpg,6,-5.6675896644592285,0.497597873210907
PM-1,PM-1.jpg,0,4.254885673522949,-4.408045291900635
PM-2,PM-2.jpg,4,0.21094368398189545,1.6272526979446411
PM-3,PM-3.jpg,1,8.92391300201416,3.768077850341797
PM-4,PM-4.jpg,2,-4.486552715301514,-3.141772747039795
PM-5,PM-5.jpg,7,4.770898818969727,1.4241931438446045
PM-6,PM-6.jpg,2,-8.481243133544922,0.26496851444244385
PM-7,PM-7.jpg,8,0.12455306947231293,1.979106068611145
PM-8,PM-8.jpg,8,0.11549150198698044,9.476560592651367
PM-9,PM-9.jpg,2,-6.261185169219971,0.9600073099136353
PM-10,PM-10.jpg,4,3.352217674255371,0.3856716454029083
PM-11,PM-11.jpg,2,-6.504451751708984,0.38474613428115845
PM-12,PM-12.jpg,2,-3.9117650985717773,1.9055215120315552
PM-13,PM-13.jpg,9,1.6298396587371826,0.5725266337394714
PM-14,PM-14.jpg,9,2.0550222396850586,-2.3563332557678223
PM-15,PM-15.jpg,2,-2.2739479541778564,-3.9323906898498535
PM-16,PM-16.jpg,9,0.750217080116272,-0.6836787462234497
PM-17,PM-17.jpg,9,-1.1503878831863403,-1.9895389080047607
PM-18,PM-18.jpg,11,-0.7113969326019287,-5.6184186935424805
PM-19,PM-19.jpg,4,2.338639974594116,1.9318104982376099
PM-20,PM-20.jpg,4,0.3502011299133301,4.056456089019775
PM-21,PM-21.jpg,11,0.8678871989250183,-4.332553386688232
PM-22,PM-22.jpg,9,2.4197921752929688,-1.7077298164367676
PM-23,PM-23.jpg,8,0.14081144332885742,5.219505310058594
PM-24,PM-24.jpg,9,1.9507304430007935,-2.2296555042266846
PM-25,PM-25.jpg,6,-5.568123817443848,3.432600498199463
PM-26,PM-26.jpg,4,0.8736473917961121,4.781325340270996
PM-27,PM-27.jpg,11,-0.2724969983100891,-4.260162353515625
PM-28,PM-28.jpg,8,-0.709110677242279,2.771968126296997
PM-29,PM-29.jpg,7,6.612800598144531,-2.4800212383270264
PM-30,PM-30.jpg,2,-5.5226287841796875,-0.8366579413414001
PM-31,PM-31.jpg,8,-0.23113329708576202,5.949520111083984
PM-32,PM-32.jpg,4,3.458599805831909,2.5740954875946045
PM-33,PM-33.jpg,1,7.633774757385254,0.9894335865974426
PM-34,PM-34.jpg,4,4.713010311126709,0.5913573503494263
PM-35,PM-35.jpg,9,1.7247909307479858,-1.2703704833984375
PM-36,PM-36.jpg,8,-0.5870151519775391,4.306131362915039
PM-37,PM-37.jpg,8,-2.983642816543579,3.5681848526000977
PM-38,PM-38.jpg,4,-0.1828770637512207,6.523319244384766
PM-39,PM-39.jpg,0,4.532022476196289,-1.3252297639846802
PM-40,PM-40.jpg,4,3.0374562740325928,5.827383041381836
PM-41,PM-41.jpg,8,-0.7824574708938599,1.9440759420394897
PM-42,PM-42.jpg,0,2.536561965942383,-4.180691719055176
PM-43,PM-43.jpg,1,6.656622409820557,-0.28952357172966003
PM-44,PM-44.jpg,7,9.53848934173584,-2.129324197769165
PM-45,PM-45.jpg,5,-1.7788232564926147,-2.1233839988708496
PM-46,PM-46.jpg,4,0.12205108255147934,6.624199867248535
PM-47,PM-47.jpg,4,3.676133632659912,0.8967645168304443
PM-48,PM-48.jpg,3,1.4315435886383057,3.389817476272583
PM-49,PM-49.jpg,4,3.1047942638397217,1.8837535381317139
PM-50,PM-50.jpg,4,5.135998249053955,0.7620706558227539
PN-1,PN-1.jpg,5,-2.5212924480438232,-4.156482219696045
PN-2,PN-2.jpg,8,-0.7360666394233704,3.654118299484253
PN-3,PN-3.jpg,11,-0.42687541246414185,-5.14518404006958
PN-4,PN-4.jpg,6,-8.136244773864746,1.7526538372039795
PN-5,PN-5.jpg,7,7.130607604980469,0.43498367071151733
PN-6,PN-6.jpg,2,-6.417876720428467,1.597484827041626
PN-7,PN-7.jpg,10,-3.931580066680908,6.786588668823242
PN-8,PN-8.jpg,6,-8.111924171447754,1.7398571968078613
PN-9,PN-9.jpg,6,-5.890742778778076,0.8352424502372742
PN-10,PN-10.jpg,10,0.7264488339424133,6.271843433380127
PN-11,PN-11.jpg,7,7.835323810577393,2.5355358123779297
PN-12,PN-12.jpg,1,8.421724319458008,1.87815260887146
PN-13,PN-13.jpg,4,2.7273192405700684,1.9449909925460815
PN-14,PN-14.jpg,5,1.5720254182815552,2.6657536029815674
PN-15,PN-15.jpg,8,-1.0176483392715454,2.694113254547119
PN-16,PN-16.jpg,4,5.838381767272949,2.4882400035858154
PN-17,PN-17.jpg,4,3.648207902908325,2.2276089191436768
PN-18,PN-18.jpg,0,4.270712375640869,-3.3121237754821777
PN-19,PN-19.jpg,6,-8.711057662963867,1.632639765739441
PN-20,PN-20.jpg,7,9.699951171875,1.9297293424606323
PN-21,PN-21.jpg,4,2.628391742706299,4.952930450439453
PN-22,PN-22.jpg,8,0.6023432016372681,2.4407901763916016
PN-23,PN-23.jpg,5,1.0848935842514038,0.9488056302070618
PN-24,PN-24.jpg,6,-5.071755409240723,2.166395902633667
PN-25,PN-25.jpg,5,2.1060712337493896,0.029219742864370346
PN-26,PN-26.jpg,6,-5.354351997375488,3.3637189865112305
PN-27,PN-27.jpg,8,-2.594327688217163,8.384782791137695
PN-28,PN-28.jpg,1,5.55604887008667,4.912221431732178
PN-29,PN-29.jpg,8,-1.788906455039978,3.1772119998931885
PN-30,PN-30.jpg,7,9.860393524169922,-0.19743792712688446
PN-31,PN-31.jpg,5,-0.8068218231201172,-2.3164703845977783
PN-32,PN-32.jpg,7,5.629345417022705,1.9113274812698364
PN-33,PN-33.jpg,1,5.500509262084961,3.2574992179870605
PN-34,PN-34.jpg,11,0.6069040298461914,-5.078896522521973
PN-35,PN-35.jpg,6,-7.115030288696289,8.703189849853516
PN-36,PN-36.jpg,6,-5.41246223449707,8.692350387573242
PN-37,PN-37.jpg,2,-4.817068576812744,0.07928596436977386
PN-38,PN-38.jpg,7,4.7967987060546875,0.055276356637477875
PN-39,PN-39.jpg,5,-1.0047638416290283,0.8678328394889832
PN-40,PN-40.jpg,5,-3.8105647563934326,-1.2519550323486328
PN-41,PN-41.jpg,4,2.0394017696380615,0.7444678544998169
PN-42,PN-42.jpg,6,-3.9291224479675293,7.628533840179443
PN-43,PN-43.jpg,9,0.5106534957885742,-3.2851009368896484
PN-44,PN-44.jpg,8,0.5881614685058594,9.162280082702637
PN-45,PN-45.jpg,9,0.735931396484375,-0.15191513299942017
PN-46,PN-46.jpg,6,-9.355511665344238,3.177975654602051
PN-47,PN-47.jpg,10,-4.731839179992676,6.853396892547607
PN-48,PN-48.jpg,4,3.4755842685699463,3.1086456775665283
PN-49,PN-49.jpg,9,0.6151752471923828,-3.364638328552246
PN-50,PN-50.jpg,1,7.510895252227783,-1.4651848077774048
PR-1,PR-1.jpg,9,0.11830998212099075,-0.058659493923187256
PR-2,PR-2.jpg,7,10.467437744140625,1.2880009412765503
PR-3,PR-3.jpg,5,-2.731374740600586,-1.835544466972351
PR-4,PR-4.jpg,3,-4.599705219268799,-0.11535555869340897
PR-5,PR-5.jpg,3,-1.1396280527114868,2.3715360164642334
PR-6,PR-6.jpg,0,1.9936304092407227,-3.8228204250335693
PR-7,PR-7.jpg,2,-6.823328018188477,-1.7049837112426758
PR-8,PR-8.jpg,9,-1.3508944511413574,-1.116181492805481
PR-9,PR-9.jpg,9,2.1392617225646973,-1.0001208782196045
PR-10,PR-10.jpg,7,8.097184181213379,-0.7307243943214417
PR-11,PR-11.jpg,11,-2.2703936100006104,-3.5902962684631348
PR-12,PR-12.jpg,1,6.756608009338379,3.3282394409179688
PR-13,PR-13.jpg,11,-1.0860011577606201,-3.2140440940856934
PR-14,PR-14.jpg,9,-0.6505023241043091,-2.3624229431152344
PR-15,PR-15.jpg,8,-2.270383596420288,2.2239692211151123
PR-16,PR-16.jpg,9,0.7812314033508301,-2.8618743419647217
PR-17,PR-17.jpg,2,-5.408170700073242,-6.639671325683594
PR-18,PR-18.jpg,2,-5.713943004608154,-2.729667901992798
PR-19,PR-19.jpg,11,-3.7937958240509033,-4.354904651641846
PR-20,PR-20.jpg,4,3.282594919204712,1.187625527381897
PR-21,PR-21.jpg,7,9.098939895629883,4.703712463378906
PR-22,PR-22.jpg,6,-4.9555535316467285,3.623615026473999
PR-23,PR-23.jpg,11,-3.131596565246582,-5.778877258300781
PR-24,PR-24.jpg,5,0.7927204966545105,-0.2931058704853058
PR-25,PR-25.jpg,9,-0.06325096637010574,-1.5049543380737305
PR-26,PR-26.jpg,9,-0.6247999668121338,-1.7680357694625854
PR-27,PR-27.jpg,6,-4.3425374031066895,5.457289695739746
PR-28,PR-28.jpg,7,6.858760356903076,-0.6222918033599854
PR-29,PR-29.jpg,2,-6.749691009521484,0.8276984691619873
PR-30,PR-30.jpg,8,-0.21056467294692993,1.2076771259307861
PR-31,PR-31.jpg,2,-3.9804022312164307,-0.47539931535720825
PR-32,PR-32.jpg,7,4.65955924987793,-0.3338959515094757
PR-33,PR-33.jpg,4,2.070711374282837,4.765045642852783
PR-34,PR-34.jpg,2,-5.922127723693848,-2.2076616287231445
PR-35,PR-35.jpg,9,-1.925014853477478,-2.2258780002593994
PR-36,PR-36.jpg,0,1.4667186737060547,-4.222897052764893
PR-37,PR-37.jpg,11,-2.130070447921753,-4.746170520782471
PR-38,PR-38.jpg,7,9.350875854492188,2.1252238750457764
PR-39,PR-39.jpg,2,-4.3715314865112305,-0.44177868962287903
PR-40,PR-40.jpg,5,4.546592712402344,0.4488816261291504
PR-41,PR-41.jpg,9,0.95876544713974,-0.9059470891952515
PR-42,PR-42.jpg,5,0.7536765336990356,-1.62977135181427
PR-43,PR-43.jpg,4,3.0665693283081055,1.391973853111267
PR-44,PR-44.jpg,8,-2.998781204223633,2.106351375579834
PR-45,PR-45.jpg,2,-4.178866863250732,0.16732196509838104
PR-46,PR-46.jpg,2,-4.994350910186768,-0.11468135565519333
PR-47,PR-47.jpg,2,-8.182294845581055,-2.8740506172180176
PR-48,PR-48.jpg,0,2.47039532661438,-2.885828971862793
PR-49,PR-49.jpg,8,-0.6056366562843323,1.9039005041122437
PR-50,PR-50.jpg,7,3.6982743740081787,-3.511021375656128
PS-1,PS-1.jpg,9,-1.0414491891860962,0.24250297248363495
PS-2,PS-2.jpg,4,6.0787529945373535,2.416994094848633
PS-3,PS-3.jpg,3,-5.178609848022461,-2.4790689945220947
PS-4,PS-4.jpg,8,0.37729260325431824,4.068065166473389
PS-5,PS-5.jpg,11,-0.15823517739772797,-4.821219444274902
PS-6,PS-6.jpg,3,0.8105805516242981,-2.6352813243865967
PS-7,PS-7.jpg,2,-4.780104160308838,-2.3922839164733887
PS-8,PS-8.jpg,7,4.444131374359131,1.3168097734451294
PS-9,PS-9.jpg,2,-5.906581401824951,-2.5104174613952637
PS-10,PS-10.jpg,8,-0.065211720764637,2.6897964477539062
PS-11,PS-11.jpg,7,4.594758033752441,1.8714572191238403
PS-12,PS-12.jpg,4,1.9429961442947388,8.645933151245117
PS-13,PS-13.jpg,9,1.0772430896759033,-1.795393943786621
PS-14,PS-14.jpg,3,0.30459851026535034,-4.001706600189209
PS-15,PS-15.jpg,9,-0.32048964500427246,-0.31338000297546387
PS-16,PS-16.jpg,8,-2.458029270172119,0.10449815541505814
PS-17,PS-17.jpg,3,0.47498512268066406,-0.845058798789978
PS-18,PS-18.jpg,9,2.8734424114227295,0.0679183229804039
PS-19,PS-19.jpg,5,1.2685494422912598,0.0747545063495636
PS-20,PS-20.jpg,2,-7.297071933746338,-2.1863367557525635
PS-21,PS-21.jpg,6,-7.890217304229736,3.5581157207489014
PS-22,PS-22.jpg,8,-2.1024439334869385,4.745416164398193
PS-23,PS-23.jpg,9,0.797825813293457,0.24360701441764832
PS-24,PS-24.jpg,4,4.813660144805908,5.708518981933594
PS-25,PS-25.jpg,5,2.637003183364868,4.203174114227295
PS-26,PS-26.jpg,4,0.6806866526603699,2.0958669185638428
PS-27,PS-27.jpg,2,-2.74601149559021,0.29109272360801697
PS-28,PS-28.jpg,3,-2.9065191745758057,-2.824589252471924
PS-29,PS-29.jpg,5,3.4460489749908447,-1.0926804542541504
PS-30,PS-30.jpg,4,2.7642719745635986,3.974108934402466
PS-31,PS-31.jpg,9,-1.4477910995483398,-1.861254334449768
PS-32,PS-32.jpg,9,1.7719576358795166,-1.165265440940857
PS-33,PS-33.jpg,0,2.262450695037842,-4.285994529724121
PS-34,PS-34.jpg,0,2.5063271522521973,-1.9857105016708374
PS-35,PS-35.jpg,4,2.162055253982544,2.75485897064209
PS-36,PS-36.jpg,7,5.751518249511719,-1.81351900100708
PS-37,PS-37.jpg,5,-0.5291073322296143,-3.66273832321167
PS-38,PS-38.jpg,9,3.1743969917297363,-1.499949336051941
PS-39,PS-39.jpg,9,0.4077970087528229,-0.4180757999420166
PS-40,PS-40.jpg,4,2.080270290374756,6.376389026641846
PS-41,PS-41.jpg,9,0.7672072649002075,0.9653131365776062
PS-42,PS-42.jpg,9,1.610520362854004,-0.5929433107376099
PS-43,PS-43.jpg,2,-4.11471700668335,-2.2940452098846436
PS-44,PS-44.jpg,8,-4.2555832862854,2.7085015773773193
PS-45,PS-45.jpg,7,5.751518249511719,-1.81351900100708
PS-46,PS-46.jpg,2,-5.552069664001465,0.8294383883476257
PS-47,PS-47.jpg,11,1.0016201734542847,-2.3231120109558105
PS-48,PS-48.jpg,7,4.369710445404053,0.7420055270195007
PS-49,PS-49.jpg,6,-5.973205089569092,6.145565509796143
PS-50,PS-50.jpg,7,5.706287384033203,-2.2386629581451416
PT-1,PT-1.jpg,9,2.372300624847412,-0.08389159291982651
PT-2,PT-2.jpg,0,8.259570121765137,-5.629733562469482
PT-3,PT-3.jpg,4,2.1133177280426025,2.52932071685791
PT-4,PT-4.jpg,0,1.8529750108718872,-3.6709020137786865
PT-5,PT-5.jpg,0,4.9616827964782715,-3.828845977783203
PT-6,PT-6.jpg,8,1.3344926834106445,4.545537948608398
PT-7,PT-7.jpg,6,-6.025454998016357,5.248495578765869
PT-8,PT-8.jpg,0,0.4919411838054657,-2.7239925861358643
PT-9,PT-9.jpg,4,1.345239281654358,2.3599369525909424
PT-10,PT-10.jpg,7,7.493418216705322,-0.7801989316940308
PT-11,PT-11.jpg,9,0.6670053005218506,0.19289655983448029
PT-12,PT-12.jpg,4,3.0326600074768066,1.0303966999053955
PT-13,PT-13.jpg,7,8.696524620056152,-1.442683458328247
PT-14,PT-14.jpg,4,2.5512423515319824,2.6943304538726807
PT-15,PT-15.jpg,8,-3.0707850456237793,0.13450700044631958
PT-16,PT-16.jpg,9,0.6087316274642944,1.0647441148757935
PT-17,PT-17.jpg,3,0.5450832843780518,-1.4946988821029663
PT-18,PT-18.jpg,9,-1.7601755857467651,-1.9606257677078247
PT-19,PT-19.jpg,8,-3.324477434158325,1.4297637939453125
PT-20,PT-20.jpg,4,4.142931938171387,3.2573118209838867
PT-21,PT-21.jpg,4,5.9391045570373535,1.12043297290802
PT-22,PT-22.jpg,9,1.5169707536697388,0.13472260534763336
PT-23,PT-23.jpg,9,1.4275094270706177,-1.352612018585205
PT-24,PT-24.jpg,9,1.7077981233596802,0.7710291147232056
PT-25,PT-25.jpg,11,1.0349981784820557,-5.1528706550598145
PT-26,PT-26.jpg,9,1.090944528579712,-2.6468887329101562
PT-27,PT-27.jpg,2,-2.7153429985046387,-1.1230865716934204
PT-28,PT-28.jpg,5,2.717430353164673,-0.7970592379570007
PT-29,PT-29.jpg,5,-2.868450880050659,0.2661163806915283
PT-30,PT-30.jpg,9,1.0463995933532715,-1.8647288084030151
PT-31,PT-31.jpg,2,-3.7122600078582764,-1.3287720680236816
PT-32,PT-32.jpg,9,0.22927898168563843,0.2198803722858429
PT-33,PT-33.jpg,9,2.372300624847412,-0.08389159291982651
PT-34,PT-34.jpg,9,1.8847583532333374,-1.114048957824707
PT-35,PT-35.jpg,5,-0.8925287127494812,0.35924232006073
PT-36,PT-36.jpg,8,-4.459431171417236,6.939371109008789
PT-37,PT-37.jpg,8,-1.8141766786575317,1.3670074939727783
PT-38,PT-38.jpg,9,2.5298900604248047,1.6997953653335571
PT-39,PT-39.jpg,7,3.0778448581695557,0.387804239988327
PT-40,PT-40.jpg,9,0.32813966274261475,-0.010808458551764488
PT-41,PT-41.jpg,3,1.3419381380081177,0.834705114364624
PT-42,PT-42.jpg,11,-2.505882740020752,-3.166187286376953
PT-43,PT-43.jpg,7,6.218225002288818,-2.283024311065674
PT-44,PT-44.jpg,6,-6.601691246032715,4.280389308929443
PT-45,PT-45.jpg,9,2.079312562942505,0.971332311630249
PT-46,PT-46.jpg,8,-0.6744899153709412,2.047671318054199
PT-47,PT-47.jpg,5,0.36342853307724,1.5906286239624023
PT-48,PT-48.jpg,9,-2.0421345233917236,-1.4032949209213257
PT-49,PT-49.jpg,5,-0.5573506355285645,-0.3008471727371216
PT-50,PT-50.jpg,9,0.18796759843826294,-0.29342570900917053
PW-1,PW-1.jpg,7,6.942491054534912,3.3987152576446533
PW-2,PW-2.jpg,8,-1.790622353553772,6.075649261474609
PW-3,PW-3.jpg,5,1.328890323638916,-0.23066358268260956
PW-4,PW-4.jpg,5,1.328890323638916,-0.23066358268260956
PW-5,PW-5.jpg,5,1.328890323638916,-0.23066358268260956
PW-6,PW-6.jpg,5,-0.2729094624519348,-0.7982203960418701
PW-7,PW-7.jpg,4,2.5270907878875732,3.6976397037506104
PW-8,PW-8.jpg,5,-3.0902953147888184,-2.1942145824432373
PW-9,PW-9.jpg,5,0.9996620416641235,-3.8551623821258545
PW-10,PW-10.jpg,0,6.0330376625061035,-5.012524127960205
PW-11,PW-11.jpg,5,1.328890323638916,-0.23066358268260956
PW-12,PW-12.jpg,6,-5.474242687225342,2.843811511993408
PW-13,PW-13.jpg,6,-8.05871295928955,2.2636020183563232
PW-14,PW-14.jpg,10,0.8871253728866577,7.393004417419434
PW-15,PW-15.jpg,5,-4.924857139587402,-2.195992946624756
PW-16,PW-16.jpg,11,-2.6897904872894287,-6.980180263519287
PW-17,PW-17.jpg,5,1.328890323638916,-0.23066358268260956
PW-18,PW-18.jpg,2,-8.147686958312988,-3.1821818351745605
PW-19,PW-19.jpg,10,-6.122359275817871,1.2084108591079712
PW-20,PW-20.jpg,5,1.328890323638916,-0.23066358268260956
PW-21,PW-21.jpg,6,-4.318927764892578,7.398216724395752
PW-22,PW-22.jpg,5,2.6696038246154785,4.342371940612793
PW-23,PW-23.jpg,9,0.886958658695221,-2.4758596420288086
PW-24,PW-24.jpg,5,-3.0327956676483154,-2.8084919452667236
PW-25,PW-25.jpg,5,1.328890323638916,-0.23066358268260956
PW-26,PW-26.jpg,8,-0.8923221826553345,7.068032741546631
PW-27,PW-27.jpg,2,-7.291199207305908,-0.41716575622558594
PW-28,PW-28.jpg,5,-4.924857139587402,-2.195992946624756
PW-29,PW-29.jpg,3,0.30061790347099304,2.8003761768341064
PW-30,PW-30.jpg,2,-2.63574481010437,-1.9196439981460571
PW-31,PW-31.jpg,7,4.315579891204834,-1.1948827505111694
PW-32,PW-32.jpg,5,1.328890323638916,-0.23066358268260956
PW-33,PW-33.jpg,10,-4.844128608703613,8.657102584838867
PW-34,PW-34.jpg,7,5.244100570678711,-2.2385501861572266
PW-35,PW-35.jpg,10,-3.0229408740997314,8.77022647857666
PW-36,PW-36.jpg,10,2.673574924468994,4.386092185974121
PW-37,PW-37.jpg,5,0.7592329382896423,0.5739712715148926
PW-38,PW-38.jpg,8,-3.9863553047180176,1.833258032798767
PW-39,PW-39.jpg,4,4.531481742858887,5.330641746520996
PW-40,PW-40.jpg,8,-4.650583267211914,4.0537333488464355
PW-41,PW-41.jpg,5,1.328890323638916,-0.23066358268260956
PW-42,PW-42.jpg,8,-2.8813424110412598,5.250753402709961
PW-43,PW-43.jpg,8,-4.078730583190918,0.9811365008354187
PW-44,PW-44.jpg,1,8.92452621459961,3.369021415710449
PW-45,PW-45.jpg,10,2.686521291732788,4.639518737792969
PW-46,PW-46.jpg,2,-3.211181402206421,-1.8199501037597656
PW-47,PW-47.jpg,5,1.328890323638916,-0.23066358268260956
PW-48,PW-48.jpg,6,-5.417847156524658,1.8311110734939575
PW-49,PW-49.jpg,6,-7.173332691192627,2.060967206954956
PW-50,PW-50.jpg,8,-3.09354305267334,3.013415813446045
PY-1,PY-1.jpg,2,-6.223902225494385,-3.331920623779297
PY-2,PY-2.jpg,6,-6.8667073249816895,5.73402214050293
PY-3,PY-3.jpg,4,5.358677387237549,0.9677744507789612
PY-4,PY-4.jpg,0,2.7144839763641357,-4.5346198081970215
PY-5,PY-5.jpg,7,7.0273027420043945,1.8628288507461548
PY-6,PY-6.jpg,3,2.172816753387451,1.7797958850860596
PY-7,PY-7.jpg,5,0.16856426000595093,-5.421506881713867
PY-8,PY-8.jpg,7,5.767856121063232,0.9528065919876099
PY-9,PY-9.jpg,5,0.0704566240310669,-2.462667465209961
PY-10,PY-10.jpg,8,-0.8778996467590332,8.939360618591309
PY-11,PY-11.jpg,7,5.637366771697998,-0.06343021243810654
PY-12,PY-12.jpg,3,-1.2550175189971924,0.8758772611618042
PY-13,PY-13.jpg,5,0.0752607062458992,-2.4419631958007812
PY-14,PY-14.jpg,6,-9.928643226623535,3.857375383377075
PY-15,PY-15.jpg,3,1.2046083211898804,0.15578626096248627
PY-16,PY-16.jpg,7,5.993715286254883,-2.4004173278808594
PY-17,PY-17.jpg,3,-0.7520473003387451,-2.280111789703369
PY-18,PY-18.jpg,11,-2.60955548286438,-6.53560209274292
PY-19,PY-19.jpg,9,2.787346601486206,0.262253999710083
PY-20,PY-20.jpg,2,-4.161280155181885,0.4593746066093445
PY-21,PY-21.jpg,3,-5.56635046005249,-1.1997941732406616
PY-22,PY-22.jpg,9,-1.742110252380371,-0.02157924696803093
PY-23,PY-23.jpg,5,-0.5410527586936951,-1.186149001121521
PY-24,PY-24.jpg,3,-1.219873070716858,-4.726095199584961
PY-25,PY-25.jpg,3,-2.3157196044921875,1.6399977207183838
PY-26,PY-26.jpg,9,2.696925163269043,0.1205972209572792
PY-27,PY-27.jpg,11,-2.8378918170928955,-2.6509222984313965
PY-28,PY-28.jpg,5,-0.3255552351474762,-3.1970133781433105
PY-29,PY-29.jpg,2,-3.4712235927581787,-1.3758509159088135
PY-30,PY-30.jpg,11,-1.2213642597198486,-2.2558183670043945
PY-31,PY-31.jpg,9,-0.697756826877594,0.28978684544563293
PY-32,PY-32.jpg,0,1.5659840106964111,-5.8748459815979
PY-33,PY-33.jpg,9,-0.2520073354244232,0.5604833364486694
PY-34,PY-34.jpg,7,6.134481430053711,1.7606313228607178
PY-35,PY-35.jpg,4,2.4297738075256348,0.5944629907608032
PY-36,PY-36.jpg,8,-2.305074691772461,0.0711350068449974
PY-37,PY-37.jpg,3,-0.7175223231315613,-1.2367030382156372
PY-38,PY-38.jpg,9,1.4374737739562988,-0.3694627583026886
PY-39,PY-39.jpg,9,0.7486576437950134,-0.47810372710227966
PY-40,PY-40.jpg,3,-1.4706988334655762,0.007855323143303394
PY-41,PY-41.jpg,7,4.629176616668701,0.29801347851753235
PY-42,PY-42.jpg,5,3.267202854156494,0.35493722558021545
PY-43,PY-43.jpg,8,-1.1663483381271362,0.5731644034385681
PY-44,PY-44.jpg,9,0.8575044870376587,-0.4918682873249054
PY-45,PY-45.jpg,5,-0.5297448039054871,-2.6239049434661865
PY-46,PY-46.jpg,9,-0.02830197662115097,-3.4775443077087402
PY-47,PY-47.jpg,9,0.43193158507347107,-1.4132399559020996
PY-48,PY-48.jpg,2,-2.3195605278015137,0.6498653292655945
PY-49,PY-49.jpg,9,0.1965414583683014,-0.026702208444476128
PY-50,PY-50.jpg,11,-1.9710347652435303,-5.219448566436768
QA-1,QA-1.jpg,4,3.3153254985809326,6.6259613037109375
QA-2,QA-2.jpg,8,-3.5055556297302246,2.510068655014038
QA-3,QA-3.jpg,5,-5.02781343460083,-0.06880086660385132
QA-4,QA-4.jpg,4,1.4714477062225342,2.7108757495880127
QA-5,QA-5.jpg,5,-1.198691725730896,-2.749469518661499
QA-6,QA-6.jpg,7,8.167572021484375,-1.325722098350525
QA-7,QA-7.jpg,4,3.5950496196746826,1.5972192287445068
QA-8,QA-8.jpg,9,-0.6867330074310303,0.26868876814842224
QA-9,QA-9.jpg,4,4.332878589630127,2.9179863929748535
QA-10,QA-10.jpg,9,-0.6887716054916382,-2.1196625232696533
QA-11,QA-11.jpg,4,5.136155605316162,1.719305396080017
QA-12,QA-12.jpg,4,3.270747661590576,2.8993871212005615
QA-13,QA-13.jpg,3,-0.5967265367507935,0.25206053256988525
QA-14,QA-14.jpg,0,2.865495443344116,-5.875390529632568
QA-15,QA-15.jpg,4,0.6116746664047241,2.091343641281128
QA-16,QA-16.jpg,5,2.5468716621398926,0.42417845129966736
QA-17,QA-17.jpg,8,-0.2121196836233139,3.807260274887085
QA-18,QA-18.jpg,0,1.1517276763916016,-3.1583471298217773
QA-19,QA-19.jpg,9,-1.6657167673110962,0.8185635805130005
QA-20,QA-20.jpg,7,6.305108070373535,1.1424070596694946
QA-21,QA-21.jpg,11,1.507097601890564,-8.302494049072266
QA-22,QA-22.jpg,8,1.554644227027893,6.9790849685668945
QA-23,QA-23.jpg,11,-2.7664084434509277,-4.268072128295898
QA-24,QA-24.jpg,11,-1.8452849388122559,-5.201538562774658
QA-25,QA-25.jpg,4,3.2396366596221924,3.877453327178955
QA-26,QA-26.jpg,9,-1.8095062971115112,-1.7952262163162231
QA-27,QA-27.jpg,4,4.4386467933654785,0.9792051911354065
QA-28,QA-28.jpg,3,-3.215299367904663,3.4884636402130127
QA-29,QA-29.jpg,4,3.8976855278015137,2.6573221683502197
QA-30,QA-30.jpg,1,8.252396583557129,2.099489688873291
QA-31,QA-31.jpg,4,3.6579484939575195,-0.3474348783493042
QA-32,QA-32.jpg,11,-4.091225624084473,-4.715920925140381
QA-33,QA-33.jpg,11,0.20038415491580963,-4.372731685638428
QA-34,QA-34.jpg,8,-0.5722538828849792,10.35557746887207
QA-35,QA-35.jpg,9,-2.1219499111175537,-1.596774697303772
QA-36,QA-36.jpg,7,8.937067985534668,0.8690995573997498
QA-37,QA-37.jpg,9,1.436532735824585,-3.1502153873443604
QA-38,QA-38.jpg,9,-1.5418107509613037,-3.45288348197937
QA-39,QA-39.jpg,4,2.145055055618286,2.165586233139038
QA-40,QA-40.jpg,0,0.3532046675682068,-3.59328556060791
QA-41,QA-41.jpg,0,5.500270843505859,-2.283313035964966
QA-42,QA-42.jpg,11,2.9750852584838867,-4.52725887298584
QA-43,QA-43.jpg,9,0.178390771150589,-1.1808019876480103
QA-44,QA-44.jpg,7,9.747029304504395,-1.4816925525665283
QA-45,QA-45.jpg,11,-1.585944414138794,-3.756944179534912
QA-46,QA-46.jpg,7,8.883688926696777,-3.612917184829712
QA-47,QA-47.jpg,9,-0.3342974781990051,-2.8290774822235107
QA-48,QA-48.jpg,9,-1.1615242958068848,-0.2749165892601013
QA-49,QA-49.jpg,4,3.4311611652374268,3.5573930740356445
QA-50,QA-50.jpg,4,1.9810423851013184,2.9885942935943604
RE-1,RE-1.jpg,5,-0.7934220433235168,-2.1490886211395264
RE-2,RE-2.jpg,6,-8.09237289428711,6.550941467285156
RE-3,RE-3.jpg,9,2.3370327949523926,-2.9505910873413086
RE-4,RE-4.jpg,11,-2.0178542137145996,-4.576351642608643
RE-5,RE-5.jpg,11,0.009344210848212242,-4.315606594085693
RE-6,RE-6.jpg,2,-5.22791862487793,-1.0755590200424194
RE-7,RE-7.jpg,3,-3.4308900833129883,-0.24919602274894714
RE-8,RE-8.jpg,7,6.632071018218994,-1.5202065706253052
RE-9,RE-9.jpg,2,-2.378298282623291,-0.039878956973552704
RE-10,RE-10.jpg,6,-4.421428680419922,1.2751784324645996
RE-11,RE-11.jpg,2,-5.347226619720459,-1.5561764240264893
RE-12,RE-12.jpg,6,-7.809135913848877,0.27050885558128357
RE-13,RE-13.jpg,2,-4.282925128936768,0.38291412591934204
RE-14,RE-14.jpg,8,-0.43016839027404785,6.072375297546387
RE-15,RE-15.jpg,8,-1.956296682357788,1.2941372394561768
RE-16,RE-16.jpg,9,-2.296069622039795,-1.7302604913711548
RE-17,RE-17.jpg,9,0.4473094642162323,0.11703463643789291
RE-18,RE-18.jpg,11,0.05230472981929779,-5.871487140655518
RE-19,RE-19.jpg,9,1.5557948350906372,2.105283260345459
RE-20,RE-20.jpg,5,2.0431289672851562,1.471299171447754
RE-21,RE-21.jpg,1,7.831724643707275,3.4454734325408936
RE-22,RE-22.jpg,5,0.3802490234375,0.5770938992500305
RE-23,RE-23.jpg,8,-1.5936272144317627,8.353596687316895
RE-24,RE-24.jpg,9,-0.4574549198150635,-0.8579472303390503
RE-25,RE-25.jpg,2,-6.243533134460449,-4.495550632476807
RE-26,RE-26.jpg,4,0.9838247895240784,1.4753724336624146
RE-27,RE-27.jpg,4,2.646245241165161,2.9403903484344482
RE-28,RE-28.jpg,8,-2.8389413356781006,1.8753517866134644
RE-29,RE-29.jpg,2,-6.118943691253662,0.8192382454872131
RE-30,RE-30.jpg,2,-4.097085475921631,-0.45897138118743896
RE-31,RE-31.jpg,11,-5.660343647003174,-4.076539516448975
RE-32,RE-32.jpg,7,9.785663604736328,2.878754138946533
RE-33,RE-33.jpg,5,-1.7908174991607666,-1.758036732673645
RE-34,RE-34.jpg,9,2.3800673484802246,0.7115318179130554
RE-35,RE-35.jpg,9,-1.9886001348495483,-1.2324893474578857
RE-36,RE-36.jpg,3,-2.2744479179382324,4.893904685974121
RE-37,RE-37.jpg,2,-4.312417030334473,-2.8183517456054688
RE-38,RE-38.jpg,0,2.470318078994751,-6.716197490692139
RE-39,RE-39.jpg,8,-1.911690592765808,3.515692949295044
RE-40,RE-40.jpg,8,-2.580503225326538,1.180410385131836
RE-41,RE-41.jpg,6,-5.738208770751953,2.5092334747314453
RE-42,RE-42.jpg,0,7.530911445617676,-5.698849678039551
RE-43,RE-43.jpg,3,-2.5151708126068115,2.057799816131592
RE-44,RE-44.jpg,4,5.372102737426758,3.9884777069091797
RE-45,RE-45.jpg,8,-2.5666494369506836,7.4915266036987305
RE-46,RE-46.jpg,9,1.1642889976501465,-1.0762158632278442
RE-47,RE-47.jpg,11,-2.9511444568634033,-2.308924913406372
RE-48,RE-48.jpg,0,4.082574844360352,-2.8298499584198
RE-49,RE-49.jpg,7,5.452339172363281,-1.6411917209625244
RE-50,RE-50.jpg,2,-5.414486885070801,2.5462377071380615
RO-1,RO-1.jpg,6,-6.549014091491699,2.2455406188964844
RO-2,RO-2.jpg,2,-2.9411566257476807,-2.1940970420837402
RO-3,RO-3.jpg,11,-2.8396377563476562,-4.437701225280762
RO-4,RO-4.jpg,8,-0.8518568873405457,3.689917802810669
RO-5,RO-5.jpg,8,0.5366080403327942,3.7921411991119385
RO-6,RO-6.jpg,9,-0.08769462257623672,-2.705573558807373
RO-7,RO-7.jpg,3,-2.7554776668548584,2.4671108722686768
RO-8,RO-8.jpg,11,-2.752345085144043,-4.380610942840576
RO-9,RO-9.jpg,4,2.8032045364379883,4.644295692443848
RO-10,RO-10.jpg,4,2.020559549331665,1.1548436880111694
RO-11,RO-11.jpg,11,-2.9177584648132324,-6.718229293823242
RO-12,RO-12.jpg,11,1.8729058504104614,-9.640595436096191
RO-13,RO-13.jpg,4,4.39131498336792,-0.26631197333335876
RO-14,RO-14.jpg,4,3.8308324813842773,3.4863343238830566
RO-15,RO-15.jpg,7,5.059747219085693,-1.4395722150802612
RO-16,RO-16.jpg,4,3.480090856552124,2.8295741081237793
RO-17,RO-17.jpg,5,-4.270332336425781,2.985701084136963
RO-18,RO-18.jpg,3,-2.811985969543457,-3.7455029487609863
RO-19,RO-19.jpg,9,-1.0452954769134521,-2.8600122928619385
RO-20,RO-20.jpg,3,-3.8361191749572754,-3.21966290473938
RO-21,RO-21.jpg,0,2.540447235107422,-0.8258740305900574
RO-22,RO-22.jpg,8,-1.8398542404174805,3.302374839782715
RO-23,RO-23.jpg,4,0.2809712290763855,0.9646012187004089
RO-24,RO-24.jpg,11,-4.415461540222168,-3.7407472133636475
RO-25,RO-25.jpg,10,1.0947840213775635,3.1166064739227295
RO-26,RO-26.jpg,6,-8.42366886138916,4.02337121963501
RO-27,RO-27.jpg,8,-4.760456085205078,2.9790384769439697
RO-28,RO-28.jpg,2,-4.118529319763184,1.4870054721832275
RO-29,RO-29.jpg,4,0.5629317760467529,2.919095039367676
RO-30,RO-30.jpg,11,1.6458051204681396,-4.974435329437256
RO-31,RO-31.jpg,7,4.397851467132568,1.484316110610962
RO-32,RO-32.jpg,2,-5.392131805419922,-3.52095627784729
RO-33,RO-33.jpg,9,1.213476300239563,-1.8229515552520752
RO-34,RO-34.jpg,4,4.88460111618042,-0.3013100028038025
RO-35,RO-35.jpg,3,-1.4291726350784302,-2.366945743560791
RO-36,RO-36.jpg,9,-0.1750836819410324,-1.176451563835144
RO-37,RO-37.jpg,10,-5.188915252685547,6.289006233215332
RO-38,RO-38.jpg,11,-0.5524022579193115,-4.418293476104736
RO-39,RO-39.jpg,4,2.798870086669922,3.3277628421783447
RO-40,RO-40.jpg,0,0.682077169418335,-5.397397994995117
RO-41,RO-41.jpg,0,3.856321096420288,-1.393513560295105
RO-42,RO-42.jpg,3,-0.9945104718208313,1.381758213043213
RO-43,RO-43.jpg,11,-0.5211832523345947,-6.1742706298828125
RO-44,RO-44.jpg,7,5.262406826019287,-2.2035422325134277
RO-45,RO-45.jpg,11,-3.145688056945801,-5.079833030700684
RO-46,RO-46.jpg,11,0.3998854458332062,-5.713644504547119
RO-47,RO-47.jpg,3,-2.8246352672576904,1.9397999048233032
RO-48,RO-48.jpg,11,-1.6810601949691772,-7.199388027191162
RO-49,RO-49.jpg,7,4.529482841491699,0.5161747336387634
RO-50,RO-50.jpg,9,0.07383527606725693,1.3726946115493774
RS-1,RS-1.jpg,8,-2.7442080974578857,1.969308853149414
RS-2,RS-2.jpg,4,1.2829068899154663,5.682516098022461
RS-3,RS-3.jpg,8,-2.7660722732543945,0.17590031027793884
RS-4,RS-4.jpg,1,7.712433338165283,3.5068106651306152
RS-5,RS-5.jpg,0,1.769835114479065,-2.577924966812134
RS-6,RS-6.jpg,2,-3.0073964595794678,-1.4755529165267944
RS-7,RS-7.jpg,8,-1.562835931777954,2.8989644050598145
RS-8,RS-8.jpg,7,4.853198528289795,-0.46862727403640747
RS-9,RS-9.jpg,3,-4.784667491912842,-2.5421462059020996
RS-10,RS-10.jpg,7,3.721318483352661,1.1895488500595093
RS-11,RS-11.jpg,7,3.8530452251434326,0.6077956557273865
RS-12,RS-12.jpg,5,-0.09734386205673218,0.9108926057815552
RS-13,RS-13.jpg,4,1.3661032915115356,5.988656997680664
RS-14,RS-14.jpg,9,-0.2501750886440277,-3.225607395172119
RS-15,RS-15.jpg,8,0.6703808307647705,7.13038969039917
RS-16,RS-16.jpg,3,-2.5167195796966553,0.9657735228538513
RS-17,RS-17.jpg,3,-5.412692546844482,-0.06759300827980042
RS-18,RS-18.jpg,4,2.565110921859741,7.9985833168029785
RS-19,RS-19.jpg,10,-4.690989971160889,4.331065654754639
RS-20,RS-20.jpg,7,3.531792640686035,-2.003627300262451
RS-21,RS-21.jpg,9,3.3456430435180664,-2.9877450466156006
RS-22,RS-22.jpg,4,5.208411693572998,0.37007325887680054
RS-23,RS-23.jpg,8,-2.5534534454345703,2.8696696758270264
RS-24,RS-24.jpg,7,4.6575751304626465,-0.14258883893489838
RS-25,RS-25.jpg,0,1.1988158226013184,-3.3317136764526367
RS-26,RS-26.jpg,9,2.522819995880127,0.49595212936401367
RS-27,RS-27.jpg,9,2.0852293968200684,-1.9447625875473022
RS-28,RS-28.jpg,3,4.0127129554748535,-1.0714353322982788
RS-29,RS-29.jpg,11,-0.14959202706813812,-5.40513801574707
RS-30,RS-30.jpg,9,1.0269980430603027,0.5012238025665283
RS-31,RS-31.jpg,4,4.452770709991455,6.564455509185791
RS-32,RS-32.jpg,1,6.825664043426514,0.7122328877449036
RS-33,RS-33.jpg,3,-2.7817745208740234,0.052581146359443665
RS-34,RS-34.jpg,5,0.03229309245944023,2.658552646636963
RS-35,RS-35.jpg,9,1.622248649597168,2.1967573165893555
RS-36,RS-36.jpg,9,-0.10391853749752045,-1.7449958324432373
RS-37,RS-37.jpg,6,-5.173399448394775,7.401841640472412
RS-38,RS-38.jpg,9,1.1209266185760498,-0.9652012586593628
RS-39,RS-39.jpg,2,-1.3767763376235962,-2.741690158843994
RS-40,RS-40.jpg,11,-1.2165638208389282,-4.764541149139404
RS-41,RS-41.jpg,9,-0.1066255196928978,-3.2820234298706055
RS-42,RS-42.jpg,8,-1.6325037479400635,5.6769843101501465
RS-43,RS-43.jpg,9,-0.5513111352920532,-0.38691166043281555
RS-44,RS-44.jpg,3,-0.8967441916465759,0.8922868371009827
RS-45,RS-45.jpg,2,-4.546886920928955,-2.673811435699463
RS-46,RS-46.jpg,0,4.207359790802002,-4.451543807983398
RS-47,RS-47.jpg,0,5.389980316162109,-3.9643185138702393
RS-48,RS-48.jpg,3,-1.2903047800064087,-0.6598799824714661
RS-49,RS-49.jpg,5,2.3433144092559814,0.8207242488861084
RS-50,RS-50.jpg,11,-1.3837682008743286,-6.740009307861328
RU-1,RU-1.jpg,0,4.60816764831543,-4.622075080871582
RU-2,RU-2.jpg,6,-9.25190544128418,1.6338695287704468
RU-3,RU-3.jpg,0,3.004366397857666,-2.863626003265381
RU-4,RU-4.jpg,0,1.857015609741211,-2.439870834350586
RU-5,RU-5.jpg,9,-0.8344716429710388,-3.231100082397461
RU-6,RU-6.jpg,6,-9.101351737976074,5.01314115524292
RU-7,RU-7.jpg,0,6.4569993019104,-2.056401014328003
RU-8,RU-8.jpg,4,0.43285271525382996,3.6723732948303223
RU-9,RU-9.jpg,1,9.36965274810791,3.557291269302368
RU-10,RU-10.jpg,1,8.164962768554688,4.421370029449463
RU-11,RU-11.jpg,2,-6.55804967880249,-0.15934480726718903
RU-12,RU-12.jpg,6,-4.0020270347595215,5.4935784339904785
RU-13,RU-13.jpg,0,2.768512725830078,-7.4839091300964355
RU-14,RU-14.jpg,2,-7.7403564453125,0.11749981343746185
RU-15,RU-15.jpg,3,-0.9079540967941284,-1.1437748670578003
RU-16,RU-16.jpg,0,0.2777440547943115,0.042749397456645966
RU-17,RU-17.jpg,1,6.447628498077393,4.848790645599365
RU-18,RU-18.jpg,4,2.475653886795044,4.792912483215332
RU-19,RU-19.jpg,6,-9.393927574157715,4.941035270690918
RU-20,RU-20.jpg,2,-4.937633037567139,0.4373777210712433
RU-21,RU-21.jpg,6,-5.176827430725098,0.9328774213790894
RU-22,RU-22.jpg,1,11.072075843811035,1.9844943284988403
RU-23,RU-23.jpg,7,5.566731929779053,2.58243989944458
RU-24,RU-24.jpg,0,1.153123378753662,-3.352121114730835
RU-25,RU-25.jpg,6,-7.108553409576416,2.5704727172851562
RU-26,RU-26.jpg,9,0.6411516070365906,-1.6934903860092163
RU-27,RU-27.jpg,4,5.944482803344727,2.8182168006896973
RU-28,RU-28.jpg,1,9.32506275177002,3.5928099155426025
RU-29,RU-29.jpg,6,-6.982560157775879,0.1432815045118332
RU-30,RU-30.jpg,1,9.330519676208496,3.4630396366119385
RU-31,RU-31.jpg,3,0.7028639316558838,-2.178722858428955
RU-32,RU-32.jpg,5,-2.4200196266174316,-1.1921424865722656
RU-33,RU-33.jpg,3,-0.2346557229757309,1.2092009782791138
RU-34,RU-34.jpg,11,-2.866187334060669,-1.8918389081954956
RU-35,RU-35.jpg,8,-3.982191801071167,3.070751190185547
RU-36,RU-36.jpg,7,7.631661415100098,-3.938408374786377
RU-37,RU-37.jpg,5,0.1633196920156479,5.702300548553467
RU-38,RU-38.jpg,8,-3.9514966011047363,5.132822513580322
RU-39,RU-39.jpg,9,2.297882080078125,-0.7870075702667236
RU-40,RU-40.jpg,6,-6.03374719619751,-1.4027222394943237
RU-41,RU-41.jpg,5,-0.7522473335266113,-0.5998856425285339
RU-42,RU-42.jpg,5,3.036224126815796,-3.599630117416382
RU-43,RU-43.jpg,2,-4.326062202453613,-0.5077711939811707
RU-44,RU-44.jpg,1,8.074117660522461,1.4240862131118774
RU-45,RU-45.jpg,1,7.9619975090026855,3.1698110103607178
RU-46,RU-46.jpg,9,0.060492828488349915,-0.6860153675079346
RU-47,RU-47.jpg,7,5.396121978759766,-0.3579131066799164
RU-48,RU-48.jpg,2,-6.939787864685059,-2.6292049884796143
RU-49,RU-49.jpg,0,5.068114757537842,-9.435223579406738
RU-50,RU-50.jpg,3,-1.0171812772750854,-2.010744571685791
RW-1,RW-1.jpg,4,6.030003547668457,1.5402617454528809
RW-2,RW-2.jpg,9,-1.2899301052093506,-1.6522413492202759
RW-3,RW-3.jpg,7,6.478660583496094,-0.4673018455505371
RW-4,RW-4.jpg,7,5.988837242126465,-2.2114789485931396
RW-5,RW-5.jpg,0,3.303467273712158,-1.807367205619812
RW-6,RW-6.jpg,3,-4.065511226654053,-2.3371024131774902
RW-7,RW-7.jpg,2,-2.063760995864868,-3.1374459266662598
RW-8,RW-8.jpg,3,0.641586422920227,-3.3070948123931885
RW-9,RW-9.jpg,0,2.961503267288208,-3.129244327545166
RW-10,RW-10.jpg,9,-0.37114986777305603,-1.9442130327224731
RW-11,RW-11.jpg,6,-6.525485515594482,5.548515319824219
RW-12,RW-12.jpg,3,-4.428549289703369,0.9353774785995483
RW-13,RW-13.jpg,0,3.303467273712158,-1.807367205619812
RW-14,RW-14.jpg,7,5.7298197746276855,0.16196824610233307
RW-15,RW-15.jpg,11,-3.158879280090332,-4.931140422821045
RW-16,RW-16.jpg,11,-1.038573980331421,-4.100121021270752
RW-17,RW-17.jpg,7,8.320796012878418,-2.8059635162353516
RW-18,RW-18.jpg,7,7.01453161239624,-2.620612859725952
RW-19,RW-19.jpg,4,3.5605320930480957,5.560582160949707
RW-20,RW-20.jpg,6,-6.525485515594482,5.548515319824219
RW-21,RW-21.jpg,11,-3.158879280090332,-4.931140422821045
RW-22,RW-22.jpg,9,1.0770505666732788,-3.582796573638916
RW-23,RW-23.jpg,0,2.961503267288208,-3.129244327545166
RW-24,RW-24.jpg,9,1.3439335823059082,-2.7020816802978516
RW-25,RW-25.jpg,9,-1.5878971815109253,-2.066190719604492
RW-26,RW-26.jpg,9,-0.424632728099823,-2.372075319290161
RW-27,RW-27.jpg,2,-3.281906843185425,-3.5074901580810547
RW-28,RW-28.jpg,6,-4.193855285644531,3.546889543533325
RW-29,RW-29.jpg,4,0.38135766983032227,3.115943431854248
RW-30,RW-30.jpg,8,0.3535706400871277,1.8130472898483276
RW-31,RW-31.jpg,4,1.2218842506408691,1.6211358308792114
RW-32,RW-32.jpg,3,-6.201543807983398,0.43644028902053833
RW-33,RW-33.jpg,7,7.01453161239624,-2.620612859725952
RW-34,RW-34.jpg,3,0.641586422920227,-3.3070948123931885
RW-35,RW-35.jpg,6,-6.3874192237854,6.066375732421875
RW-36,RW-36.jpg,9,-1.2891509532928467,-1.649416446685791
RW-37,RW-37.jpg,3,0.6412790417671204,-3.3072564601898193
RW-38,RW-38.jpg,8,-4.442008972167969,3.657841920852661
RW-39,RW-39.jpg,9,-1.8754922151565552,-1.6664116382598877
RW-40,RW-40.jpg,2,-3.500765562057495,-0.35186222195625305
RW-41,RW-41.jpg,9,-1.2899301052093506,-1.6522413492202759
RW-42,RW-42.jpg,3,0.6412790417671204,-3.3072564601898193
RW-43,RW-43.jpg,4,1.6578550338745117,3.162663221359253
RW-44,RW-44.jpg,9,-1.0983754396438599,-0.6769764423370361
RW-45,RW-45.jpg,9,1.3439335823059082,-2.7020816802978516
RW-46,RW-46.jpg,4,3.5687434673309326,3.418095111846924
RW-47,RW-47.jpg,11,-3.4812490940093994,-4.653813362121582
RW-48,RW-48.jpg,9,1.486150860786438,0.00023563277500215918
RW-49,RW-49.jpg,7,5.628023624420166,0.49030420184135437
RW-50,RW-50.jpg,3,-6.199899196624756,0.4426758289337158
SA-1,SA-1.jpg,9,0.968133270740509,1.1578656435012817
SA-2,SA-2.jpg,7,4.489121913909912,-0.24073389172554016
SA-3,SA-3.jpg,8,-0.7942721247673035,1.31710684299469
SA-4,SA-4.jpg,9,0.2214089334011078,-2.870039224624634
SA-5,SA-5.jpg,4,3.6937296390533447,4.546724319458008
SA-6,SA-6.jpg,2,-6.186818599700928,-1.9923795461654663
SA-7,SA-7.jpg,11,-4.958009243011475,-5.757693767547607
SA-8,SA-8.jpg,7,7.8593292236328125,-0.8278400301933289
SA-9,SA-9.jpg,9,-2.132565975189209,-2.1081511974334717
SA-10,SA-10.jpg,8,-0.05787969380617142,2.6232457160949707
SA-11,SA-11.jpg,5,-0.049911122769117355,-0.8399062752723694
SA-12,SA-12.jpg,9,-2.131474256515503,-2.103078842163086
SA-13,SA-13.jpg,1,6.484679698944092,6.428236484527588
SA-14,SA-14.jpg,2,-2.106886863708496,0.7981632947921753
SA-15,SA-15.jpg,9,-0.31058743596076965,0.9368178844451904
SA-16,SA-16.jpg,0,2.374964475631714,-4.900850296020508
SA-17,SA-17.jpg,1,9.069683074951172,1.6078088283538818
SA-18,SA-18.jpg,4,0.29008033871650696,4.115451335906982
SA-19,SA-19.jpg,9,-2.34462308883667,-0.15480200946331024
SA-20,SA-20.jpg,2,-3.503082513809204,0.9496564269065857
SA-21,SA-21.jpg,7,6.76409912109375,0.21485458314418793
SA-22,SA-22.jpg,6,-4.349191188812256,6.844716548919678
SA-23,SA-23.jpg,4,2.0699596405029297,4.217436790466309
SA-24,SA-24.jpg,8,-0.05354057624936104,2.6639113426208496
SA-25,SA-25.jpg,1,8.988655090332031,3.5870466232299805
SA-26,SA-26.jpg,11,-3.2164130210876465,-5.588087558746338
SA-27,SA-27.jpg,7,3.6488113403320312,3.15695858001709
SA-28,SA-28.jpg,3,2.156646490097046,-0.9642470479011536
SA-29,SA-29.jpg,8,-2.1723806858062744,2.26884126663208
SA-30,SA-30.jpg,9,-2.3426930904388428,-0.1511305272579193
SA-31,SA-31.jpg,10,-7.675003528594971,6.4018940925598145
SA-32,SA-32.jpg,3,0.8610752820968628,-4.437000751495361
SA-33,SA-33.jpg,11,-1.6683205366134644,-4.2022385597229
SA-34,SA-34.jpg,2,-6.946566581726074,-2.754880428314209
SA-35,SA-35.jpg,6,-8.162467002868652,1.2058807611465454
SA-36,SA-36.jpg,3,2.815265417098999,-3.4937708377838135
SA-37,SA-37.jpg,1,8.631547927856445,0.46088117361068726
SA-38,SA-38.jpg,5,1.6634238958358765,-1.1588104963302612
SA-39,SA-39.jpg,8,-1.292273998260498,1.684835433959961
SA-40,SA-40.jpg,1,8.337576866149902,5.557837009429932
SA-41,SA-41.jpg,2,-4.947722434997559,-1.2218701839447021
SA-42,SA-42.jpg,4,3.139643669128418,2.869547128677368
SA-43,SA-43.jpg,4,3.383479356765747,2.0784666538238525
SA-44,SA-44.jpg,1,10.002718925476074,2.103745698928833
SA-45,SA-45.jpg,8,-3.1358869075775146,5.666197776794434
SA-46,SA-46.jpg,0,0.6015271544456482,-3.3381617069244385
SA-47,SA-47.jpg,7,6.461503028869629,0.6740483045578003
SA-48,SA-48.jpg,11,0.3181620240211487,-2.627012014389038
SA-49,SA-49.jpg,2,-5.284580707550049,-0.9823638796806335
SA-50,SA-50.jpg,11,-4.958009243011475,-5.757693767547607
SB-1,SB-1.jpg,10,-4.301143646240234,5.973893642425537
SB-2,SB-2.jpg,8,-1.1227880716323853,2.531606674194336
SB-3,SB-3.jpg,3,-2.8841681480407715,-3.561648368835449
SB-4,SB-4.jpg,5,0.7238563299179077,1.335364818572998
SB-5,SB-5.jpg,4,3.6663472652435303,2.3278191089630127
SB-6,SB-6.jpg,8,-3.9556236267089844,2.655827522277832
SB-7,SB-7.jpg,10,-5.393805503845215,5.914402008056641
SB-8,SB-8.jpg,10,-0.9163488149642944,7.662298202514648
SB-9,SB-9.jpg,3,-0.5852176547050476,0.24540212750434875
SB-10,SB-10.jpg,10,-5.393805503845215,5.914402008056641
SB-11,SB-11.jpg,2,-2.440187692642212,-1.6374094486236572
SB-12,SB-12.jpg,8,-3.9556236267089844,2.655827522277832
SB-13,SB-13.jpg,8,-3.9556236267089844,2.655827522277832
SB-14,SB-14.jpg,8,-0.7206225395202637,3.996668577194214
SB-15,SB-15.jpg,8,-1.1227880716323853,2.531606674194336
SB-16,SB-16.jpg,3,-3.628035306930542,-0.03412436693906784
SB-17,SB-17.jpg,5,0.7238563299179077,1.335364818572998
SB-18,SB-18.jpg,2,-3.5907373428344727,-3.2521464824676514
SB-19,SB-19.jpg,6,-9.042701721191406,3.4225831031799316
SB-20,SB-20.jpg,5,0.7238563299179077,1.335364818572998
SB-21,SB-21.jpg,10,-4.702691555023193,6.229348182678223
SB-22,SB-22.jpg,0,1.3717955350875854,-0.43258240818977356
SB-23,SB-23.jpg,8,-1.445254921913147,2.885836124420166
SB-24,SB-24.jpg,11,-6.537613391876221,-2.222522020339966
SB-25,SB-25.jpg,8,-3.9556236267089844,2.655827522277832
SB-26,SB-26.jpg,5,0.7238563299179077,1.335364818572998
SB-27,SB-27.jpg,8,-3.9556236267089844,2.655827522277832
SB-28,SB-28.jpg,6,-9.042701721191406,3.4225831031799316
SB-29,SB-29.jpg,5,0.7238563299179077,1.335364818572998
SB-30,SB-30.jpg,8,-3.9556236267089844,2.655827522277832
SB-31,SB-31.jpg,5,0.7238563299179077,1.335364818572998
SB-32,SB-32.jpg,8,-1.1227880716323853,2.531606674194336
SB-33,SB-33.jpg,4,2.8774592876434326,3.7627031803131104
SB-34,SB-34.jpg,10,-1.4009044170379639,6.898452281951904
SB-35,SB-35.jpg,11,-6.537613391876221,-2.222522020339966
SB-36,SB-36.jpg,8,-1.9590286016464233,1.0991138219833374
SB-37,SB-37.jpg,7,4.813222408294678,2.783902645111084
SB-38,SB-38.jpg,10,-4.702691555023193,6.229348182678223
SB-39,SB-39.jpg,5,0.7238563299179077,1.335364818572998
SB-40,SB-40.jpg,7,3.0578134059906006,1.3047642707824707
SB-41,SB-41.jpg,7,6.086426258087158,-1.285736322402954
SB-42,SB-42.jpg,5,0.7238563299179077,1.335364818572998
SB-43,SB-43.jpg,8,-3.9556236267089844,2.655827522277832
SB-44,SB-44.jpg,8,-1.9590286016464233,1.0991138219833374
SB-45,SB-45.jpg,10,-5.393805503845215,5.914402008056641
SB-46,SB-46.jpg,6,-9.042701721191406,3.4225831031799316
SB-47,SB-47.jpg,4,2.610799551010132,2.775773525238037
SB-48,SB-48.jpg,4,3.997488021850586,3.0347437858581543
SB-49,SB-49.jpg,5,-5.3823418617248535,-1.0856298208236694
SB-50,SB-50.jpg,8,-1.445254921913147,2.885836124420166
SC-1,SC-1.jpg,0,1.2254186868667603,-3.566523790359497
SC-2,SC-2.jpg,8,-0.048485446721315384,5.562966823577881
SC-3,SC-3.jpg,9,1.0818700790405273,-1.1038217544555664
SC-4,SC-4.jpg,4,1.404253363609314,0.9024977684020996
SC-5,SC-5.jpg,9,0.20362430810928345,0.5153822302818298
SC-6,SC-6.jpg,4,2.5128748416900635,1.6646721363067627
SC-7,SC-7.jpg,9,1.3162596225738525,-0.18973061442375183
SC-8,SC-8.jpg,8,0.5641305446624756,3.388148069381714
SC-9,SC-9.jpg,4,3.80509090423584,0.4989665448665619
SC-10,SC-10.jpg,4,1.7394742965698242,7.281862735748291
SC-11,SC-11.jpg,6,-6.717053413391113,7.805806636810303
SC-12,SC-12.jpg,4,1.4573485851287842,7.951615810394287
SC-13,SC-13.jpg,4,1.639636754989624,1.668537974357605
SC-14,SC-14.jpg,8,-3.0051751136779785,3.858808755874634
SC-15,SC-15.jpg,11,-2.3829867839813232,-2.9048335552215576
SC-16,SC-16.jpg,7,6.153443336486816,-1.3795047998428345
SC-17,SC-17.jpg,4,4.397066116333008,1.229678988456726
SC-18,SC-18.jpg,4,0.45256173610687256,8.591859817504883
SC-19,SC-19.jpg,5,1.576289176940918,-0.6724957227706909
SC-20,SC-20.jpg,9,-1.68928062915802,-2.44930100440979
SC-21,SC-21.jpg,2,-3.6996796131134033,0.4204365611076355
SC-22,SC-22.jpg,8,-1.5476611852645874,3.1342475414276123
SC-23,SC-23.jpg,4,1.3225353956222534,1.9427735805511475
SC-24,SC-24.jpg,4,2.847271203994751,1.788759469985962
SC-25,SC-25.jpg,7,5.695981979370117,2.908845901489258
SC-26,SC-26.jpg,11,-2.154773712158203,-4.57581090927124
SC-27,SC-27.jpg,9,3.3484411239624023,-2.8173651695251465
SC-28,SC-28.jpg,6,-6.530162811279297,3.6307125091552734
SC-29,SC-29.jpg,11,-2.3588991165161133,-3.3245913982391357
SC-30,SC-30.jpg,7,3.1328086853027344,-0.8520761132240295
SC-31,SC-31.jpg,9,1.1990318298339844,-1.2992173433303833
SC-32,SC-32.jpg,9,-0.855168342590332,0.6610352396965027
SC-33,SC-33.jpg,6,-8.02507209777832,2.9215617179870605
SC-34,SC-34.jpg,7,6.154491424560547,-1.3404390811920166
SC-35,SC-35.jpg,11,-3.5596930980682373,-3.9587252140045166
SC-36,SC-36.jpg,0,3.5923562049865723,-5.750755786895752
SC-37,SC-37.jpg,7,3.477480173110962,0.20931854844093323
SC-38,SC-38.jpg,4,1.2370554208755493,5.792355060577393
SC-39,SC-39.jpg,0,3.61545467376709,-6.18444299697876
SC-40,SC-40.jpg,4,5.5672407150268555,6.062104225158691
SC-41,SC-41.jpg,5,2.8635807037353516,2.5394129753112793
SC-42,SC-42.jpg,4,1.4291293621063232,3.565969228744507
SC-43,SC-43.jpg,9,-2.5242559909820557,-0.1133689284324646
SC-44,SC-44.jpg,4,2.4744014739990234,5.708732604980469
SC-45,SC-45.jpg,4,-0.41972821950912476,3.5762863159179688
SC-46,SC-46.jpg,4,1.4172439575195312,5.845208644866943
SC-47,SC-47.jpg,0,3.699223041534424,-7.528119087219238
SC-48,SC-48.jpg,5,2.8635807037353516,2.5394129753112793
SC-49,SC-49.jpg,8,-1.5981872081756592,1.659895420074463
SC-50,SC-50.jpg,0,3.699223041534424,-7.528119087219238
SE-1,SE-1.jpg,9,1.6211148500442505,-0.5311859250068665
SE-2,SE-2.jpg,1,5.635152816772461,7.947685241699219
SE-3,SE-3.jpg,4,3.751495361328125,2.004948139190674
SE-4,SE-4.jpg,7,6.0119476318359375,-2.072068452835083
SE-5,SE-5.jpg,8,-2.849093437194824,1.1069086790084839
SE-6,SE-6.jpg,9,1.5249383449554443,-0.9920088648796082
SE-7,SE-7.jpg,7,8.661075592041016,1.1965001821517944
SE-8,SE-8.jpg,3,-3.2171504497528076,0.4598539173603058
SE-9,SE-9.jpg,1,8.732833862304688,3.256381034851074
SE-10,SE-10.jpg,3,3.529763698577881,-4.617401599884033
SE-11,SE-11.jpg,9,1.73578941822052,-2.614656686782837
SE-12,SE-12.jpg,6,-7.845907211303711,2.074352264404297
SE-13,SE-13.jpg,2,-2.670898675918579,0.6941673755645752
SE-14,SE-14.jpg,8,-2.2358155250549316,1.4978755712509155
SE-15,SE-15.jpg,0,1.534351110458374,-2.2574191093444824
SE-16,SE-16.jpg,9,0.6949148774147034,0.16220298409461975
SE-17,SE-17.jpg,0,7.597302436828613,-6.3232574462890625
SE-18,SE-18.jpg,9,-1.0737783908843994,-1.081807255744934
SE-19,SE-19.jpg,11,0.1529906839132309,-7.742993354797363
SE-20,SE-20.jpg,4,0.2641221582889557,1.387777328491211
SE-21,SE-21.jpg,3,-1.5247811079025269,-3.912813663482666
SE-22,SE-22.jpg,9,2.259852170944214,0.6262513399124146
SE-23,SE-23.jpg,11,0.07775657624006271,-7.915480613708496
SE-24,SE-24.jpg,11,-2.7654566764831543,-6.436069011688232
SE-25,SE-25.jpg,9,-0.21976923942565918,1.14857816696167
SE-26,SE-26.jpg,9,-1.6787004470825195,-2.8924167156219482
SE-27,SE-27.jpg,7,9.04200553894043,-0.3317192792892456
SE-28,SE-28.jpg,4,3.955339193344116,2.093999147415161
SE-29,SE-29.jpg,9,-1.9023035764694214,-0.3754701316356659
SE-30,SE-30.jpg,8,-3.3837828636169434,1.4184573888778687
SE-31,SE-31.jpg,6,-5.919381141662598,6.502922534942627
SE-32,SE-32.jpg,1,7.880016326904297,2.72301983833313
SE-33,SE-33.jpg,9,0.20476941764354706,-3.10516619682312
SE-34,SE-34.jpg,8,-3.6738345623016357,6.081737518310547
SE-35,SE-35.jpg,4,6.431664943695068,6.569190979003906
SE-36,SE-36.jpg,7,5.1968584060668945,-0.1619914174079895
SE-37,SE-37.jpg,8,-2.2569081783294678,2.6961874961853027
SE-38,SE-38.jpg,9,1.0397815704345703,1.3260293006896973
SE-39,SE-39.jpg,11,-2.5729598999023438,-2.826266050338745
SE-40,SE-40.jpg,6,-6.106174468994141,2.0696732997894287
SE-41,SE-41.jpg,9,0.7327769994735718,-2.537506580352783
SE-42,SE-42.jpg,2,-3.770092010498047,-1.5893280506134033
SE-43,SE-43.jpg,5,0.2085610032081604,3.397773027420044
SE-44,SE-44.jpg,2,-5.869513034820557,-2.194550037384033
SE-45,SE-45.jpg,5,2.648711919784546,4.546559810638428
SE-46,SE-46.jpg,11,-4.535423278808594,-7.659732341766357
SE-47,SE-47.jpg,11,1.5866481065750122,-5.727630615234375
SE-48,SE-48.jpg,4,2.022000789642334,7.3725996017456055
SE-49,SE-49.jpg,2,-1.4883993864059448,-0.3332500159740448
SE-50,SE-50.jpg,9,0.7506745457649231,-1.3211272954940796
SG-1,SG-1.jpg,4,3.465324640274048,1.466540813446045
SG-2,SG-2.jpg,9,-0.08429088443517685,-2.090841293334961
SG-3,SG-3.jpg,6,-5.599348068237305,5.698527812957764
SG-4,SG-4.jpg,9,2.4369561672210693,-1.7346094846725464
SG-5,SG-5.jpg,10,-5.5400543212890625,4.099245548248291
SG-6,SG-6.jpg,4,2.1840741634368896,2.5653958320617676
SG-7,SG-7.jpg,0,0.4744581878185272,-2.510749578475952
SG-8,SG-8.jpg,8,0.12837840616703033,3.139143943786621
SG-9,SG-9.jpg,6,-7.130168914794922,-0.5839298963546753
SG-10,SG-10.jpg,9,-0.9694006443023682,-2.396043300628662
SG-11,SG-11.jpg,11,-1.0908955335617065,-4.472733497619629
SG-12,SG-12.jpg,7,5.145440578460693,-1.7134087085723877
SG-13,SG-13.jpg,2,-3.1577627658843994,3.6339187622070312
SG-14,SG-14.jpg,5,-1.39815354347229,0.07592830806970596
SG-15,SG-15.jpg,3,-0.2480979710817337,3.216642141342163
SG-16,SG-16.jpg,7,5.059775352478027,1.223862886428833
SG-17,SG-17.jpg,11,-0.024797676131129265,-11.895207405090332
SG-18,SG-18.jpg,5,-1.8676161766052246,-6.674191474914551
SG-19,SG-19.jpg,9,-0.6688030362129211,-2.9518747329711914
SG-20,SG-20.jpg,0,1.8303580284118652,-0.8645244836807251
SG-21,SG-21.jpg,5,-3.1621181964874268,1.043107509613037
SG-22,SG-22.jpg,1,11.097121238708496,1.3769571781158447
SG-23,SG-23.jpg,6,-8.882168769836426,5.270402908325195
SG-24,SG-24.jpg,7,3.876331329345703,-2.0176565647125244
SG-25,SG-25.jpg,6,-6.949991226196289,0.4344847500324249
SG-26,SG-26.jpg,4,2.556676149368286,3.9660727977752686
SG-27,SG-27.jpg,6,-7.087445259094238,0.5942495465278625
SG-28,SG-28.jpg,2,-6.900904655456543,-2.6635797023773193
SG-29,SG-29.jpg,8,-2.6020901203155518,-0.45660561323165894
SG-30,SG-30.jpg,4,2.1533446311950684,4.485711574554443
SG-31,SG-31.jpg,5,-1.4171688556671143,0.15005996823310852
SG-32,SG-32.jpg,3,-3.7455782890319824,-0.302804172039032
SG-33,SG-33.jpg,0,2.6902992725372314,-4.616485118865967
SG-34,SG-34.jpg,2,-8.15242862701416,-0.2084423005580902
SG-35,SG-35.jpg,9,0.07741358876228333,0.004803073592483997
SG-36,SG-36.jpg,11,2.2708258628845215,-8.628543853759766
SG-37,SG-37.jpg,2,-3.7220470905303955,-1.0735182762145996
SG-38,SG-38.jpg,5,-1.8008806705474854,-0.7539504766464233
SG-39,SG-39.jpg,2,-3.634769916534424,1.6324621438980103
SG-40,SG-40.jpg,4,0.8720858693122864,3.3705153465270996
SG-41,SG-41.jpg,5,1.8692936897277832,-3.0274569988250732
SG-42,SG-42.jpg,11,1.871554970741272,-6.350342273712158
SG-43,SG-43.jpg,4,4.897170543670654,3.6526339054107666
SG-44,SG-44.jpg,7,6.610576152801514,-3.316080331802368
SG-45,SG-45.jpg,2,-4.2478742599487305,-4.019808292388916
SG-46,SG-46.jpg,10,-4.170499801635742,4.570951461791992
SG-47,SG-47.jpg,1,5.341542720794678,5.5803985595703125
SG-48,SG-48.jpg,9,-1.1816848516464233,-1.6694916486740112
SG-49,SG-49.jpg,6,-5.142897605895996,3.9731128215789795
SG-50,SG-50.jpg,2,-4.493144512176514,-0.47400274872779846
SH-1,SH-1.jpg,9,-1.2026535272598267,0.42711836099624634
SH-2,SH-2.jpg,0,1.4799928665161133,-2.45981764793396
SH-3,SH-3.jpg,2,-3.4398462772369385,0.7571443915367126
SH-4,SH-4.jpg,9,1.6507562398910522,-1.2223020792007446
SH-5,SH-5.jpg,11,-2.1093034744262695,-4.369126796722412
SH-6,SH-6.jpg,8,-0.2735648453235626,4.762916564941406
SH-7,SH-7.jpg,2,-4.707850456237793,-0.4286975860595703
SH-8,SH-8.jpg,2,-2.3581058979034424,2.9636008739471436
SH-9,SH-9.jpg,0,1.229852557182312,-8.355587005615234
SH-10,SH-10.jpg,10,-0.8744140863418579,7.006047248840332
SH-11,SH-11.jpg,6,-9.579113960266113,1.8611490726470947
SH-12,SH-12.jpg,4,4.297455787658691,2.5981998443603516
SH-13,SH-13.jpg,9,1.826993703842163,-3.7545955181121826
SH-14,SH-14.jpg,4,2.4968340396881104,1.9628959894180298
SH-15,SH-15.jpg,11,1.566631555557251,-8.796982765197754
SH-16,SH-16.jpg,7,4.332155704498291,-2.2018353939056396
SH-17,SH-17.jpg,9,-1.1988588571548462,-1.8404265642166138
SH-18,SH-18.jpg,7,4.863132476806641,-1.2757148742675781
SH-19,SH-19.jpg,11,-2.834634304046631,-6.109471321105957
SH-20,SH-20.jpg,8,-1.3827552795410156,3.2834246158599854
SH-21,SH-21.jpg,1,11.092026710510254,1.4577809572219849
SH-22,SH-22.jpg,0,2.278831958770752,-5.6142258644104
SH-23,SH-23.jpg,2,-2.9496240615844727,-1.2099394798278809
SH-24,SH-24.jpg,7,3.768861770629883,-1.4570896625518799
SH-25,SH-25.jpg,11,-3.8642945289611816,-5.895115852355957
SH-26,SH-26.jpg,3,1.2684401273727417,-0.5873411893844604
SH-27,SH-27.jpg,2,-3.2777907848358154,0.21311917901039124
SH-28,SH-28.jpg,7,3.6808414459228516,-1.7711236476898193
SH-29,SH-29.jpg,1,7.542046070098877,6.127385139465332
SH-30,SH-30.jpg,8,-0.3787265121936798,2.1226425170898438
SH-31,SH-31.jpg,11,-1.995291829109192,-4.844400405883789
SH-32,SH-32.jpg,11,-3.1565871238708496,-5.080369472503662
SH-33,SH-33.jpg,8,-2.1278185844421387,5.700798988342285
SH-34,SH-34.jpg,0,3.089311122894287,-5.193670272827148
SH-35,SH-35.jpg,3,-4.16140604019165,-1.1240355968475342
SH-36,SH-36.jpg,8,1.193939208984375,3.3696792125701904
SH-37,SH-37.jpg,0,7.446183204650879,-4.290928363800049
SH-38,SH-38.jpg,1,11.071657180786133,2.133419990539551
SH-39,SH-39.jpg,9,-0.9825951457023621,-0.5583869218826294
SH-40,SH-40.jpg,2,-4.406557559967041,2.0389790534973145
SH-41,SH-41.jpg,11,-1.5419893264770508,-6.250147819519043
SH-42,SH-42.jpg,11,-1.7546464204788208,-3.600308895111084
SH-43,SH-43.jpg,1,9.127132415771484,3.486248731613159
SH-44,SH-44.jpg,11,0.5075676441192627,-9.074188232421875
SH-45,SH-45.jpg,7,7.730876445770264,-1.2467377185821533
SH-46,SH-46.jpg,1,7.700182914733887,1.9897886514663696
SH-47,SH-47.jpg,4,0.27604979276657104,5.839645862579346
SH-48,SH-48.jpg,8,-0.2526059150695801,3.9368786811828613
SH-49,SH-49.jpg,6,-7.307466983795166,3.264214277267456
SH-50,SH-50.jpg,8,-2.006946325302124,2.0007412433624268
SI-1,SI-1.jpg,1,8.215128898620605,3.665693759918213
SI-2,SI-2.jpg,9,1.531284213066101,0.14027974009513855
SI-3,SI-3.jpg,2,-3.0914831161499023,-1.5743968486785889
SI-4,SI-4.jpg,6,-8.050565719604492,1.2274272441864014
SI-5,SI-5.jpg,5,-1.8960291147232056,0.9608062505722046
SI-6,SI-6.jpg,9,1.1323742866516113,-2.494743824005127
SI-7,SI-7.jpg,3,-1.9472583532333374,-0.6664869785308838
SI-8,SI-8.jpg,7,8.228089332580566,-1.057188868522644
SI-9,SI-9.jpg,6,-4.98591947555542,3.2451086044311523
SI-10,SI-10.jpg,2,-4.98371696472168,-1.9597281217575073
SI-11,SI-11.jpg,4,3.576383113861084,0.45054560899734497
SI-12,SI-12.jpg,5,-3.7130558490753174,-1.8122920989990234
SI-13,SI-13.jpg,9,-2.022472381591797,-1.5421942472457886
SI-14,SI-14.jpg,9,-0.006942597683519125,-1.0704216957092285
SI-15,SI-15.jpg,7,4.949878692626953,0.40947970747947693
SI-16,SI-16.jpg,3,-2.8847169876098633,-0.5279780030250549
SI-17,SI-17.jpg,4,2.0535643100738525,2.8688032627105713
SI-18,SI-18.jpg,9,1.2263689041137695,-1.4684464931488037
SI-19,SI-19.jpg,4,3.007110834121704,0.42583003640174866
SI-20,SI-20.jpg,3,-3.6062207221984863,0.24199330806732178
SI-21,SI-21.jpg,7,6.11560583114624,0.3392430245876312
SI-22,SI-22.jpg,2,-3.9761693477630615,-1.2685539722442627
SI-23,SI-23.jpg,11,1.5185632705688477,-4.55485725402832
SI-24,SI-24.jpg,2,-7.1192827224731445,1.1835111379623413
SI-25,SI-25.jpg,3,-4.039091110229492,-1.5671027898788452
SI-26,SI-26.jpg,6,-5.627251625061035,3.8326804637908936
SI-27,SI-27.jpg,4,1.679198980331421,2.2794742584228516
SI-28,SI-28.jpg,9,-1.3088830709457397,-1.578773021697998
SI-29,SI-29.jpg,0,0.29912135004997253,-2.598087787628174
SI-30,SI-30.jpg,1,9.562440872192383,2.723825216293335
SI-31,SI-31.jpg,7,6.150745868682861,-1.3256020545959473
SI-32,SI-32.jpg,5,0.29053986072540283,-0.8992276787757874
SI-33,SI-33.jpg,8,-1.7940120697021484,1.8292553424835205
SI-34,SI-34.jpg,4,-0.16994650661945343,2.5565953254699707
SI-35,SI-35.jpg,9,1.5840734243392944,-0.1382225751876831
SI-36,SI-36.jpg,4,2.2546277046203613,2.072396993637085
SI-37,SI-37.jpg,9,-0.3502509593963623,0.2984767258167267
SI-38,SI-38.jpg,8,-0.486717164516449,4.6446213722229
SI-39,SI-39.jpg,1,7.248497486114502,2.298295736312866
SI-40,SI-40.jpg,5,2.0121898651123047,-0.9168588519096375
SI-41,SI-41.jpg,11,-5.450125694274902,-7.00172233581543
SI-42,SI-42.jpg,5,-0.19838638603687286,1.8565672636032104
SI-43,SI-43.jpg,3,-1.6840734481811523,-0.7018530964851379
SI-44,SI-44.jpg,4,1.2327709197998047,4.698849201202393
SI-45,SI-45.jpg,2,-5.340405464172363,0.34567990899086
SI-46,SI-46.jpg,11,-0.9303961396217346,-6.00387716293335
SI-47,SI-47.jpg,9,0.004615820944309235,-3.258458137512207
SI-48,SI-48.jpg,9,-0.1010206863284111,-1.0052931308746338
SI-49,SI-49.jpg,2,-6.091569423675537,-2.8916380405426025
SI-50,SI-50.jpg,10,-3.0840322971343994,6.488828659057617
SJ-1,SJ-1.jpg,8,-3.0236949920654297,3.5191266536712646
SJ-2,SJ-2.jpg,7,9.367056846618652,1.1013453006744385
SJ-3,SJ-3.jpg,11,-2.7332119941711426,-5.14585018157959
SJ-4,SJ-4.jpg,8,-3.9081170558929443,2.6784169673919678
SJ-5,SJ-5.jpg,8,-2.916728973388672,1.6475683450698853
SJ-6,SJ-6.jpg,4,5.9452996253967285,-0.9256296753883362
SJ-7,SJ-7.jpg,6,-8.891229629516602,2.6063225269317627
SJ-8,SJ-8.jpg,4,2.2551281452178955,2.8702688217163086
SJ-9,SJ-9.jpg,7,8.776721954345703,-0.07020973414182663
SJ-10,SJ-10.jpg,2,-3.760065793991089,0.01478121243417263
SJ-11,SJ-11.jpg,1,8.396721839904785,1.912248134613037
SJ-12,SJ-12.jpg,1,9.72982406616211,3.496519088745117
SJ-13,SJ-13.jpg,4,3.7935402393341064,4.547828197479248
SJ-14,SJ-14.jpg,2,-7.4276018142700195,-0.20868410170078278
SJ-15,SJ-15.jpg,4,5.324825286865234,4.9823317527771
SJ-16,SJ-16.jpg,9,-0.14257922768592834,-1.6889749765396118
SJ-17,SJ-17.jpg,2,-4.72198486328125,0.2242966890335083
SJ-18,SJ-18.jpg,5,1.605690598487854,-1.2768443822860718
SJ-19,SJ-19.jpg,4,1.7429059743881226,4.6057024002075195
SJ-20,SJ-20.jpg,1,9.21442985534668,1.551045298576355
SJ-21,SJ-21.jpg,2,-5.540626049041748,-2.893740177154541
SJ-22,SJ-22.jpg,9,1.4816213846206665,-1.4389064311981201
SJ-23,SJ-23.jpg,9,0.36867788434028625,0.9544346928596497
SJ-24,SJ-24.jpg,0,3.7595789432525635,-6.290709495544434
SJ-25,SJ-25.jpg,4,3.7935402393341064,4.547828197479248
SJ-26,SJ-26.jpg,1,6.486651420593262,3.2414486408233643
SJ-27,SJ-27.jpg,10,-7.507280349731445,5.886579990386963
SJ-28,SJ-28.jpg,7,7.1058669090271,-0.3234676420688629
SJ-29,SJ-29.jpg,7,9.367056846618652,1.1013453006744385
SJ-30,SJ-30.jpg,7,9.270157814025879,1.84652578830719
SJ-31,SJ-31.jpg,8,0.8107514977455139,4.032552242279053
SJ-32,SJ-32.jpg,6,-5.0263214111328125,4.574895858764648
SJ-33,SJ-33.jpg,0,5.6901373863220215,-3.024904489517212
SJ-34,SJ-34.jpg,4,5.482861042022705,3.671813488006592
SJ-35,SJ-35.jpg,8,-1.4868148565292358,7.994565963745117
SJ-36,SJ-36.jpg,1,10.002033233642578,2.3055684566497803
SJ-37,SJ-37.jpg,4,3.4608218669891357,1.7376443147659302
SJ-38,SJ-38.jpg,8,-2.8575310707092285,2.323148250579834
SJ-39,SJ-39.jpg,8,0.1701241433620453,1.3220272064208984
SJ-40,SJ-40.jpg,11,-0.7781623601913452,-5.894199371337891
SJ-41,SJ-41.jpg,6,-4.256929874420166,3.918658971786499
SJ-42,SJ-42.jpg,7,8.776721954345703,-0.07020973414182663
SJ-43,SJ-43.jpg,5,-0.5931848287582397,-4.0357184410095215
SJ-44,SJ-44.jpg,8,-3.0236949920654297,3.5191266536712646
SJ-45,SJ-45.jpg,5,2.6054189205169678,-3.8476336002349854
SJ-46,SJ-46.jpg,5,1.646823763847351,-5.469050884246826
SJ-47,SJ-47.jpg,6,-4.013592720031738,5.361298084259033
SJ-48,SJ-48.jpg,8,-0.34129464626312256,0.6335585713386536
SJ-49,SJ-49.jpg,8,-3.352933883666992,3.2777597904205322
SJ-50,SJ-50.jpg,10,-7.3236260414123535,4.550925254821777
SK-1,SK-1.jpg,4,6.109755516052246,1.5552421808242798
SK-2,SK-2.jpg,4,2.969846248626709,2.7798030376434326
SK-3,SK-3.jpg,6,-4.956941604614258,2.338094472885132
SK-4,SK-4.jpg,9,1.3643943071365356,0.19386446475982666
SK-5,SK-5.jpg,6,-5.7993083000183105,1.5691499710083008
SK-6,SK-6.jpg,4,3.2888567447662354,5.434992790222168
SK-7,SK-7.jpg,6,-5.562290668487549,1.2367713451385498
SK-8,SK-8.jpg,9,-1.722538709640503,-2.998021364212036
SK-9,SK-9.jpg,7,4.560522556304932,1.2708382606506348
SK-10,SK-10.jpg,7,5.267627239227295,-3.5434703826904297
SK-11,SK-11.jpg,8,-4.179464817047119,2.917433977127075
SK-12,SK-12.jpg,9,1.2115436792373657,-0.671539843082428
SK-13,SK-13.jpg,3,-4.0119123458862305,-2.697364091873169
SK-14,SK-14.jpg,4,3.8704442977905273,1.6261996030807495
SK-15,SK-15.jpg,8,-3.1731812953948975,2.170802593231201
SK-16,SK-16.jpg,8,-1.5243321657180786,6.8024187088012695
SK-17,SK-17.jpg,9,-1.5967694520950317,-1.6450377702713013
SK-18,SK-18.jpg,8,-0.2874734699726105,2.3639731407165527
SK-19,SK-19.jpg,6,-5.890444278717041,1.5105117559432983
SK-20,SK-20.jpg,9,-2.5786068439483643,-1.1277642250061035
SK-21,SK-21.jpg,4,2.3736732006073,1.913557529449463
SK-22,SK-22.jpg,9,1.1263103485107422,-0.4734989106655121
SK-23,SK-23.jpg,3,-1.1533939838409424,-2.1069066524505615
SK-24,SK-24.jpg,3,-2.2433626651763916,-2.610234022140503
SK-25,SK-25.jpg,8,-3.825213670730591,3.4884729385375977
SK-26,SK-26.jpg,11,-1.5187324285507202,-6.110392093658447
SK-27,SK-27.jpg,4,1.2005795240402222,7.7224297523498535
SK-28,SK-28.jpg,9,-0.5598305463790894,0.5273361802101135
SK-29,SK-29.jpg,9,1.986873984336853,-3.2248096466064453
SK-30,SK-30.jpg,8,-0.5389962792396545,2.827538251876831
SK-31,SK-31.jpg,10,-7.081149578094482,3.791236639022827
SK-32,SK-32.jpg,7,8.25858211517334,3.833158254623413
SK-33,SK-33.jpg,6,-4.594968795776367,3.1472513675689697
SK-34,SK-34.jpg,11,-2.927351474761963,-5.276121139526367
SK-35,SK-35.jpg,3,1.077743411064148,-2.339402914047241
SK-36,SK-36.jpg,9,2.1659796237945557,-3.9811904430389404
SK-37,SK-37.jpg,11,-3.9950520992279053,-5.050403594970703
SK-38,SK-38.jpg,7,7.1273980140686035,-2.409937620162964
SK-39,SK-39.jpg,5,-1.0012876987457275,0.40393438935279846
SK-40,SK-40.jpg,9,-3.125699281692505,-1.2442289590835571
SK-41,SK-41.jpg,4,1.70247483253479,2.3371787071228027
SK-42,SK-42.jpg,8,-4.220643997192383,3.212430000305176
SK-43,SK-43.jpg,2,-3.357563018798828,-0.563391923904419
SK-44,SK-44.jpg,11,-1.1401194334030151,-4.923313617706299
SK-45,SK-45.jpg,4,3.0869698524475098,2.6135940551757812
SK-46,SK-46.jpg,9,-1.1384384632110596,0.739443302154541
SK-47,SK-47.jpg,2,-2.8572983741760254,-0.5863692760467529
SK-48,SK-48.jpg,3,1.2073795795440674,-0.961122453212738
SK-49,SK-49.jpg,1,5.260819911956787,4.706396102905273
SK-50,SK-50.jpg,9,-1.4254177808761597,-1.989831805229187
SL-1,SL-1.jpg,1,8.01160717010498,8.297713279724121
SL-2,SL-2.jpg,1,8.457603454589844,4.329098701477051
SL-3,SL-3.jpg,4,3.9453372955322266,6.392509460449219
SL-4,SL-4.jpg,0,3.623020648956299,-4.90882682800293
SL-5,SL-5.jpg,5,0.6090441346168518,-1.005392074584961
SL-6,SL-6.jpg,1,9.82612133026123,5.979773998260498
SL-7,SL-7.jpg,9,-1.3164886236190796,1.0593150854110718
SL-8,SL-8.jpg,7,9.084467887878418,-0.821041464805603
SL-9,SL-9.jpg,6,-7.4015984535217285,1.764072060585022
SL-10,SL-10.jpg,1,7.407908916473389,3.730010747909546
SL-11,SL-11.jpg,8,-1.037415862083435,7.4528045654296875
SL-12,SL-12.jpg,7,7.738025665283203,-0.32316091656684875
SL-13,SL-13.jpg,2,-4.581696033477783,3.656256914138794
SL-14,SL-14.jpg,8,-0.020468207076191902,8.558757781982422
SL-15,SL-15.jpg,4,4.096081256866455,4.285495758056641
SL-16,SL-16.jpg,4,3.078721761703491,1.2923212051391602
SL-17,SL-17.jpg,1,5.075664043426514,7.474447727203369
SL-18,SL-18.jpg,7,4.707156181335449,-0.7975053787231445
SL-19,SL-19.jpg,8,-1.7601475715637207,4.084803581237793
SL-20,SL-20.jpg,7,6.358483791351318,-0.4144921898841858
SL-21,SL-21.jpg,8,-5.110320091247559,2.821418285369873
SL-22,SL-22.jpg,1,8.580795288085938,5.420791149139404
SL-23,SL-23.jpg,4,2.9365181922912598,1.1470953226089478
SL-24,SL-24.jpg,6,-3.065905809402466,5.841094493865967
SL-25,SL-25.jpg,9,2.362307071685791,-1.996501088142395
SL-26,SL-26.jpg,10,-7.43638277053833,5.934360980987549
SL-27,SL-27.jpg,6,-6.999755382537842,0.9232466816902161
SL-28,SL-28.jpg,7,6.84299898147583,-2.312011241912842
SL-29,SL-29.jpg,9,-0.7477613091468811,-2.069863796234131
SL-30,SL-30.jpg,6,-2.985762119293213,9.53604793548584
SL-31,SL-31.jpg,8,-4.382704257965088,3.988646984100342
SL-32,SL-32.jpg,6,-7.386445045471191,4.308629512786865
SL-33,SL-33.jpg,1,5.322584629058838,3.596067190170288
SL-34,SL-34.jpg,4,3.8603646755218506,6.853193283081055
SL-35,SL-35.jpg,4,4.327389717102051,1.3882992267608643
SL-36,SL-36.jpg,4,5.624901294708252,1.6108952760696411
SL-37,SL-37.jpg,8,0.876488983631134,6.5618743896484375
SL-38,SL-38.jpg,9,0.8087505102157593,-2.339890718460083
SL-39,SL-39.jpg,4,5.371312618255615,2.036799192428589
SL-40,SL-40.jpg,7,5.095295429229736,1.9148257970809937
SL-41,SL-41.jpg,3,-3.1234655380249023,-2.572774648666382
SL-42,SL-42.jpg,1,8.91848373413086,5.018486976623535
SL-43,SL-43.jpg,8,-2.474059581756592,4.167531490325928
SL-44,SL-44.jpg,6,-6.598288536071777,4.656269550323486
SL-45,SL-45.jpg,11,-4.702969551086426,-4.356626033782959
SL-46,SL-46.jpg,9,0.8633570671081543,-0.6674937009811401
SL-47,SL-47.jpg,4,2.1786437034606934,4.574085712432861
SL-48,SL-48.jpg,4,5.621596336364746,1.6555547714233398
SL-49,SL-49.jpg,9,-1.3112373352050781,1.0938969850540161
SL-50,SL-50.jpg,0,4.752416133880615,-4.802796840667725
SM-1,SM-1.jpg,11,-3.440039873123169,-4.229605197906494
SM-2,SM-2.jpg,9,-1.258948802947998,-0.7060615420341492
SM-3,SM-3.jpg,0,0.18241067230701447,-2.8785998821258545
SM-4,SM-4.jpg,3,-3.2923567295074463,-0.2644461393356323
SM-5,SM-5.jpg,8,-0.37091192603111267,3.6140427589416504
SM-6,SM-6.jpg,7,7.091601848602295,-2.211425542831421
SM-7,SM-7.jpg,4,5.8586297035217285,3.308382272720337
SM-8,SM-8.jpg,9,-0.4439448416233063,-2.777372360229492
SM-9,SM-9.jpg,9,-1.2543954849243164,0.8465265035629272
SM-10,SM-10.jpg,5,2.1110916137695312,-3.8705756664276123
SM-11,SM-11.jpg,5,-1.6280115842819214,-0.5198692083358765
SM-12,SM-12.jpg,8,-0.38204559683799744,0.8327039480209351
SM-13,SM-13.jpg,9,1.7725831270217896,0.4274504780769348
SM-14,SM-14.jpg,8,-0.6888236999511719,0.731550395488739
SM-15,SM-15.jpg,1,8.26744556427002,3.7680609226226807
SM-16,SM-16.jpg,4,5.8586297035217285,3.308382272720337
SM-17,SM-17.jpg,2,-5.167337417602539,-2.579216957092285
SM-18,SM-18.jpg,0,0.18241067230701447,-2.8785998821258545
SM-19,SM-19.jpg,6,-7.50507926940918,1.8643745183944702
SM-20,SM-20.jpg,0,2.6663002967834473,-3.1688547134399414
SM-21,SM-21.jpg,8,-3.4831926822662354,3.7942347526550293
SM-22,SM-22.jpg,2,-5.469354152679443,-0.3558078706264496
SM-23,SM-23.jpg,5,0.7108007073402405,-1.744317889213562
SM-24,SM-24.jpg,6,-6.8555989265441895,0.784702718257904
SM-25,SM-25.jpg,4,2.7090227603912354,4.408657073974609
SM-26,SM-26.jpg,3,-1.6768746376037598,3.169699192047119
SM-27,SM-27.jpg,8,-4.26244592666626,2.0470118522644043
SM-28,SM-28.jpg,8,-2.0242955684661865,1.941728115081787
SM-29,SM-29.jpg,4,1.2880361080169678,2.0775978565216064
SM-30,SM-30.jpg,4,6.081547260284424,2.1820216178894043
SM-31,SM-31.jpg,4,3.2211081981658936,5.223593235015869
SM-32,SM-32.jpg,4,5.831045627593994,1.8341745138168335
SM-33,SM-33.jpg,6,-4.751102924346924,1.8049793243408203
SM-34,SM-34.jpg,6,-7.034529209136963,3.7219042778015137
SM-35,SM-35.jpg,9,1.2449451684951782,0.2695561647415161
SM-36,SM-36.jpg,0,2.957911968231201,-5.254733562469482
SM-37,SM-37.jpg,9,0.7433199286460876,0.15873557329177856
SM-38,SM-38.jpg,6,-5.090723037719727,7.828528881072998
SM-39,SM-39.jpg,6,-6.503577709197998,2.1922781467437744
SM-40,SM-40.jpg,9,1.7505450248718262,1.2909855842590332
SM-41,SM-41.jpg,9,-0.35143157839775085,-1.7684605121612549
SM-42,SM-42.jpg,9,-0.8867508769035339,-1.8714358806610107
SM-43,SM-43.jpg,7,6.606666564941406,-0.17041762173175812
SM-44,SM-44.jpg,6,-5.6354241371154785,3.223952054977417
SM-45,SM-45.jpg,9,-1.3386346101760864,0.745028555393219
SM-46,SM-46.jpg,10,-5.177120208740234,4.694955348968506
SM-47,SM-47.jpg,2,-3.721172332763672,0.7281654477119446
SM-48,SM-48.jpg,6,-5.947077751159668,4.223511219024658
SM-49,SM-49.jpg,9,-0.4409545063972473,0.6288392543792725
SM-50,SM-50.jpg,9,-2.2472496032714844,-1.5906918048858643
SN-1,SN-1.jpg,1,8.23420524597168,1.945757508277893
SN-2,SN-2.jpg,11,-2.437309980392456,-3.8127357959747314
SN-3,SN-3.jpg,8,-3.1607000827789307,0.6243530511856079
SN-4,SN-4.jpg,7,6.0848541259765625,-3.6333768367767334
SN-5,SN-5.jpg,7,7.69209623336792,2.3071987628936768
SN-6,SN-6.jpg,2,-5.181710243225098,-2.553084135055542
SN-7,SN-7.jpg,0,1.8848479986190796,-7.0209174156188965
SN-8,SN-8.jpg,9,-2.1620163917541504,-1.0833522081375122
SN-9,SN-9.jpg,9,-0.9558786153793335,-1.9646109342575073
SN-10,SN-10.jpg,3,-2.8292176723480225,-2.630293607711792
SN-11,SN-11.jpg,0,1.4170165061950684,-3.4097561836242676
SN-12,SN-12.jpg,9,-1.624579906463623,-1.8779094219207764
SN-13,SN-13.jpg,6,-4.596848011016846,1.103873372077942
SN-14,SN-14.jpg,11,1.7798665761947632,-5.4954833984375
SN-15,SN-15.jpg,4,3.3755903244018555,0.7886549830436707
SN-16,SN-16.jpg,2,-3.4861695766448975,-1.7127341032028198
SN-17,SN-17.jpg,9,0.230892151594162,0.3030638098716736
SN-18,SN-18.jpg,9,0.4926055669784546,-3.8225767612457275
SN-19,SN-19.jpg,7,8.506434440612793,3.797795534133911
SN-20,SN-20.jpg,9,-0.7920252680778503,-3.7597835063934326
SN-21,SN-21.jpg,3,-0.7706142663955688,-1.0657398700714111
SN-22,SN-22.jpg,2,-7.594851016998291,-1.4975484609603882
SN-23,SN-23.jpg,2,-5.181710243225098,-2.553084135055542
SN-24,SN-24.jpg,8,-1.6835135221481323,7.053092002868652
SN-25,SN-25.jpg,0,3.2644758224487305,-3.2506353855133057
SN-26,SN-26.jpg,4,2.0958268642425537,-0.10090608149766922
SN-27,SN-27.jpg,4,3.85512113571167,3.7882771492004395
SN-28,SN-28.jpg,5,-2.230100154876709,-0.3065938353538513
SN-29,SN-29.jpg,3,-0.8429994583129883,-1.8262264728546143
SN-30,SN-30.jpg,3,2.871330499649048,-2.1908328533172607
SN-31,SN-31.jpg,8,-1.0761992931365967,3.927718162536621
SN-32,SN-32.jpg,4,3.247547149658203,6.446309566497803
SN-33,SN-33.jpg,4,3.892213821411133,1.8464710712432861
SN-34,SN-34.jpg,3,1.6930943727493286,-5.018546104431152
SN-35,SN-35.jpg,7,6.475308895111084,-3.032848358154297
SN-36,SN-36.jpg,7,4.036209583282471,1.4343887567520142
SN-37,SN-37.jpg,2,-4.904465675354004,-0.32345911860466003
SN-38,SN-38.jpg,2,-2.598860025405884,0.6003296375274658
SN-39,SN-39.jpg,11,-2.637050151824951,-3.0613770484924316
SN-40,SN-40.jpg,4,6.481943607330322,0.9886242151260376
SN-41,SN-41.jpg,7,8.881122589111328,-2.110255479812622
SN-42,SN-42.jpg,9,-1.8041741847991943,-2.2941548824310303
SN-43,SN-43.jpg,2,-5.181710243225098,-2.553084135055542
SN-44,SN-44.jpg,2,-4.15261697769165,-2.4703574180603027
SN-45,SN-45.jpg,1,5.111566066741943,7.2561445236206055
SN-46,SN-46.jpg,2,-5.007026672363281,-3.9715359210968018
SN-47,SN-47.jpg,9,1.0486209392547607,-2.9797332286834717
SN-48,SN-48.jpg,3,-0.4926348924636841,-3.268111228942871
SN-49,SN-49.jpg,2,-3.2819271087646484,-1.093544840812683
SN-50,SN-50.jpg,7,5.205280780792236,6.357847213745117
SR-1,SR-1.jpg,5,3.7457051277160645,-0.767464816570282
SR-2,SR-2.jpg,3,-2.7140934467315674,-1.3388078212738037
SR-3,SR-3.jpg,11,-2.0792391300201416,-2.521016836166382
SR-4,SR-4.jpg,8,-1.1631207466125488,2.0978925228118896
SR-5,SR-5.jpg,2,-4.571642875671387,-2.4760003089904785
SR-6,SR-6.jpg,8,0.6368251442909241,1.33560049533844
SR-7,SR-7.jpg,4,5.342999458312988,-0.6741768717765808
SR-8,SR-8.jpg,0,1.7307977676391602,-6.394652843475342
SR-9,SR-9.jpg,8,-4.510528564453125,1.1803146600723267
SR-10,SR-10.jpg,5,3.553907871246338,-2.627958297729492
SR-11,SR-11.jpg,4,2.533966064453125,2.077096700668335
SR-12,SR-12.jpg,8,-1.3749905824661255,0.9172194004058838
SR-13,SR-13.jpg,9,-1.1942262649536133,-2.5555028915405273
SR-14,SR-14.jpg,9,-2.78204083442688,-0.1570967733860016
SR-15,SR-15.jpg,8,-1.9510765075683594,4.494872570037842
SR-16,SR-16.jpg,4,6.290851593017578,4.037137031555176
SR-17,SR-17.jpg,2,-3.1006736755371094,0.5495729446411133
SR-18,SR-18.jpg,9,0.08481927961111069,0.279924601316452
SR-19,SR-19.jpg,6,-5.718245506286621,4.360039710998535
SR-20,SR-20.jpg,4,6.029230117797852,1.4009085893630981
SR-21,SR-21.jpg,3,-1.916168451309204,-0.0738941878080368
SR-22,SR-22.jpg,0,1.355603575706482,-4.93400239944458
SR-23,SR-23.jpg,10,-2.644176483154297,4.769715785980225
SR-24,SR-24.jpg,10,-5.736567497253418,6.02968692779541
SR-25,SR-25.jpg,5,2.9937047958374023,0.2714520990848541
SR-26,SR-26.jpg,7,4.997114181518555,-1.343855619430542
SR-27,SR-27.jpg,8,-1.3640486001968384,8.76981258392334
SR-28,SR-28.jpg,6,-6.212436199188232,2.850325584411621
SR-29,SR-29.jpg,9,-0.1823919415473938,0.1924256831407547
SR-30,SR-30.jpg,3,0.5312699675559998,-2.7120890617370605
SR-31,SR-31.jpg,9,-0.019251756370067596,-0.8372097015380859
SR-32,SR-32.jpg,3,-3.0201027393341064,0.8917266130447388
SR-33,SR-33.jpg,9,-0.39065051078796387,-1.6379928588867188
SR-34,SR-34.jpg,4,5.8467583656311035,-0.3089432716369629
SR-35,SR-35.jpg,9,-2.1684353351593018,-1.685788869857788
SR-36,SR-36.jpg,7,5.1190690994262695,-0.6201337575912476
SR-37,SR-37.jpg,3,-3.6009373664855957,0.5311336517333984
SR-38,SR-38.jpg,5,0.6922799348831177,-2.51178240776062
SR-39,SR-39.jpg,9,1.405190348625183,-3.155582904815674
SR-40,SR-40.jpg,9,-0.9765317440032959,-2.338747978210449
SR-41,SR-41.jpg,4,4.971137523651123,0.5624475479125977
SR-42,SR-42.jpg,4,1.3738428354263306,5.051095485687256
SR-43,SR-43.jpg,2,-4.176595211029053,0.36786511540412903
SR-44,SR-44.jpg,6,-4.746982574462891,4.981278896331787
SR-45,SR-45.jpg,3,-2.5337624549865723,-0.15033665299415588
SR-46,SR-46.jpg,0,2.8885388374328613,-6.319438934326172
SR-47,SR-47.jpg,8,-1.6219351291656494,1.6270312070846558
SR-48,SR-48.jpg,0,3.5673885345458984,-3.7688426971435547
SR-49,SR-49.jpg,9,-1.3458280563354492,-2.0145764350891113
SR-50,SR-50.jpg,2,-2.7625904083251953,-2.233680486679077
ST-1,ST-1.jpg,4,3.209559202194214,6.8452348709106445
ST-2,ST-2.jpg,4,2.536320924758911,4.281612873077393
ST-3,ST-3.jpg,9,2.135399103164673,1.402884840965271
ST-4,ST-4.jpg,4,3.494166135787964,0.7096040844917297
ST-5,ST-5.jpg,2,-2.2105393409729004,0.833381175994873
ST-6,ST-6.jpg,9,1.6995861530303955,-2.262410879135132
ST-7,ST-7.jpg,4,0.1001754030585289,2.8787105083465576
ST-8,ST-8.jpg,6,-6.009896755218506,3.3920371532440186
ST-9,ST-9.jpg,2,-5.408127784729004,-1.7147109508514404
ST-10,ST-10.jpg,9,-0.3103049397468567,-0.7904794216156006
ST-11,ST-11.jpg,4,0.8943104147911072,7.894778251647949
ST-12,ST-12.jpg,2,-5.630126953125,0.9330185651779175
ST-13,ST-13.jpg,9,2.3157052993774414,-0.40766218304634094
ST-14,ST-14.jpg,4,2.2862095832824707,0.5370475649833679
ST-15,ST-15.jpg,11,-1.6387919187545776,-4.975484848022461
ST-16,ST-16.jpg,4,2.1242728233337402,6.457947254180908
ST-17,ST-17.jpg,4,0.5165409445762634,2.6794445514678955
ST-18,ST-18.jpg,0,5.01288366317749,-4.440745830535889
ST-19,ST-19.jpg,2,-4.4062628746032715,-1.0250897407531738
ST-20,ST-20.jpg,4,-0.4656658172607422,4.438810348510742
ST-21,ST-21.jpg,3,-2.9575276374816895,-0.20459382236003876
ST-22,ST-22.jpg,4,3.243659496307373,2.8487353324890137
ST-23,ST-23.jpg,1,7.043239593505859,5.133086204528809
ST-24,ST-24.jpg,7,6.598585605621338,-0.3464497923851013
ST-25,ST-25.jpg,4,0.1508265733718872,5.1209492683410645
ST-26,ST-26.jpg,7,6.1062912940979,-0.5120646357536316
ST-27,ST-27.jpg,4,2.1015048027038574,4.720798492431641
ST-28,ST-28.jpg,0,3.691136360168457,-2.3923051357269287
ST-29,ST-29.jpg,1,7.626901626586914,2.5312113761901855
ST-30,ST-30.jpg,1,9.28729248046875,2.4033994674682617
ST-31,ST-31.jpg,2,-3.991614818572998,-0.2753896713256836
ST-32,ST-32.jpg,4,3.150125741958618,4.721490859985352
ST-33,ST-33.jpg,8,-4.280947208404541,1.0704894065856934
ST-34,ST-34.jpg,3,-4.167877674102783,3.8392863273620605
ST-35,ST-35.jpg,0,1.1919654607772827,-3.488044500350952
ST-36,ST-36.jpg,4,3.767547369003296,3.0794878005981445
ST-37,ST-37.jpg,4,4.736820697784424,4.8541388511657715
ST-38,ST-38.jpg,8,-4.560706615447998,3.666876792907715
ST-39,ST-39.jpg,11,-2.5317866802215576,-4.3937883377075195
ST-40,ST-40.jpg,3,-0.9246668219566345,1.939809799194336
ST-41,ST-41.jpg,11,-6.847533702850342,-9.793052673339844
ST-42,ST-42.jpg,6,-6.30165958404541,3.166480302810669
ST-43,ST-43.jpg,0,6.100825309753418,-3.41235613822937
ST-44,ST-44.jpg,4,4.294355869293213,4.207900524139404
ST-45,ST-45.jpg,11,-2.281235456466675,-8.487951278686523
ST-46,ST-46.jpg,5,1.370684266090393,-0.8019911050796509
ST-47,ST-47.jpg,9,3.442845106124878,-1.3519896268844604
ST-48,ST-48.jpg,5,5.025166988372803,-0.9753163456916809
ST-49,ST-49.jpg,9,-0.9694210290908813,-0.23489665985107422
ST-50,ST-50.jpg,4,5.207584857940674,2.188657522201538
SV-1,SV-1.jpg,8,0.38087916374206543,4.2899556159973145
SV-2,SV-2.jpg,6,-6.492852210998535,4.1147990226745605
SV-3,SV-3.jpg,6,-5.3751935958862305,-0.15835824608802795
SV-4,SV-4.jpg,8,-1.5401235818862915,5.885610580444336
SV-5,SV-5.jpg,6,-6.070427417755127,4.829362869262695
SV-6,SV-6.jpg,8,-3.8577497005462646,0.7269911170005798
SV-7,SV-7.jpg,11,-4.531976222991943,-1.8206617832183838
SV-8,SV-8.jpg,8,-0.5779618620872498,4.723101615905762
SV-9,SV-9.jpg,11,-1.0485193729400635,-2.9466404914855957
SV-10,SV-10.jpg,2,-3.0867133140563965,-0.758424699306488
SV-11,SV-11.jpg,9,1.142048954963684,-2.76655912399292
SV-12,SV-12.jpg,10,-2.624610185623169,9.383913040161133
SV-13,SV-13.jpg,9,-1.0294157266616821,-1.43495512008667
SV-14,SV-14.jpg,6,-4.310093402862549,3.0851714611053467
SV-15,SV-15.jpg,4,2.994141101837158,1.4663875102996826
SV-16,SV-16.jpg,4,2.4847235679626465,1.1029627323150635
SV-17,SV-17.jpg,3,0.5672747492790222,-0.21890100836753845
SV-18,SV-18.jpg,0,4.888676166534424,-4.617321014404297
SV-19,SV-19.jpg,6,-5.603743553161621,3.368887186050415
SV-20,SV-20.jpg,9,1.7155977487564087,-0.37707239389419556
SV-21,SV-21.jpg,11,-2.5418965816497803,-3.7805254459381104
SV-22,SV-22.jpg,6,-4.310093402862549,3.0851714611053467
SV-23,SV-23.jpg,9,-1.5375996828079224,-0.5739718675613403
SV-24,SV-24.jpg,2,-3.2225072383880615,0.32996314764022827
SV-25,SV-25.jpg,0,6.371464729309082,-2.369894027709961
SV-26,SV-26.jpg,6,-6.326519012451172,5.508295059204102
SV-27,SV-27.jpg,3,-1.6541261672973633,-4.80715799331665
SV-28,SV-28.jpg,8,-1.611934781074524,3.755028486251831
SV-29,SV-29.jpg,2,-5.170382499694824,-0.33330342173576355
SV-30,SV-30.jpg,5,-1.038375735282898,1.8337281942367554
SV-31,SV-31.jpg,9,-0.36505478620529175,-2.197662830352783
SV-32,SV-32.jpg,4,1.7467734813690186,0.6762033104896545
SV-33,SV-33.jpg,5,-2.3138651847839355,-2.6523680686950684
SV-34,SV-34.jpg,2,-3.0715062618255615,-2.631978988647461
SV-35,SV-35.jpg,5,0.662598729133606,-0.35370901226997375
SV-36,SV-36.jpg,5,0.3834932744503021,0.7086707949638367
SV-37,SV-37.jpg,0,3.067633867263794,-3.3224031925201416
SV-38,SV-38.jpg,9,0.12595264613628387,-0.07223911583423615
SV-39,SV-39.jpg,3,0.1892593801021576,-1.5388305187225342
SV-40,SV-40.jpg,7,3.4231204986572266,0.15566343069076538
SV-41,SV-41.jpg,2,-3.228325128555298,-2.5981366634368896
SV-42,SV-42.jpg,5,0.10121355205774307,0.145891934633255
SV-43,SV-43.jpg,9,0.7040643692016602,0.9832944869995117
SV-44,SV-44.jpg,9,2.27227783203125,-1.5447256565093994
SV-45,SV-45.jpg,2,-1.5464954376220703,-0.3336397111415863
SV-46,SV-46.jpg,4,2.5335237979888916,2.109163284301758
SV-47,SV-47.jpg,3,0.5498974323272705,-0.9180042147636414
SV-48,SV-48.jpg,9,2.1329822540283203,0.5379048585891724
SV-49,SV-49.jpg,11,-0.0009100519237108529,-6.394211769104004
SV-50,SV-50.jpg,2,-1.6372722387313843,-1.0700736045837402
SX-1,SX-1.jpg,7,3.253704071044922,-0.9601002931594849
SX-2,SX-2.jpg,5,-2.029069185256958,0.19395393133163452
SX-3,SX-3.jpg,9,-0.2801276445388794,-2.8174431324005127
SX-4,SX-4.jpg,4,7.017780780792236,7.030133247375488
SX-5,SX-5.jpg,9,0.968437135219574,-3.910602331161499
SX-6,SX-6.jpg,9,-1.3972910642623901,-0.8703134059906006
SX-7,SX-7.jpg,9,-2.4815008640289307,-0.9459426403045654
SX-8,SX-8.jpg,9,-0.7232601642608643,-2.454596519470215
SX-9,SX-9.jpg,5,-1.3629907369613647,-4.32574462890625
SX-10,SX-10.jpg,0,3.8600401878356934,-3.4029600620269775
SX-11,SX-11.jpg,5,1.3912978172302246,0.4495629072189331
SX-12,SX-12.jpg,8,-1.612311840057373,0.5375553369522095
SX-13,SX-13.jpg,0,5.708436012268066,-9.779550552368164
SX-14,SX-14.jpg,9,1.8246668577194214,-1.6523678302764893
SX-15,SX-15.jpg,5,1.066521406173706,0.8453952670097351
SX-16,SX-16.jpg,5,-1.2689862251281738,-5.291575908660889
SX-17,SX-17.jpg,11,-4.34621000289917,-4.639908313751221
SX-18,SX-18.jpg,4,2.053471326828003,1.34797203540802
SX-19,SX-19.jpg,4,4.795312881469727,1.7471330165863037
SX-20,SX-20.jpg,11,-0.19573688507080078,-3.49704647064209
SX-21,SX-21.jpg,11,-2.4380910396575928,-3.77789044380188
SX-22,SX-22.jpg,5,2.0677483081817627,-0.8337473273277283
SX-23,SX-23.jpg,5,0.5161316990852356,1.5411598682403564
SX-24,SX-24.jpg,8,0.8569472432136536,4.84585428237915
SX-25,SX-25.jpg,10,0.5506353974342346,11.396889686584473
SX-26,SX-26.jpg,5,1.3449221849441528,-2.665372848510742
SX-27,SX-27.jpg,11,-1.8361963033676147,-3.0839056968688965
SX-28,SX-28.jpg,5,-1.2689862251281738,-5.291575908660889
SX-29,SX-29.jpg,3,-3.6623051166534424,1.7163126468658447
SX-30,SX-30.jpg,5,0.5161316990852356,1.5411598682403564
SX-31,SX-31.jpg,7,4.381245136260986,-1.636578917503357
SX-32,SX-32.jpg,5,1.164560079574585,0.44623395800590515
SX-33,SX-33.jpg,8,-0.1485973596572876,4.227911472320557
SX-34,SX-34.jpg,5,-1.2689862251281738,-5.291575908660889
SX-35,SX-35.jpg,11,-1.5619663000106812,-1.6568814516067505
SX-36,SX-36.jpg,7,3.1417386531829834,0.7727697491645813
SX-37,SX-37.jpg,0,3.3393666744232178,-4.29088020324707
SX-38,SX-38.jpg,0,1.6658909320831299,-4.2662811279296875
SX-39,SX-39.jpg,9,-0.8425254225730896,-1.142970323562622
SX-40,SX-40.jpg,8,0.8621190190315247,3.225412130355835
SX-41,SX-41.jpg,2,-2.2548844814300537,-2.9744489192962646
SX-42,SX-42.jpg,4,2.334315538406372,3.801774263381958
SX-43,SX-43.jpg,11,-1.5037137269973755,-4.334069728851318
SX-44,SX-44.jpg,11,-1.9716107845306396,-3.6065361499786377
SX-45,SX-45.jpg,11,-1.737192153930664,-2.834775686264038
SX-46,SX-46.jpg,7,4.026847839355469,-1.646612286567688
SX-47,SX-47.jpg,4,6.4466094970703125,1.2974272966384888
SX-48,SX-48.jpg,9,1.8132307529449463,0.3437950015068054
SX-49,SX-49.jpg,6,-5.2404069900512695,1.2729133367538452
SX-50,SX-50.jpg,10,-3.600794553756714,8.714653015136719
SY-1,SY-1.jpg,8,-2.9699809551239014,4.605564594268799
SY-2,SY-2.jpg,7,4.406393051147461,0.43673840165138245
SY-3,SY-3.jpg,4,4.393558979034424,3.7924599647521973
SY-4,SY-4.jpg,7,4.971812725067139,0.8006874322891235
SY-5,SY-5.jpg,7,4.288496494293213,-0.7191638946533203
SY-6,SY-6.jpg,7,9.268856048583984,-0.626501202583313
SY-7,SY-7.jpg,3,2.0051987171173096,-2.281508445739746
SY-8,SY-8.jpg,4,2.0226564407348633,6.587246417999268
SY-9,SY-9.jpg,6,-5.401230335235596,2.8771111965179443
SY-10,SY-10.jpg,3,-1.0143156051635742,-1.63276207447052
SY-11,SY-11.jpg,9,0.7849003076553345,-2.151759147644043
SY-12,SY-12.jpg,7,4.689572334289551,-0.2082320898771286
SY-13,SY-13.jpg,8,-3.6128427982330322,0.70408034324646
SY-14,SY-14.jpg,6,-2.4341204166412354,7.160794258117676
SY-15,SY-15.jpg,10,-6.687968730926514,4.689391136169434
SY-16,SY-16.jpg,7,4.514543056488037,-1.1947054862976074
SY-17,SY-17.jpg,11,-3.0237817764282227,-2.698802947998047
SY-18,SY-18.jpg,11,-0.7661555409431458,-8.516524314880371
SY-19,SY-19.jpg,9,1.3150488138198853,-1.9352504014968872
SY-20,SY-20.jpg,4,4.646938800811768,3.051299571990967
SY-21,SY-21.jpg,10,-1.1006354093551636,6.173028945922852
SY-22,SY-22.jpg,6,-5.446741104125977,3.507112741470337
SY-23,SY-23.jpg,4,2.960899591445923,2.1481828689575195
SY-24,SY-24.jpg,4,3.318049907684326,1.0479398965835571
SY-25,SY-25.jpg,11,-3.3528332710266113,-6.891737461090088
SY-26,SY-26.jpg,2,-5.018191337585449,-1.5620688199996948
SY-27,SY-27.jpg,6,-7.988954544067383,4.016137599945068
SY-28,SY-28.jpg,9,-1.4467763900756836,-0.24393771588802338
SY-29,SY-29.jpg,3,-0.17899620532989502,-0.1605362743139267
SY-30,SY-30.jpg,4,2.815936803817749,2.127512216567993
SY-31,SY-31.jpg,1,8.08091926574707,1.4931344985961914
SY-32,SY-32.jpg,6,-9.657601356506348,4.155862331390381
SY-33,SY-33.jpg,2,-3.0516743659973145,0.7871254682540894
SY-34,SY-34.jpg,6,-5.106686592102051,-0.30662527680397034
SY-35,SY-35.jpg,9,-1.3601453304290771,0.4317939877510071
SY-36,SY-36.jpg,2,-6.3664398193359375,-1.9757922887802124
SY-37,SY-37.jpg,9,2.5509116649627686,-0.8199453949928284
SY-38,SY-38.jpg,4,2.314305067062378,4.883817672729492
SY-39,SY-39.jpg,8,0.12290064245462418,6.485413551330566
SY-40,SY-40.jpg,6,-6.095540523529053,1.472963809967041
SY-41,SY-41.jpg,9,-0.9452373385429382,0.8050844073295593
SY-42,SY-42.jpg,9,1.2557417154312134,-2.660712242126465
SY-43,SY-43.jpg,4,3.269258499145508,2.7381339073181152
SY-44,SY-44.jpg,1,6.026989936828613,9.284372329711914
SY-45,SY-45.jpg,7,4.194583415985107,-1.259466528892517
SY-46,SY-46.jpg,9,3.559674024581909,-2.4657604694366455
SY-47,SY-47.jpg,11,0.0015238529304042459,-3.4885342121124268
SY-48,SY-48.jpg,6,-5.458535671234131,3.500401258468628
SY-49,SY-49.jpg,9,0.1978200227022171,0.38140371441841125
SY-50,SY-50.jpg,3,-2.9007318019866943,-2.2279810905456543
TC-1,TC-1.jpg,9,1.3748775720596313,-0.36094263195991516
TC-2,TC-2.jpg,7,4.285530090332031,1.1409064531326294
TC-3,TC-3.jpg,4,4.078975200653076,2.246361494064331
TC-4,TC-4.jpg,11,-2.806467056274414,-5.759471893310547
TC-5,TC-5.jpg,5,0.22436445951461792,1.903260588645935
TC-6,TC-6.jpg,5,2.1811838150024414,4.428246021270752
TC-7,TC-7.jpg,7,8.197929382324219,-1.468019962310791
TC-8,TC-8.jpg,1,6.14091682434082,5.224407196044922
TC-9,TC-9.jpg,11,-0.16427157819271088,-3.9163923263549805
TC-10,TC-10.jpg,0,3.548797130584717,-7.459798336029053
TC-11,TC-11.jpg,0,3.9390642642974854,-7.472318172454834
TC-12,TC-12.jpg,0,6.353647232055664,-9.647186279296875
TC-13,TC-13.jpg,0,2.7090208530426025,-3.416879653930664
TC-14,TC-14.jpg,5,-0.2005327194929123,3.3549892902374268
TC-15,TC-15.jpg,2,-2.5425758361816406,-0.33994925022125244
TC-16,TC-16.jpg,5,0.1579388529062271,-1.3304083347320557
TC-17,TC-17.jpg,0,3.2240185737609863,-3.758157253265381
TC-18,TC-18.jpg,1,8.499500274658203,4.224860191345215
TC-19,TC-19.jpg,8,-0.06322537362575531,2.379908323287964
TC-20,TC-20.jpg,0,4.7331976890563965,-3.5271716117858887
TC-21,TC-21.jpg,8,-2.3914506435394287,6.546872138977051
TC-22,TC-22.jpg,7,4.330735683441162,-2.3769402503967285
TC-23,TC-23.jpg,7,8.47378921508789,-0.05674777179956436
TC-24,TC-24.jpg,9,0.9134210348129272,-0.8278875946998596
TC-25,TC-25.jpg,7,5.6286139488220215,-2.234933614730835
TC-26,TC-26.jpg,2,-4.873515605926514,2.5425031185150146
TC-27,TC-27.jpg,5,-2.9949357509613037,-4.887845516204834
TC-28,TC-28.jpg,9,-1.4807802438735962,0.14507803320884705
TC-29,TC-29.jpg,9,0.8412379622459412,0.8761059045791626
TC-30,TC-30.jpg,11,-1.4948623180389404,-5.972747802734375
TC-31,TC-31.jpg,11,-1.5530351400375366,-2.9446370601654053
TC-32,TC-32.jpg,11,-1.7485911846160889,-8.589641571044922
TC-33,TC-33.jpg,5,0.29628920555114746,-1.9355193376541138
TC-34,TC-34.jpg,4,5.132523536682129,3.557957410812378
TC-35,TC-35.jpg,0,0.8599713444709778,-3.7566816806793213
TC-36,TC-36.jpg,5,0.8736326098442078,-0.5817983150482178
TC-37,TC-37.jpg,9,-0.04120344668626785,0.036085113883018494
TC-38,TC-38.jpg,0,6.294654369354248,-7.666195392608643
TC-39,TC-39.jpg,4,1.7181214094161987,1.3736931085586548
TC-40,TC-40.jpg,11,-0.57305908203125,-7.811140537261963
TC-41,TC-41.jpg,11,-3.566840887069702,-3.8387503623962402
TC-42,TC-42.jpg,5,-1.1373045444488525,-1.5150794982910156
TC-43,TC-43.jpg,7,9.050323486328125,-0.1495113968849182
TC-44,TC-44.jpg,5,0.5742531418800354,0.9010908007621765
TC-45,TC-45.jpg,9,0.9669290781021118,-0.4206441044807434
TC-46,TC-46.jpg,4,4.264141082763672,1.6177098751068115
TC-47,TC-47.jpg,0,2.984231472015381,-4.526306629180908
TC-48,TC-48.jpg,11,-2.1241655349731445,-3.253309488296509
TC-49,TC-49.jpg,5,1.2060794830322266,0.5063400268554688
TC-50,TC-50.jpg,8,1.3871338367462158,7.180837154388428
TF-1,TF-1.jpg,2,-5.546884059906006,-5.29959774017334
TF-2,TF-2.jpg,4,4.561464309692383,3.9330894947052
TF-3,TF-3.jpg,3,2.449920892715454,0.10055413842201233
TF-4,TF-4.jpg,4,0.9610413312911987,1.9635988473892212
TF-5,TF-5.jpg,5,0.6656266450881958,-1.8365598917007446
TF-6,TF-6.jpg,4,2.0703580379486084,5.5451340675354
TF-7,TF-7.jpg,2,-5.643589019775391,2.260274648666382
TF-8,TF-8.jpg,8,-2.2485573291778564,5.9421820640563965
TF-9,TF-9.jpg,2,-4.469012260437012,-2.9565391540527344
TF-10,TF-10.jpg,7,6.522928714752197,-0.14269669353961945
TF-11,TF-11.jpg,6,-8.56345272064209,0.35470050573349
TF-12,TF-12.jpg,4,3.483602523803711,3.308892011642456
TF-13,TF-13.jpg,8,-1.821728229522705,3.3703742027282715
TF-14,TF-14.jpg,2,-4.580994129180908,-0.1540246605873108
TF-15,TF-15.jpg,8,-1.7103382349014282,7.012927055358887
TF-16,TF-16.jpg,7,7.5015435218811035,-1.4683390855789185
TF-17,TF-17.jpg,8,-3.6027145385742188,5.1601786613464355
TF-18,TF-18.jpg,4,0.8056674003601074,2.853710174560547
TF-19,TF-19.jpg,4,3.3271284103393555,4.503142833709717
TF-20,TF-20.jpg,11,-2.0487353801727295,-3.0882163047790527
TF-21,TF-21.jpg,10,-2.7509944438934326,5.94697904586792
TF-22,TF-22.jpg,11,-4.561446666717529,-1.7895667552947998
TF-23,TF-23.jpg,4,4.426254749298096,0.9089565873146057
TF-24,TF-24.jpg,4,7.23105001449585,2.568716526031494
TF-25,TF-25.jpg,6,-6.163630485534668,1.9149420261383057
TF-26,TF-26.jpg,2,-6.316376209259033,0.3492961525917053
TF-27,TF-27.jpg,7,4.506708145141602,1.2507480382919312
TF-28,TF-28.jpg,7,8.845475196838379,-1.1745728254318237
TF-29,TF-29.jpg,6,-4.769194602966309,4.01418399810791
TF-30,TF-30.jpg,1,9.646065711975098,3.3514320850372314
TF-31,TF-31.jpg,10,-3.593052387237549,9.656785011291504
TF-32,TF-32.jpg,3,2.9154653549194336,1.678469181060791
TF-33,TF-33.jpg,10,-1.0378223657608032,11.247635841369629
TF-34,TF-34.jpg,8,-1.5897610187530518,3.820185899734497
TF-35,TF-35.jpg,0,4.799142837524414,-5.36655330657959
TF-36,TF-36.jpg,4,1.0013173818588257,1.5322433710098267
TF-37,TF-37.jpg,4,2.0675621032714844,1.9448435306549072
TF-38,TF-38.jpg,1,9.092018127441406,2.4788637161254883
TF-39,TF-39.jpg,4,2.787601947784424,7.741318702697754
TF-40,TF-40.jpg,2,-4.226509094238281,-1.3979958295822144
TF-41,TF-41.jpg,11,1.3582731485366821,-5.919313430786133
TF-42,TF-42.jpg,7,5.687412738800049,-0.032446615397930145
TF-43,TF-43.jpg,1,9.18586540222168,4.230117321014404
TF-44,TF-44.jpg,9,2.8691165447235107,0.3219834864139557
TF-45,TF-45.jpg,4,-0.03285713866353035,5.718842506408691
TF-46,TF-46.jpg,2,-5.069804668426514,-1.2618556022644043
TF-47,TF-47.jpg,8,-4.1259565353393555,5.5254693031311035
TF-48,TF-48.jpg,5,-3.5188920497894287,1.2463772296905518
TF-49,TF-49.jpg,8,-3.6603541374206543,4.479657173156738
TF-50,TF-50.jpg,8,-1.0166375637054443,3.289842367172241
TH-1,TH-1.jpg,11,-0.5118606090545654,-3.3760244846343994
TH-2,TH-2.jpg,5,-1.5626912117004395,-0.5323241353034973
TH-3,TH-3.jpg,0,2.111327648162842,-3.62678861618042
TH-4,TH-4.jpg,1,8.039769172668457,6.269624710083008
TH-5,TH-5.jpg,11,-2.339452028274536,-7.768268585205078
TH-6,TH-6.jpg,4,2.7480545043945312,1.4369902610778809
TH-7,TH-7.jpg,7,5.747537612915039,1.6153924465179443
TH-8,TH-8.jpg,1,5.465754508972168,9.05443000793457
TH-9,TH-9.jpg,1,10.260167121887207,4.018127918243408
TH-10,TH-10.jpg,9,3.586028814315796,-2.238189220428467
TH-11,TH-11.jpg,7,6.249454021453857,3.9745419025421143
TH-12,TH-12.jpg,2,-1.7384620904922485,-1.4199212789535522
TH-13,TH-13.jpg,8,-2.1713249683380127,3.9437811374664307
TH-14,TH-14.jpg,3,-5.096600532531738,1.0947061777114868
TH-15,TH-15.jpg,8,-1.5196603536605835,-0.03711520507931709
TH-16,TH-16.jpg,0,-0.13274028897285461,-4.830510139465332
TH-17,TH-17.jpg,9,1.8680061101913452,0.20464666187763214
TH-18,TH-18.jpg,2,-10.14695930480957,-1.4764564037322998
TH-19,TH-19.jpg,8,-4.284123420715332,1.4091248512268066
TH-20,TH-20.jpg,11,0.0467924103140831,-7.932407379150391
TH-21,TH-21.jpg,8,-2.4638259410858154,8.425378799438477
TH-22,TH-22.jpg,6,-8.401956558227539,3.28149676322937
TH-23,TH-23.jpg,9,1.8224319219589233,-0.08433271944522858
TH-24,TH-24.jpg,7,4.553100109100342,-2.264707088470459
TH-25,TH-25.jpg,10,-1.1986079216003418,12.427473068237305
TH-26,TH-26.jpg,7,8.651803970336914,0.19259026646614075
TH-27,TH-27.jpg,8,-1.688490390777588,2.573587417602539
TH-28,TH-28.jpg,4,6.262550354003906,1.4474101066589355
TH-29,TH-29.jpg,6,-5.224410057067871,1.14643394947052
TH-30,TH-30.jpg,9,1.2034660577774048,0.24660934507846832
TH-31,TH-31.jpg,8,-0.8691340088844299,4.842148303985596
TH-32,TH-32.jpg,4,3.742502212524414,0.5088683366775513
TH-33,TH-33.jpg,7,8.8654203414917,1.7258321046829224
TH-34,TH-34.jpg,7,9.121187210083008,2.9364676475524902
TH-35,TH-35.jpg,7,4.9258646965026855,-0.7725404500961304
TH-36,TH-36.jpg,3,0.428358793258667,1.3978722095489502
TH-37,TH-37.jpg,11,-2.292733907699585,-3.493687391281128
TH-38,TH-38.jpg,2,-4.122493267059326,3.1964573860168457
TH-39,TH-39.jpg,4,1.9714856147766113,1.6117128133773804
TH-40,TH-40.jpg,4,1.7439556121826172,1.7554904222488403
TH-41,TH-41.jpg,9,0.5852737426757812,0.11693526059389114
TH-42,TH-42.jpg,4,1.9835506677627563,4.351871967315674
TH-43,TH-43.jpg,4,3.697075605392456,3.504316806793213
TH-44,TH-44.jpg,10,-3.3847122192382812,7.288194179534912
TH-45,TH-45.jpg,4,4.415586948394775,0.01467838790267706
TH-46,TH-46.jpg,8,-2.273656129837036,1.7248787879943848
TH-47,TH-47.jpg,7,5.576077461242676,0.8396176695823669
TH-48,TH-48.jpg,9,-0.2595301568508148,0.2513369619846344
TH-49,TH-49.jpg,6,-4.207250595092773,2.8448140621185303
TH-50,TH-50.jpg,3,1.6535183191299438,-0.47951680421829224
TJ-1,TJ-1.jpg,10,-7.142625331878662,6.350825786590576
TJ-2,TJ-2.jpg,4,3.042315721511841,6.798079967498779
TJ-3,TJ-3.jpg,8,-3.7643418312072754,0.29863327741622925
TJ-4,TJ-4.jpg,3,1.0240507125854492,3.8113622665405273
TJ-5,TJ-5.jpg,10,-5.723779201507568,6.666640758514404
TJ-6,TJ-6.jpg,6,-7.747720241546631,6.1108622550964355
TJ-7,TJ-7.jpg,8,-4.128091335296631,4.561845779418945
TJ-8,TJ-8.jpg,10,-4.5692291259765625,5.646486282348633
TJ-9,TJ-9.jpg,10,-4.949746608734131,6.207221031188965
TJ-10,TJ-10.jpg,11,-3.5178022384643555,-3.74537992477417
TJ-11,TJ-11.jpg,8,-4.188121318817139,4.412751197814941
TJ-12,TJ-12.jpg,1,6.678803443908691,5.111819744110107
TJ-13,TJ-13.jpg,10,-3.089630603790283,11.257457733154297
TJ-14,TJ-14.jpg,8,-3.907453775405884,1.370959758758545
TJ-15,TJ-15.jpg,9,1.718895673751831,-1.2109466791152954
TJ-16,TJ-16.jpg,4,1.075100302696228,3.1947286128997803
TJ-17,TJ-17.jpg,11,-1.4322797060012817,-4.8211350440979
TJ-18,TJ-18.jpg,2,-4.492969989776611,-2.502734661102295
TJ-19,TJ-19.jpg,8,0.9160995483398438,5.100426197052002
TJ-20,TJ-20.jpg,7,4.69465970993042,-3.583550214767456
TJ-21,TJ-21.jpg,10,-4.734866619110107,1.7208349704742432
TJ-22,TJ-22.jpg,9,-0.962934136390686,-0.9790143370628357
TJ-23,TJ-23.jpg,10,-2.478633403778076,5.917755603790283
TJ-24,TJ-24.jpg,8,-4.355571269989014,0.3427726626396179
TJ-25,TJ-25.jpg,8,-3.199326276779175,3.523803234100342
TJ-26,TJ-26.jpg,11,-3.972449779510498,-5.333256721496582
TJ-27,TJ-27.jpg,4,3.9097166061401367,1.6710635423660278
TJ-28,TJ-28.jpg,10,-8.872314453125,5.733158588409424
TJ-29,TJ-29.jpg,9,-1.3626590967178345,0.3953072428703308
TJ-30,TJ-30.jpg,9,-0.5747705698013306,0.9712651968002319
TJ-31,TJ-31.jpg,0,1.7468708753585815,-5.732332229614258
TJ-32,TJ-32.jpg,2,-6.155052661895752,-1.5479118824005127
TJ-33,TJ-33.jpg,2,-6.929765701293945,-2.272934913635254
TJ-34,TJ-34.jpg,4,1.3158913850784302,3.766202211380005
TJ-35,TJ-35.jpg,3,-1.810105800628662,-0.2454184740781784
TJ-36,TJ-36.jpg,8,-4.670119285583496,5.526764869689941
TJ-37,TJ-37.jpg,4,0.8057927489280701,1.3940726518630981
TJ-38,TJ-38.jpg,4,3.3153727054595947,1.3603264093399048
TJ-39,TJ-39.jpg,8,-0.5360643267631531,2.320901393890381
TJ-40,TJ-40.jpg,4,2.344964027404785,5.260554313659668
TJ-41,TJ-41.jpg,1,9.224581718444824,5.794963836669922
TJ-42,TJ-42.jpg,11,-2.7327163219451904,-5.290765285491943
TJ-43,TJ-43.jpg,0,5.014044761657715,-6.099208354949951
TJ-44,TJ-44.jpg,11,0.13862523436546326,-7.565186023712158
TJ-45,TJ-45.jpg,8,-0.05378298461437225,6.2979865074157715
TJ-46,TJ-46.jpg,0,3.0956013202667236,-5.4203290939331055
TJ-47,TJ-47.jpg,2,-3.8097078800201416,-1.0728472471237183
TJ-48,TJ-48.jpg,4,4.6161065101623535,-0.4215928018093109
TJ-49,TJ-49.jpg,2,-2.8289318084716797,0.03623376041650772
TJ-50,TJ-50.jpg,10,-2.0564823150634766,5.176334381103516
TL-1,TL-1.jpg,2,-4.383514881134033,0.6164607405662537
TL-2,TL-2.jpg,0,4.071732997894287,-4.024648666381836
TL-3,TL-3.jpg,3,-2.016376256942749,-3.761129856109619
TL-4,TL-4.jpg,9,-0.27343854308128357,-2.6810812950134277
TL-5,TL-5.jpg,3,-1.611945390701294,-1.4984824657440186
TL-6,TL-6.jpg,8,1.4971240758895874,2.7907369136810303
TL-7,TL-7.jpg,3,-1.3118746280670166,-3.176065444946289
TL-8,TL-8.jpg,2,-2.3621039390563965,-0.1482285112142563
TL-9,TL-9.jpg,2,-8.304134368896484,-1.9582380056381226
TL-10,TL-10.jpg,2,-6.110986232757568,1.1499229669570923
TL-11,TL-11.jpg,2,-2.3621039390563965,-0.1482285112142563
TL-12,TL-12.jpg,3,-2.0008978843688965,1.3334918022155762
TL-13,TL-13.jpg,7,3.4637668132781982,0.08552312850952148
TL-14,TL-14.jpg,9,-0.2390332669019699,0.8841447830200195
TL-15,TL-15.jpg,8,-0.45174968242645264,1.090383768081665
TL-16,TL-16.jpg,11,-1.825192928314209,-5.900510311126709
TL-17,TL-17.jpg,3,-1.6861516237258911,1.356911063194275
TL-18,TL-18.jpg,4,1.0411155223846436,3.556882381439209
TL-19,TL-19.jpg,2,-4.276289939880371,-2.9261202812194824
TL-20,TL-20.jpg,7,3.4637668132781982,0.08552312850952148
TL-21,TL-21.jpg,3,-1.8475795984268188,-1.3746044635772705
TL-22,TL-22.jpg,3,0.3340862989425659,4.678031921386719
TL-23,TL-23.jpg,11,0.8864414095878601,-5.079057216644287
TL-24,TL-24.jpg,8,-0.08670245110988617,4.6407575607299805
TL-25,TL-25.jpg,8,-2.9716622829437256,-0.28761497139930725
TL-26,TL-26.jpg,7,3.4637668132781982,0.08552312850952148
TL-27,TL-27.jpg,3,-2.0837323665618896,1.558674693107605
TL-28,TL-28.jpg,6,-7.766882419586182,0.24585464596748352
TL-29,TL-29.jpg,8,-2.000229835510254,2.7236487865448
TL-30,TL-30.jpg,9,-0.8676976561546326,-2.4944894313812256
TL-31,TL-31.jpg,11,-2.377135753631592,-3.9717109203338623
TL-32,TL-32.jpg,11,-2.9286577701568604,-2.0083208084106445
TL-33,TL-33.jpg,4,0.49593544006347656,5.023674488067627
TL-34,TL-34.jpg,9,0.30101311206817627,-2.7371559143066406
TL-35,TL-35.jpg,2,-4.776462078094482,-2.5384364128112793
TL-36,TL-36.jpg,2,-5.751863956451416,-4.7757158279418945
TL-37,TL-37.jpg,7,3.5218653678894043,-3.0473406314849854
TL-38,TL-38.jpg,2,-4.075963497161865,-1.0655975341796875
TL-39,TL-39.jpg,11,-1.4730442762374878,-3.0545542240142822
TL-40,TL-40.jpg,11,-1.6116281747817993,-6.195897579193115
TL-41,TL-41.jpg,9,3.089478015899658,-0.14695900678634644
TL-42,TL-42.jpg,3,-1.7261006832122803,0.9279716610908508
TL-43,TL-43.jpg,9,0.30101311206817627,-2.7371559143066406
TL-44,TL-44.jpg,5,0.43782222270965576,-6.07034158706665
TL-45,TL-45.jpg,3,-3.142918586730957,3.9492127895355225
TL-46,TL-46.jpg,11,-3.168811321258545,-6.24015998840332
TL-47,TL-47.jpg,11,-0.2899875342845917,-3.646059036254883
TL-48,TL-48.jpg,3,-0.11965551972389221,-6.029407024383545
TL-49,TL-49.jpg,8,-0.2785583436489105,4.461112976074219
TL-50,TL-50.jpg,5,0.7525453567504883,-3.326223134994507
TM-1,TM-1.jpg,2,-6.3748393058776855,-2.8061020374298096
TM-2,TM-2.jpg,3,-1.636702299118042,-3.1640214920043945
TM-3,TM-3.jpg,2,-3.5140106678009033,-3.127366542816162
TM-4,TM-4.jpg,11,-2.5390968322753906,-3.845410108566284
TM-5,TM-5.jpg,10,-4.8607282638549805,6.185308456420898
TM-6,TM-6.jpg,0,5.810924530029297,-1.6592859029769897
TM-7,TM-7.jpg,5,-0.7729405164718628,-1.9354649782180786
TM-8,TM-8.jpg,3,-1.8956791162490845,-1.259419560432434
TM-9,TM-9.jpg,1,6.295350551605225,3.4003002643585205
TM-10,TM-10.jpg,5,0.40485909581184387,-0.7365789413452148
TM-11,TM-11.jpg,6,-5.279872417449951,6.011958599090576
TM-12,TM-12.jpg,11,-1.3863885402679443,-5.9354963302612305
TM-13,TM-13.jpg,9,-2.14731502532959,-2.429314374923706
TM-14,TM-14.jpg,1,6.9110517501831055,0.5291925072669983
TM-15,TM-15.jpg,11,0.9482370018959045,-7.113697052001953
TM-16,TM-16.jpg,2,-3.405503034591675,-3.743459463119507
TM-17,TM-17.jpg,5,-3.8117167949676514,-3.816429615020752
TM-18,TM-18.jpg,1,7.022673606872559,5.380013465881348
TM-19,TM-19.jpg,11,-1.3711328506469727,-2.8743996620178223
TM-20,TM-20.jpg,3,-2.83084774017334,-0.7879768013954163
TM-21,TM-21.jpg,9,1.0349817276000977,0.04235794395208359
TM-22,TM-22.jpg,11,-4.1923828125,-4.297780990600586
TM-23,TM-23.jpg,5,-1.2711440324783325,-4.5162553787231445
TM-24,TM-24.jpg,11,0.6258050203323364,-6.429079532623291
TM-25,TM-25.jpg,2,-3.2983741760253906,-4.0719685554504395
TM-26,TM-26.jpg,9,0.09975022077560425,-0.090081125497818
TM-27,TM-27.jpg,11,-3.038142204284668,-4.9775390625
TM-28,TM-28.jpg,9,1.1717032194137573,-3.5915212631225586
TM-29,TM-29.jpg,5,-0.9779890775680542,-4.069921970367432
TM-30,TM-30.jpg,6,-5.473992824554443,5.611746788024902
TM-31,TM-31.jpg,11,-0.542451798915863,-3.5638983249664307
TM-32,TM-32.jpg,3,1.4583854675292969,1.099502682685852
TM-33,TM-33.jpg,0,3.2567648887634277,-3.7453103065490723
TM-34,TM-34.jpg,7,6.869348049163818,-2.37165904045105
TM-35,TM-35.jpg,4,1.601502776145935,1.655482292175293
TM-36,TM-36.jpg,2,-3.504634141921997,-0.9306497573852539
TM-37,TM-37.jpg,5,0.999790608882904,-0.5609176158905029
TM-38,TM-38.jpg,11,-1.6730879545211792,-6.981931686401367
TM-39,TM-39.jpg,5,-0.43440037965774536,-3.0260608196258545
TM-40,TM-40.jpg,2,-2.6547443866729736,-2.7552895545959473
TM-41,TM-41.jpg,3,3.109090566635132,1.0801697969436646
TM-42,TM-42.jpg,9,0.3272261619567871,-1.9935921430587769
TM-43,TM-43.jpg,11,-0.8468533158302307,-4.908120632171631
TM-44,TM-44.jpg,2,-4.076171875,1.9793835878372192
TM-45,TM-45.jpg,0,2.3577303886413574,-4.910384654998779
TM-46,TM-46.jpg,8,-3.4759809970855713,2.1306490898132324
TM-47,TM-47.jpg,0,3.7772715091705322,-7.7865777015686035
TM-48,TM-48.jpg,5,-0.07663023471832275,-5.732419490814209
TM-49,TM-49.jpg,7,8.726624488830566,1.576891303062439
TM-50,TM-50.jpg,0,2.8324952125549316,-4.687585830688477
TN-1,TN-1.jpg,4,3.314321517944336,1.8684775829315186
TN-2,TN-2.jpg,4,3.314321517944336,1.8684775829315186
TN-3,TN-3.jpg,4,2.0728979110717773,4.022397041320801
TN-4,TN-4.jpg,4,3.314321517944336,1.8684775829315186
TN-5,TN-5.jpg,3,-3.4007325172424316,-0.5723356604576111
TN-6,TN-6.jpg,4,3.0937979221343994,2.6649582386016846
TN-7,TN-7.jpg,3,0.7188457250595093,-0.26927313208580017
TN-8,TN-8.jpg,4,2.5571672916412354,6.574816703796387
TN-9,TN-9.jpg,11,-3.377617359161377,-4.866701602935791
TN-10,TN-10.jpg,2,-2.360995054244995,1.951749563217163
TN-11,TN-11.jpg,4,0.8329018354415894,2.7265443801879883
TN-12,TN-12.jpg,2,-5.92102575302124,-1.956091046333313
TN-13,TN-13.jpg,9,0.4352792203426361,-1.9475016593933105
TN-14,TN-14.jpg,2,-5.000187873840332,0.66998291015625
TN-15,TN-15.jpg,4,3.0106680393218994,4.2869720458984375
TN-16,TN-16.jpg,2,-5.000187873840332,0.66998291015625
TN-17,TN-17.jpg,4,1.7798408269882202,3.08469557762146
TN-18,TN-18.jpg,3,-4.521696090698242,0.9924648404121399
TN-19,TN-19.jpg,8,0.28629836440086365,2.74178409576416
TN-20,TN-20.jpg,4,3.4186511039733887,1.2584526538848877
TN-21,TN-21.jpg,3,0.6144943833351135,7.6058244705200195
TN-22,TN-22.jpg,4,4.125514984130859,6.550570011138916
TN-23,TN-23.jpg,4,4.336877346038818,0.06979116797447205
TN-24,TN-24.jpg,9,2.8745031356811523,-0.6530560851097107
TN-25,TN-25.jpg,5,1.8044264316558838,-5.493619918823242
TN-26,TN-26.jpg,3,2.8144116401672363,0.7845630645751953
TN-27,TN-27.jpg,9,0.28378012776374817,1.2646719217300415
TN-28,TN-28.jpg,2,-5.000187873840332,0.66998291015625
TN-29,TN-29.jpg,8,-2.4500269889831543,4.201182842254639
TN-30,TN-30.jpg,4,3.0106680393218994,4.2869720458984375
TN-31,TN-31.jpg,4,3.314321517944336,1.8684775829315186
TN-32,TN-32.jpg,2,-6.190699100494385,-1.7597675323486328
TN-33,TN-33.jpg,5,2.6890006065368652,-1.090453028678894
TN-34,TN-34.jpg,9,0.19428493082523346,-2.236795663833618
TN-35,TN-35.jpg,4,3.0106680393218994,4.2869720458984375
TN-36,TN-36.jpg,4,2.0728979110717773,4.022397041320801
TN-37,TN-37.jpg,4,1.6836508512496948,4.970203876495361
TN-38,TN-38.jpg,9,-0.4336791932582855,1.1330900192260742
TN-39,TN-39.jpg,7,7.610922813415527,-2.8228464126586914
TN-40,TN-40.jpg,2,-2.541597604751587,1.5904086828231812
TN-41,TN-41.jpg,4,4.189443588256836,0.7856879234313965
TN-42,TN-42.jpg,4,0.8512823581695557,2.2952256202697754
TN-43,TN-43.jpg,3,-1.2964764833450317,-4.73915433883667
TN-44,TN-44.jpg,2,-4.8697123527526855,1.3313210010528564
TN-45,TN-45.jpg,4,3.0106680393218994,4.2869720458984375
TN-46,TN-46.jpg,9,0.3573787212371826,-0.8213468790054321
TN-47,TN-47.jpg,1,8.610013008117676,1.622615933418274
TN-48,TN-48.jpg,7,6.190969944000244,0.6492106914520264
TN-49,TN-49.jpg,4,3.9481704235076904,2.910861015319824
TN-50,TN-50.jpg,9,-0.9332904815673828,-1.8450994491577148
TO-1,TO-1.jpg,9,0.06342210620641708,0.6886857748031616
TO-2,TO-2.jpg,9,0.8616659641265869,-1.359767198562622
TO-3,TO-3.jpg,9,3.0937674045562744,-1.5641734600067139
TO-4,TO-4.jpg,4,5.549437999725342,3.603412628173828
TO-5,TO-5.jpg,9,0.4494229257106781,-2.0409204959869385
TO-6,TO-6.jpg,4,3.3942160606384277,4.81889533996582
TO-7,TO-7.jpg,3,-0.6018688082695007,-0.4909917414188385
TO-8,TO-8.jpg,4,5.210357666015625,4.1732401847839355
TO-9,TO-9.jpg,9,1.7410578727722168,-1.0459986925125122
TO-10,TO-10.jpg,11,-1.101531744003296,-7.476771831512451
TO-11,TO-11.jpg,8,-1.0095579624176025,1.212151288986206
TO-12,TO-12.jpg,9,-2.292693614959717,-1.4845654964447021
TO-13,TO-13.jpg,8,0.7646856307983398,1.8409056663513184
TO-14,TO-14.jpg,6,-9.031450271606445,2.9097492694854736
TO-15,TO-15.jpg,8,-0.7811765670776367,3.6568784713745117
TO-16,TO-16.jpg,6,-5.797215461730957,2.675121545791626
TO-17,TO-17.jpg,9,-0.8669512867927551,-0.25898638367652893
TO-18,TO-18.jpg,4,1.1511476039886475,6.253491401672363
TO-19,TO-19.jpg,9,-0.36297839879989624,-0.7102196216583252
TO-20,TO-20.jpg,2,-5.883465766906738,-3.5191004276275635
TO-21,TO-21.jpg,9,0.11692256480455399,-1.1033421754837036
TO-22,TO-22.jpg,7,3.535325527191162,-1.15404212474823
TO-23,TO-23.jpg,2,-2.2315211296081543,-2.2728631496429443
TO-24,TO-24.jpg,8,-2.5362613201141357,1.9434449672698975
TO-25,TO-25.jpg,9,4.151103973388672,-0.5907590389251709
TO-26,TO-26.jpg,8,-1.3600788116455078,0.8371818661689758
TO-27,TO-27.jpg,9,-0.41003286838531494,-1.3836849927902222
TO-28,TO-28.jpg,11,-0.4168280363082886,-1.0295151472091675
TO-29,TO-29.jpg,9,-1.6389974355697632,-0.5855920910835266
TO-30,TO-30.jpg,8,-0.8995300531387329,2.2625997066497803
TO-31,TO-31.jpg,8,0.035692427307367325,2.514674186706543
TO-32,TO-32.jpg,3,-1.724453091621399,5.994373321533203
TO-33,TO-33.jpg,11,0.06050597503781319,-4.921034812927246
TO-34,TO-34.jpg,9,-0.04705754667520523,0.4674549102783203
TO-35,TO-35.jpg,5,3.0056679248809814,-0.62488853931427
TO-36,TO-36.jpg,9,3.7579193115234375,0.012947037816047668
TO-37,TO-37.jpg,2,-2.5241129398345947,-3.1053454875946045
TO-38,TO-38.jpg,10,-6.529684543609619,5.5583815574646
TO-39,TO-39.jpg,6,-4.989516258239746,3.3933186531066895
TO-40,TO-40.jpg,9,-0.9353390336036682,0.899564802646637
TO-41,TO-41.jpg,8,-4.646736145019531,3.3993585109710693
TO-42,TO-42.jpg,8,0.002709723776206374,4.1190900802612305
TO-43,TO-43.jpg,5,0.17570416629314423,0.3962092995643616
TO-44,TO-44.jpg,4,3.2149946689605713,2.8160316944122314
TO-45,TO-45.jpg,2,-4.355009078979492,-3.1973884105682373
TO-46,TO-46.jpg,3,-3.5105814933776855,1.1994293928146362
TO-47,TO-47.jpg,5,0.02000904642045498,0.1800767481327057
TO-48,TO-48.jpg,2,-3.8224775791168213,-4.360166549682617
TO-49,TO-49.jpg,0,2.5434536933898926,-3.0035300254821777
TO-50,TO-50.jpg,7,6.126561641693115,0.22860418260097504
TR-1,TR-1.jpg,5,-3.376330614089966,-4.03359317779541
TR-2,TR-2.jpg,11,-1.7672064304351807,-2.2917308807373047
TR-3,TR-3.jpg,1,9.214874267578125,2.310270071029663
TR-4,TR-4.jpg,2,-3.4463489055633545,-1.8132940530776978
TR-5,TR-5.jpg,2,-3.7584662437438965,0.19746355712413788
TR-6,TR-6.jpg,2,-1.926325798034668,-2.92729115486145
TR-7,TR-7.jpg,10,-1.0406436920166016,10.500767707824707
TR-8,TR-8.jpg,8,-2.0048341751098633,3.4826500415802
TR-9,TR-9.jpg,1,9.667579650878906,1.4011585712432861
TR-10,TR-10.jpg,1,8.993404388427734,3.2513697147369385
TR-11,TR-11.jpg,2,-5.706289291381836,0.34575894474983215
TR-12,TR-12.jpg,11,2.051528215408325,-9.773368835449219
TR-13,TR-13.jpg,9,-0.22936704754829407,-1.548125982284546
TR-14,TR-14.jpg,9,2.2571284770965576,0.07895663380622864
TR-15,TR-15.jpg,4,-0.7881551384925842,1.9323004484176636
TR-16,TR-16.jpg,10,-4.659435749053955,7.568648338317871
TR-17,TR-17.jpg,9,1.4322105646133423,-3.094620943069458
TR-18,TR-18.jpg,9,-2.3569676876068115,0.031880930066108704
TR-19,TR-19.jpg,4,1.0616588592529297,2.5494484901428223
TR-20,TR-20.jpg,11,-1.1139060258865356,-6.459888458251953
TR-21,TR-21.jpg,7,4.055202960968018,0.8025301694869995
TR-22,TR-22.jpg,3,-1.998382806777954,0.08762794733047485
TR-23,TR-23.jpg,11,1.642675518989563,-6.372241497039795
TR-24,TR-24.jpg,2,-7.775047779083252,-0.022289149463176727
TR-25,TR-25.jpg,9,0.7060234546661377,-1.2325611114501953
TR-26,TR-26.jpg,0,1.636947751045227,-4.4538445472717285
TR-27,TR-27.jpg,4,3.626352548599243,-0.42242345213890076
TR-28,TR-28.jpg,7,4.202476978302002,-0.6558830738067627
TR-29,TR-29.jpg,6,-5.1476922035217285,4.662259578704834
TR-30,TR-30.jpg,1,9.632694244384766,6.218998432159424
TR-31,TR-31.jpg,9,-1.7905423641204834,-0.40943974256515503
TR-32,TR-32.jpg,2,-9.080857276916504,0.9983741641044617
TR-33,TR-33.jpg,11,-2.797159194946289,-3.9486186504364014
TR-34,TR-34.jpg,2,-5.653435230255127,-4.1480607986450195
TR-35,TR-35.jpg,8,-2.8752708435058594,3.1660213470458984
TR-36,TR-36.jpg,2,-5.229323863983154,-2.1512296199798584
TR-37,TR-37.jpg,7,5.243343830108643,-2.491816997528076
TR-38,TR-38.jpg,8,-1.7663558721542358,3.1336264610290527
TR-39,TR-39.jpg,11,-1.1411652565002441,-6.715146541595459
TR-40,TR-40.jpg,4,3.371211528778076,0.8892855644226074
TR-41,TR-41.jpg,9,-1.0902068614959717,0.9371641278266907
TR-42,TR-42.jpg,2,-6.178461074829102,1.971316933631897
TR-43,TR-43.jpg,11,1.911979079246521,-5.426936149597168
TR-44,TR-44.jpg,3,0.5420030951499939,-4.501428604125977
TR-45,TR-45.jpg,9,-0.6037049293518066,0.2634279131889343
TR-46,TR-46.jpg,9,-1.1351572275161743,-1.2674862146377563
TR-47,TR-47.jpg,2,-6.913105010986328,1.152336597442627
TR-48,TR-48.jpg,10,-6.184406280517578,6.179617881774902
TR-49,TR-49.jpg,8,0.7857421636581421,4.647796630859375
TR-50,TR-50.jpg,1,7.393808364868164,8.258554458618164
TT-1,TT-1.jpg,11,1.0353668928146362,-6.91025447845459
TT-2,TT-2.jpg,8,-0.7849442362785339,2.643503427505493
TT-3,TT-3.jpg,9,-1.2323675155639648,-0.03767427057027817
TT-4,TT-4.jpg,8,-1.7764501571655273,6.291374206542969
TT-5,TT-5.jpg,4,3.232945203781128,2.061213970184326
TT-6,TT-6.jpg,9,0.2356886863708496,0.9504371881484985
TT-7,TT-7.jpg,2,-5.749085903167725,-0.3106658160686493
TT-8,TT-8.jpg,2,-7.444478988647461,0.5512763261795044
TT-9,TT-9.jpg,0,4.66634464263916,-2.6311991214752197
TT-10,TT-10.jpg,5,0.1693425476551056,-6.060724258422852
TT-11,TT-11.jpg,8,-2.4414942264556885,0.9362004995346069
TT-12,TT-12.jpg,8,-0.002731426153331995,4.9683003425598145
TT-13,TT-13.jpg,4,4.4207282066345215,1.3332746028900146
TT-14,TT-14.jpg,5,-1.9279686212539673,1.6377074718475342
TT-15,TT-15.jpg,8,1.4475575685501099,1.9960639476776123
TT-16,TT-16.jpg,8,0.6745550632476807,2.8547911643981934
TT-17,TT-17.jpg,6,-5.254068851470947,3.899970531463623
TT-18,TT-18.jpg,11,-6.4860734939575195,-4.093526363372803
TT-19,TT-19.jpg,2,-5.285125255584717,-3.9002938270568848
TT-20,TT-20.jpg,7,7.907665252685547,1.7982228994369507
TT-21,TT-21.jpg,2,-2.9693760871887207,1.7362797260284424
TT-22,TT-22.jpg,11,-1.2724913358688354,-6.030301570892334
TT-23,TT-23.jpg,11,-2.6612942218780518,-4.896234035491943
TT-24,TT-24.jpg,8,-1.0483864545822144,1.3985503911972046
TT-25,TT-25.jpg,2,-5.483829498291016,-2.7983524799346924
TT-26,TT-26.jpg,11,-2.202969551086426,-3.347036361694336
TT-27,TT-27.jpg,0,4.74686861038208,-5.2743401527404785
TT-28,TT-28.jpg,11,-0.7783917188644409,-5.139932155609131
TT-29,TT-29.jpg,2,-2.176227569580078,-3.5210959911346436
TT-30,TT-30.jpg,2,-8.200324058532715,-1.253275752067566
TT-31,TT-31.jpg,5,0.920422375202179,-1.0348618030548096
TT-32,TT-32.jpg,2,-2.9589860439300537,-3.0608627796173096
TT-33,TT-33.jpg,11,-0.07380864769220352,-4.1242899894714355
TT-34,TT-34.jpg,10,0.6369017958641052,8.468496322631836
TT-35,TT-35.jpg,8,-3.017688751220703,1.570648431777954
TT-36,TT-36.jpg,7,6.783818244934082,-3.533149242401123
TT-37,TT-37.jpg,8,-0.5534058809280396,1.5543477535247803
TT-38,TT-38.jpg,7,9.54857063293457,-2.114752769470215
TT-39,TT-39.jpg,2,-3.9583990573883057,-2.787447214126587
TT-40,TT-40.jpg,10,-0.6354036331176758,6.940133571624756
TT-41,TT-41.jpg,4,2.9464707374572754,1.93085777759552
TT-42,TT-42.jpg,2,-3.6309661865234375,0.702930212020874
TT-43,TT-43.jpg,8,1.3937479257583618,5.894149303436279
TT-44,TT-44.jpg,9,-1.6453675031661987,0.6526089906692505
TT-45,TT-45.jpg,8,-1.0031805038452148,2.107490301132202
TT-46,TT-46.jpg,2,-6.648012161254883,-0.3521297872066498
TT-47,TT-47.jpg,5,-2.4534809589385986,-5.646949768066406
TT-48,TT-48.jpg,4,5.009655475616455,3.0869593620300293
TT-49,TT-49.jpg,9,0.9878371953964233,-2.937880516052246
TT-50,TT-50.jpg,8,-1.658593773841858,3.0340378284454346
TV-1,TV-1.jpg,4,3.2830395698547363,0.8666642308235168
TV-2,TV-2.jpg,4,3.8448309898376465,6.0683817863464355
TV-3,TV-3.jpg,9,-1.7254058122634888,-0.29049816727638245
TV-4,TV-4.jpg,4,1.8081343173980713,0.4090212285518646
TV-5,TV-5.jpg,2,-6.545259952545166,-4.03496789932251
TV-6,TV-6.jpg,11,-0.6108548045158386,-6.076213836669922
TV-7,TV-7.jpg,9,-1.7020715475082397,-2.6763839721679688
TV-8,TV-8.jpg,3,0.5706126093864441,-1.4552761316299438
TV-9,TV-9.jpg,0,2.452475070953369,-6.934503078460693
TV-10,TV-10.jpg,9,0.6971884369850159,-2.124397039413452
TV-11,TV-11.jpg,7,8.222212791442871,-1.9757697582244873
TV-12,TV-12.jpg,9,-0.9294007420539856,-1.3028249740600586
TV-13,TV-13.jpg,7,3.9874491691589355,-2.065751314163208
TV-14,TV-14.jpg,11,-3.117424964904785,-5.7034759521484375
TV-15,TV-15.jpg,0,2.1838879585266113,-4.007238864898682
TV-16,TV-16.jpg,2,-2.2596778869628906,-2.109312057495117
TV-17,TV-17.jpg,7,9.565536499023438,-1.8862719535827637
TV-18,TV-18.jpg,6,-9.012048721313477,0.753392219543457
TV-19,TV-19.jpg,11,-5.808841705322266,-6.049763202667236
TV-20,TV-20.jpg,6,-8.59011173248291,3.071791887283325
TV-21,TV-21.jpg,8,-2.0822408199310303,4.307334899902344
TV-22,TV-22.jpg,11,-3.535799980163574,-5.866896152496338
TV-23,TV-23.jpg,11,-1.7977980375289917,-7.371139049530029
TV-24,TV-24.jpg,11,0.019648917019367218,-6.135725021362305
TV-25,TV-25.jpg,11,-3.165371894836426,-4.245222568511963
TV-26,TV-26.jpg,11,-1.4616601467132568,-3.390443801879883
TV-27,TV-27.jpg,9,0.5160551071166992,-3.675657033920288
TV-28,TV-28.jpg,11,-2.802403450012207,-6.003329277038574
TV-29,TV-29.jpg,0,-0.32468381524086,-2.091456413269043
TV-30,TV-30.jpg,4,2.583760976791382,0.8551144003868103
TV-31,TV-31.jpg,11,-3.316856861114502,-6.097527027130127
TV-32,TV-32.jpg,9,-1.70313560962677,-1.9900795221328735
TV-33,TV-33.jpg,9,1.66459321975708,-1.564423680305481
TV-34,TV-34.jpg,9,-0.9862902760505676,-1.7615224123001099
TV-35,TV-35.jpg,4,2.5349957942962646,4.509008407592773
TV-36,TV-36.jpg,8,-0.8467727303504944,0.6483790874481201
TV-37,TV-37.jpg,11,-3.118028163909912,-5.704609394073486
TV-38,TV-38.jpg,0,2.861759901046753,-5.492818355560303
TV-39,TV-39.jpg,9,2.1383767127990723,-2.8272409439086914
TV-40,TV-40.jpg,2,-1.8585292100906372,-2.9186811447143555
TV-41,TV-41.jpg,5,0.38312828540802,1.2646095752716064
TV-42,TV-42.jpg,8,-1.7949670553207397,2.0873160362243652
TV-43,TV-43.jpg,11,-0.3055292069911957,-8.095147132873535
TV-44,TV-44.jpg,8,0.950347363948822,4.529691696166992
TV-45,TV-45.jpg,11,-0.002081762533634901,-6.084117889404297
TV-46,TV-46.jpg,7,9.888713836669922,-1.1744507551193237
TV-47,TV-47.jpg,7,7.370574474334717,2.7419207096099854
TV-48,TV-48.jpg,6,-8.827958106994629,0.8492140173912048
TV-49,TV-49.jpg,5,-0.2013022005558014,0.5807232856750488
TV-50,TV-50.jpg,9,-0.32165461778640747,-1.8622262477874756
TW-1,TW-1.jpg,8,-3.8196053504943848,6.194751262664795
TW-2,TW-2.jpg,1,8.796627044677734,4.892951011657715
TW-3,TW-3.jpg,10,-4.429564952850342,8.580336570739746
TW-4,TW-4.jpg,8,1.334760308265686,2.4865787029266357
TW-5,TW-5.jpg,3,-1.8821028470993042,-3.091181755065918
TW-6,TW-6.jpg,7,4.568964004516602,-0.6610888242721558
TW-7,TW-7.jpg,11,2.343721389770508,-3.929971218109131
TW-8,TW-8.jpg,2,-4.829472064971924,3.2385847568511963
TW-9,TW-9.jpg,2,-5.754016876220703,1.4694725275039673
TW-10,TW-10.jpg,8,-3.241936683654785,3.614152193069458
TW-11,TW-11.jpg,8,-3.716372489929199,4.221815586090088
TW-12,TW-12.jpg,9,-0.527733564376831,-0.8937839269638062
TW-13,TW-13.jpg,11,-3.067545175552368,-8.40596866607666
TW-14,TW-14.jpg,7,7.674428462982178,-2.298940896987915
TW-15,TW-15.jpg,4,2.841590642929077,4.894692420959473
TW-16,TW-16.jpg,2,-8.182062149047852,-2.515207052230835
TW-17,TW-17.jpg,2,-7.513782024383545,-4.3488945960998535
TW-18,TW-18.jpg,9,2.3478617668151855,-1.107426643371582
TW-19,TW-19.jpg,11,-2.9209306240081787,-1.3587502241134644
TW-20,TW-20.jpg,9,0.7381495237350464,-0.6618952751159668
TW-21,TW-21.jpg,3,-2.872623920440674,1.3598172664642334
TW-22,TW-22.jpg,6,-6.8064775466918945,4.838406085968018
TW-23,TW-23.jpg,4,3.289743423461914,4.397474765777588
TW-24,TW-24.jpg,8,-0.8444811701774597,2.037412166595459
TW-25,TW-25.jpg,8,-1.4590712785720825,3.3366241455078125
TW-26,TW-26.jpg,11,1.2992970943450928,-6.1455464363098145
TW-27,TW-27.jpg,11,-2.8727452754974365,-7.197789669036865
TW-28,TW-28.jpg,2,-2.953716516494751,-1.0111854076385498
TW-29,TW-29.jpg,7,5.040037631988525,0.3553564250469208
TW-30,TW-30.jpg,1,8.966816902160645,0.9067999124526978
TW-31,TW-31.jpg,10,-6.232534408569336,6.0401930809021
TW-32,TW-32.jpg,9,-1.454736351966858,0.9133313894271851
TW-33,TW-33.jpg,0,2.7405905723571777,-5.178431034088135
TW-34,TW-34.jpg,4,2.764735221862793,1.35085928440094
TW-35,TW-35.jpg,7,9.911630630493164,-0.7345514297485352
TW-36,TW-36.jpg,8,0.10288029164075851,2.4051802158355713
TW-37,TW-37.jpg,1,8.792489051818848,2.3104708194732666
TW-38,TW-38.jpg,7,5.414654731750488,0.15044145286083221
TW-39,TW-39.jpg,3,3.168882131576538,-0.3288998603820801
TW-40,TW-40.jpg,11,0.17533159255981445,-3.094390392303467
TW-41,TW-41.jpg,9,2.497636079788208,-0.8276072144508362
TW-42,TW-42.jpg,2,-4.8816375732421875,-0.1851593405008316
TW-43,TW-43.jpg,11,-0.7991780638694763,-3.030628204345703
TW-44,TW-44.jpg,1,10.594664573669434,3.388349771499634
TW-45,TW-45.jpg,4,4.797828674316406,1.442543387413025
TW-46,TW-46.jpg,0,1.0227816104888916,-6.415408611297607
TW-47,TW-47.jpg,0,1.5684566497802734,-8.530390739440918
TW-48,TW-48.jpg,7,9.616230010986328,-0.11280754208564758
TW-49,TW-49.jpg,5,4.0834059715271,0.3473995327949524
TW-50,TW-50.jpg,9,-1.7802234888076782,-0.09424515068531036
TZ-1,TZ-1.jpg,9,1.0895988941192627,-2.2824301719665527
TZ-2,TZ-2.jpg,9,-0.5584254264831543,-2.26025390625
TZ-3,TZ-3.jpg,9,-0.2793090343475342,-1.8490451574325562
TZ-4,TZ-4.jpg,4,0.5338925719261169,2.92805814743042
TZ-5,TZ-5.jpg,6,-5.740211009979248,1.4836456775665283
TZ-6,TZ-6.jpg,6,-5.569955348968506,0.8189135789871216
TZ-7,TZ-7.jpg,2,-6.723199367523193,-2.5890214443206787
TZ-8,TZ-8.jpg,6,-7.43831205368042,1.0080124139785767
TZ-9,TZ-9.jpg,2,-5.310088157653809,-0.16184766590595245
TZ-10,TZ-10.jpg,2,-6.935917854309082,1.650444507598877
TZ-11,TZ-11.jpg,8,-3.332943916320801,1.2294162511825562
TZ-12,TZ-12.jpg,8,-3.583218812942505,7.871568202972412
TZ-13,TZ-13.jpg,3,2.4256482124328613,-1.7872233390808105
TZ-14,TZ-14.jpg,9,-2.549748420715332,-1.324252724647522
TZ-15,TZ-15.jpg,0,5.687490940093994,-2.5058517456054688
TZ-16,TZ-16.jpg,4,3.0316011905670166,0.8161972165107727
TZ-17,TZ-17.jpg,9,-0.7171751856803894,-2.784075975418091
TZ-18,TZ-18.jpg,8,0.21008412539958954,3.2276480197906494
TZ-19,TZ-19.jpg,11,0.8446220755577087,-3.0775582790374756
TZ-20,TZ-20.jpg,11,-2.320986032485962,-4.136623382568359
TZ-21,TZ-21.jpg,2,-2.405866861343384,3.769148111343384
TZ-22,TZ-22.jpg,9,2.135467052459717,-2.6256561279296875
TZ-23,TZ-23.jpg,9,-0.6551549434661865,-2.874540090560913
TZ-24,TZ-24.jpg,9,1.61925208568573,-1.919965147972107
TZ-25,TZ-25.jpg,9,2.3450379371643066,0.5987609624862671
TZ-26,TZ-26.jpg,9,0.6066639423370361,-3.3580503463745117
TZ-27,TZ-27.jpg,6,-6.854525566101074,5.191542625427246
TZ-28,TZ-28.jpg,3,-3.109478235244751,1.1000157594680786
TZ-29,TZ-29.jpg,6,-5.599205017089844,1.6094574928283691
TZ-30,TZ-30.jpg,2,-3.205815076828003,-0.9639694690704346
TZ-31,TZ-31.jpg,9,-1.0935529470443726,-0.15061531960964203
TZ-32,TZ-32.jpg,2,-3.0276575088500977,-0.8311015367507935
TZ-33,TZ-33.jpg,8,-1.9926012754440308,-0.6631529927253723
TZ-34,TZ-34.jpg,3,-4.359785556793213,-0.8317330479621887
TZ-35,TZ-35.jpg,4,0.7221137881278992,3.5321927070617676
TZ-36,TZ-36.jpg,9,0.6625464558601379,-2.7932488918304443
TZ-37,TZ-37.jpg,4,0.07230670005083084,3.7301828861236572
TZ-38,TZ-38.jpg,2,-5.376966953277588,-0.6312132477760315
TZ-39,TZ-39.jpg,10,-4.826296806335449,6.908468246459961
TZ-40,TZ-40.jpg,3,-3.109478235244751,1.1000157594680786
TZ-41,TZ-41.jpg,4,-0.592827558517456,4.391493797302246
TZ-42,TZ-42.jpg,7,4.770505905151367,0.7344844341278076
TZ-43,TZ-43.jpg,11,-4.102537155151367,-4.895036697387695
TZ-44,TZ-44.jpg,11,-2.480112075805664,-7.391293048858643
TZ-45,TZ-45.jpg,8,-0.6218063831329346,5.788259506225586
TZ-46,TZ-46.jpg,0,-1.677187204360962,-3.515625
TZ-47,TZ-47.jpg,8,-1.0113017559051514,8.150279998779297
TZ-48,TZ-48.jpg,6,-7.43831205368042,1.0080124139785767
TZ-49,TZ-49.jpg,6,-8.219451904296875,5.785503387451172
TZ-50,TZ-50.jpg,0,1.1763664484024048,-0.6186934113502502
UA-1,UA-1.jpg,11,-0.9975037574768066,-4.999518871307373
UA-2,UA-2.jpg,9,-2.4499969482421875,-0.5193506479263306
UA-3,UA-3.jpg,9,0.505064070224762,-2.195754051208496
UA-4,UA-4.jpg,11,-1.4853547811508179,-5.992921352386475
UA-5,UA-5.jpg,5,-1.4518145322799683,-2.9731175899505615
UA-6,UA-6.jpg,6,-8.52005672454834,4.28673791885376
UA-7,UA-7.jpg,8,-4.334756851196289,4.424283981323242
UA-8,UA-8.jpg,10,-3.298780918121338,5.084571838378906
UA-9,UA-9.jpg,1,8.558993339538574,2.4936554431915283
UA-10,UA-10.jpg,9,2.219858169555664,-2.420539617538452
UA-11,UA-11.jpg,0,2.6012041568756104,0.6961595416069031
UA-12,UA-12.jpg,8,-2.2740707397460938,9.984269142150879
UA-13,UA-13.jpg,3,-4.99373722076416,0.26457008719444275
UA-14,UA-14.jpg,4,3.15753173828125,3.549057960510254
UA-15,UA-15.jpg,0,0.18638038635253906,-5.1977410316467285
UA-16,UA-16.jpg,4,5.413055419921875,1.2312136888504028
UA-17,UA-17.jpg,3,-1.4652180671691895,-4.895650386810303
UA-18,UA-18.jpg,6,-5.831305980682373,3.796935558319092
UA-19,UA-19.jpg,11,-1.4100877046585083,-5.003468036651611
UA-20,UA-20.jpg,2,-6.5913801193237305,-1.0514017343521118
UA-21,UA-21.jpg,11,-1.0906922817230225,-3.4258551597595215
UA-22,UA-22.jpg,11,-1.3147590160369873,-5.904769420623779
UA-23,UA-23.jpg,3,-1.7660285234451294,0.9516375064849854
UA-24,UA-24.jpg,8,-4.402297019958496,0.925579845905304
UA-25,UA-25.jpg,9,1.1923575401306152,-0.4315299987792969
UA-26,UA-26.jpg,4,1.0720616579055786,5.2898077964782715
UA-27,UA-27.jpg,1,6.828348636627197,3.2154598236083984
UA-28,UA-28.jpg,3,-2.4372215270996094,2.2089409828186035
UA-29,UA-29.jpg,7,9.603795051574707,1.9380075931549072
UA-30,UA-30.jpg,11,0.14252348244190216,-6.412937164306641
UA-31,UA-31.jpg,9,1.7734633684158325,-0.09492386877536774
UA-32,UA-32.jpg,11,1.2957020998001099,-8.442682266235352
UA-33,UA-33.jpg,0,2.11631441116333,-2.884058713912964
UA-34,UA-34.jpg,3,2.659162759780884,1.0659915208816528
UA-35,UA-35.jpg,5,0.8845548033714294,-4.02174186706543
UA-36,UA-36.jpg,0,3.832512140274048,-3.265427589416504
UA-37,UA-37.jpg,7,5.688272476196289,-0.9311334490776062
UA-38,UA-38.jpg,7,4.231625080108643,-1.5211042165756226
UA-39,UA-39.jpg,8,-1.918986201286316,2.371760368347168
UA-40,UA-40.jpg,9,1.0970940589904785,-2.4414782524108887
UA-41,UA-41.jpg,3,-1.4981842041015625,-0.41173747181892395
UA-42,UA-42.jpg,6,-7.739135265350342,-0.4255125820636749
UA-43,UA-43.jpg,8,-0.9134896993637085,7.360444068908691
UA-44,UA-44.jpg,8,0.30645397305488586,6.202428817749023
UA-45,UA-45.jpg,2,-2.9019041061401367,-0.4235509932041168
UA-46,UA-46.jpg,0,2.144507884979248,-3.8391435146331787
UA-47,UA-47.jpg,8,-0.5590881705284119,4.258775234222412
UA-48,UA-48.jpg,3,-1.1139726638793945,0.9296701550483704
UA-49,UA-49.jpg,6,-4.174849033355713,4.044401168823242
UA-50,UA-50.jpg,10,-3.5779500007629395,6.554037094116211
UG-1,UG-1.jpg,4,3.7537455558776855,0.19757278263568878
UG-2,UG-2.jpg,6,-6.814927577972412,4.53496789932251
UG-3,UG-3.jpg,9,0.44492414593696594,-0.9487637877464294
UG-4,UG-4.jpg,8,-1.2180500030517578,1.5506541728973389
UG-5,UG-5.jpg,9,0.1989433765411377,-2.1375479698181152
UG-6,UG-6.jpg,4,5.483327388763428,1.0538662672042847
UG-7,UG-7.jpg,8,-1.702475905418396,0.08204329758882523
UG-8,UG-8.jpg,8,-3.0422801971435547,0.5088537931442261
UG-9,UG-9.jpg,4,1.2191145420074463,1.0313001871109009
UG-10,UG-10.jpg,2,-4.620063304901123,-0.8666024208068848
UG-11,UG-11.jpg,4,1.7756644487380981,4.180951118469238
UG-12,UG-12.jpg,11,0.09136804193258286,-3.754380702972412
UG-13,UG-13.jpg,9,1.2224454879760742,-1.3229994773864746
UG-14,UG-14.jpg,9,-0.8585706353187561,-2.0663723945617676
UG-15,UG-15.jpg,9,0.5600594878196716,-2.9562556743621826
UG-16,UG-16.jpg,9,1.2454626560211182,-1.998679518699646
UG-17,UG-17.jpg,9,0.8853744864463806,-0.7840397357940674
UG-18,UG-18.jpg,6,-7.663747310638428,5.2920918464660645
UG-19,UG-19.jpg,9,2.84676456451416,-1.0999341011047363
UG-20,UG-20.jpg,2,-4.0726399421691895,-0.2450437843799591
UG-21,UG-21.jpg,9,-1.2230886220932007,0.29074421525001526
UG-22,UG-22.jpg,0,2.533951997756958,-4.7143096923828125
UG-23,UG-23.jpg,9,1.2241559028625488,-1.3282877206802368
UG-24,UG-24.jpg,9,-0.3762242794036865,-0.18351739645004272
UG-25,UG-25.jpg,11,-1.5178632736206055,-1.8491497039794922
UG-26,UG-26.jpg,11,-2.1728689670562744,-3.4622395038604736
UG-27,UG-27.jpg,9,0.4527713656425476,-2.4452102184295654
UG-28,UG-28.jpg,4,3.2295782566070557,1.8478893041610718
UG-29,UG-29.jpg,11,-2.964606523513794,-3.527470827102661
UG-30,UG-30.jpg,8,-1.8070096969604492,-0.7210777997970581
UG-31,UG-31.jpg,1,11.266365051269531,1.8416707515716553
UG-32,UG-32.jpg,2,-3.0449092388153076,0.7225337028503418
UG-33,UG-33.jpg,6,-5.277271747589111,10.51151180267334
UG-34,UG-34.jpg,4,5.170622825622559,2.9881627559661865
UG-35,UG-35.jpg,9,3.3942668437957764,-2.7661571502685547
UG-36,UG-36.jpg,11,-1.0617120265960693,-4.246715545654297
UG-37,UG-37.jpg,4,-0.14342814683914185,3.428497314453125
UG-38,UG-38.jpg,9,0.24141205847263336,-3.9636917114257812
UG-39,UG-39.jpg,8,-1.6414791345596313,0.543311595916748
UG-40,UG-40.jpg,3,-3.7562780380249023,0.7301086783409119
UG-41,UG-41.jpg,3,-0.03190998360514641,0.1778562366962433
UG-42,UG-42.jpg,8,-1.5808436870574951,1.232097864151001
UG-43,UG-43.jpg,8,-2.04728627204895,2.508471965789795
UG-44,UG-44.jpg,8,-0.3181891143321991,2.3528189659118652
UG-45,UG-45.jpg,0,6.262089729309082,-4.709593772888184
UG-46,UG-46.jpg,6,-5.9844231605529785,2.34431791305542
UG-47,UG-47.jpg,4,2.01344633102417,1.5403412580490112
UG-48,UG-48.jpg,11,-0.038061581552028656,-5.860702991485596
UG-49,UG-49.jpg,11,-4.107024669647217,-4.794312477111816
UG-50,UG-50.jpg,4,1.9550528526306152,4.743997573852539
US-1,US-1.jpg,2,-4.013103008270264,0.06674911081790924
US-2,US-2.jpg,3,3.007028102874756,-2.0394773483276367
US-3,US-3.jpg,4,5.04209041595459,2.900991916656494
US-4,US-4.jpg,11,-1.4542521238327026,-9.641057014465332
US-5,US-5.jpg,4,5.022096157073975,5.521477699279785
US-6,US-6.jpg,4,4.939823627471924,1.7649054527282715
US-7,US-7.jpg,2,-8.242981910705566,0.360528826713562
US-8,US-8.jpg,5,4.054903507232666,-1.8042628765106201
US-9,US-9.jpg,2,-4.59558629989624,-1.0826565027236938
US-10,US-10.jpg,4,1.7268213033676147,8.512163162231445
US-11,US-11.jpg,9,1.8412367105484009,-0.7889161705970764
US-12,US-12.jpg,11,-4.254380702972412,-3.787346363067627
US-13,US-13.jpg,1,8.71478271484375,3.6058647632598877
US-14,US-14.jpg,2,-4.08197021484375,-4.242112159729004
US-15,US-15.jpg,10,-3.373612403869629,10.886417388916016
US-16,US-16.jpg,9,1.5701919794082642,-0.8837254047393799
US-17,US-17.jpg,6,-7.284413814544678,3.0254290103912354
US-18,US-18.jpg,5,0.3403454124927521,-5.90512752532959
US-19,US-19.jpg,4,5.185586452484131,7.168859958648682
US-20,US-20.jpg,4,5.246391773223877,2.354983329772949
US-21,US-21.jpg,11,-1.057145357131958,-3.1187350749969482
US-22,US-22.jpg,8,-1.9585938453674316,1.5769909620285034
US-23,US-23.jpg,2,-4.256686210632324,-1.7644890546798706
US-24,US-24.jpg,5,1.226291537284851,1.7066245079040527
US-25,US-25.jpg,6,-5.9407124519348145,2.3659615516662598
US-26,US-26.jpg,0,-1.169672966003418,-0.5045893788337708
US-27,US-27.jpg,7,5.668808460235596,0.6614745259284973
US-28,US-28.jpg,11,-4.018673419952393,-4.524101257324219
US-29,US-29.jpg,1,8.066723823547363,2.515202760696411
US-30,US-30.jpg,9,-0.6572200655937195,-2.9997618198394775
US-31,US-31.jpg,2,-4.676350116729736,-0.9103354811668396
US-32,US-32.jpg,11,-3.0338215827941895,-8.213920593261719
US-33,US-33.jpg,5,-1.4548149108886719,-2.2570745944976807
US-34,US-34.jpg,3,-1.0449553728103638,2.318676471710205
US-35,US-35.jpg,9,1.542925238609314,-1.009355068206787
US-36,US-36.jpg,0,3.6370577812194824,-2.582162380218506
US-37,US-37.jpg,9,1.116629958152771,-0.8678009510040283
US-38,US-38.jpg,9,-1.937355637550354,-0.7158926129341125
US-39,US-39.jpg,2,-3.115010976791382,0.4431207776069641
US-40,US-40.jpg,9,-1.0518771409988403,-2.2941596508026123
US-41,US-41.jpg,7,6.641912460327148,-0.8193462491035461
US-42,US-42.jpg,6,-7.722889423370361,3.113436222076416
US-43,US-43.jpg,1,11.265536308288574,2.677875518798828
US-44,US-44.jpg,9,0.4824511706829071,1.4883173704147339
US-45,US-45.jpg,8,-1.8431570529937744,1.2608879804611206
US-46,US-46.jpg,10,-3.578242778778076,1.9097936153411865
US-47,US-47.jpg,9,1.989275574684143,2.1886556148529053
US-48,US-48.jpg,3,1.340937614440918,-1.2593592405319214
US-49,US-49.jpg,10,-0.3493630290031433,10.129880905151367
US-50,US-50.jpg,3,-1.4118280410766602,-0.8694901466369629
